Master log: logs/hpt_parallel_20260529_223607.log
Running ALL pending ML-10M configs with 200 workers each
N_TRIALS=150  MAX_USERS=5000


══════════════════════════════════════════════════════════════
  Launching 200 workers: movielens_10m / p5_n1
  Config: configs/movielens_10m.yaml  |  pos≥5 neg≤1
  Total target trials: 150  |  MAX_USERS: 5000
  Workers share: outputs/movielens/10m/tuning/arm_d/pos_ge_5_neg_le_1/study.db
══════════════════════════════════════════════════════════════
  [w1] PID 139140  →  logs/hpt_parallel_20260529_223607_movielens_10m_p5_n1_w1.log
  [w2] PID 139141  →  logs/hpt_parallel_20260529_223607_movielens_10m_p5_n1_w2.log
  [w3] PID 139142  →  logs/hpt_parallel_20260529_223607_movielens_10m_p5_n1_w3.log
  [w4] PID 139143  →  logs/hpt_parallel_20260529_223607_movielens_10m_p5_n1_w4.log
  [w5] PID 139144  →  logs/hpt_parallel_20260529_223607_movielens_10m_p5_n1_w5.log
  [w6] PID 139145  →  logs/hpt_parallel_20260529_223607_movielens_10m_p5_n1_w6.log
  [w7] PID 139146  →  logs/hpt_parallel_20260529_223607_movielens_10m_p5_n1_w7.log
  [w8] PID 139147  →  logs/hpt_parallel_20260529_223607_movielens_10m_p5_n1_w8.log
  [w9] PID 139148  →  logs/hpt_parallel_20260529_223607_movielens_10m_p5_n1_w9.log
  [w10] PID 139149  →  logs/hpt_parallel_20260529_223607_movielens_10m_p5_n1_w10.log
  [w11] PID 139150  →  logs/hpt_parallel_20260529_223607_movielens_10m_p5_n1_w11.log
  [w12] PID 139151  →  logs/hpt_parallel_20260529_223607_movielens_10m_p5_n1_w12.log
  [w13] PID 139152  →  logs/hpt_parallel_20260529_223607_movielens_10m_p5_n1_w13.log
  [w14] PID 139153  →  logs/hpt_parallel_20260529_223607_movielens_10m_p5_n1_w14.log
  [w15] PID 139154  →  logs/hpt_parallel_20260529_223607_movielens_10m_p5_n1_w15.log
  [w16] PID 139155  →  logs/hpt_parallel_20260529_223607_movielens_10m_p5_n1_w16.log
  [w17] PID 139156  →  logs/hpt_parallel_20260529_223607_movielens_10m_p5_n1_w17.log
  [w18] PID 139157  →  logs/hpt_parallel_20260529_223607_movielens_10m_p5_n1_w18.log
  [w19] PID 139158  →  logs/hpt_parallel_20260529_223607_movielens_10m_p5_n1_w19.log
  [w20] PID 139159  →  logs/hpt_parallel_20260529_223607_movielens_10m_p5_n1_w20.log
  [w21] PID 139160  →  logs/hpt_parallel_20260529_223607_movielens_10m_p5_n1_w21.log
  [w22] PID 139161  →  logs/hpt_parallel_20260529_223607_movielens_10m_p5_n1_w22.log
  [w23] PID 139162  →  logs/hpt_parallel_20260529_223607_movielens_10m_p5_n1_w23.log
  [w24] PID 139163  →  logs/hpt_parallel_20260529_223607_movielens_10m_p5_n1_w24.log
  [w25] PID 139164  →  logs/hpt_parallel_20260529_223607_movielens_10m_p5_n1_w25.log
  [w26] PID 139165  →  logs/hpt_parallel_20260529_223607_movielens_10m_p5_n1_w26.log
  [w27] PID 139166  →  logs/hpt_parallel_20260529_223607_movielens_10m_p5_n1_w27.log
  [w28] PID 139167  →  logs/hpt_parallel_20260529_223607_movielens_10m_p5_n1_w28.log
  [w29] PID 139168  →  logs/hpt_parallel_20260529_223607_movielens_10m_p5_n1_w29.log
  [w30] PID 139169  →  logs/hpt_parallel_20260529_223607_movielens_10m_p5_n1_w30.log
  [w31] PID 139170  →  logs/hpt_parallel_20260529_223607_movielens_10m_p5_n1_w31.log
  [w32] PID 139171  →  logs/hpt_parallel_20260529_223607_movielens_10m_p5_n1_w32.log
  [w33] PID 139172  →  logs/hpt_parallel_20260529_223607_movielens_10m_p5_n1_w33.log
  [w34] PID 139173  →  logs/hpt_parallel_20260529_223607_movielens_10m_p5_n1_w34.log
  [w35] PID 139174  →  logs/hpt_parallel_20260529_223607_movielens_10m_p5_n1_w35.log
  [w36] PID 139175  →  logs/hpt_parallel_20260529_223607_movielens_10m_p5_n1_w36.log
  [w37] PID 139176  →  logs/hpt_parallel_20260529_223607_movielens_10m_p5_n1_w37.log
  [w38] PID 139177  →  logs/hpt_parallel_20260529_223607_movielens_10m_p5_n1_w38.log
  [w39] PID 139178  →  logs/hpt_parallel_20260529_223607_movielens_10m_p5_n1_w39.log
  [w40] PID 139179  →  logs/hpt_parallel_20260529_223607_movielens_10m_p5_n1_w40.log
  [w41] PID 139180  →  logs/hpt_parallel_20260529_223607_movielens_10m_p5_n1_w41.log
  [w42] PID 139181  →  logs/hpt_parallel_20260529_223607_movielens_10m_p5_n1_w42.log
  [w43] PID 139182  →  logs/hpt_parallel_20260529_223607_movielens_10m_p5_n1_w43.log
  [w44] PID 139183  →  logs/hpt_parallel_20260529_223607_movielens_10m_p5_n1_w44.log
  [w45] PID 139184  →  logs/hpt_parallel_20260529_223607_movielens_10m_p5_n1_w45.log
  [w46] PID 139185  →  logs/hpt_parallel_20260529_223607_movielens_10m_p5_n1_w46.log
  [w47] PID 139186  →  logs/hpt_parallel_20260529_223607_movielens_10m_p5_n1_w47.log
  [w48] PID 139187  →  logs/hpt_parallel_20260529_223607_movielens_10m_p5_n1_w48.log
  [w49] PID 139188  →  logs/hpt_parallel_20260529_223607_movielens_10m_p5_n1_w49.log
  [w50] PID 139189  →  logs/hpt_parallel_20260529_223607_movielens_10m_p5_n1_w50.log
  [w51] PID 139190  →  logs/hpt_parallel_20260529_223607_movielens_10m_p5_n1_w51.log
  [w52] PID 139191  →  logs/hpt_parallel_20260529_223607_movielens_10m_p5_n1_w52.log
  [w53] PID 139192  →  logs/hpt_parallel_20260529_223607_movielens_10m_p5_n1_w53.log
  [w54] PID 139193  →  logs/hpt_parallel_20260529_223607_movielens_10m_p5_n1_w54.log
  [w55] PID 139194  →  logs/hpt_parallel_20260529_223607_movielens_10m_p5_n1_w55.log
  [w56] PID 139195  →  logs/hpt_parallel_20260529_223607_movielens_10m_p5_n1_w56.log
  [w57] PID 139196  →  logs/hpt_parallel_20260529_223607_movielens_10m_p5_n1_w57.log
  [w58] PID 139197  →  logs/hpt_parallel_20260529_223607_movielens_10m_p5_n1_w58.log
  [w59] PID 139198  →  logs/hpt_parallel_20260529_223607_movielens_10m_p5_n1_w59.log
  [w60] PID 139199  →  logs/hpt_parallel_20260529_223607_movielens_10m_p5_n1_w60.log
  [w61] PID 139200  →  logs/hpt_parallel_20260529_223607_movielens_10m_p5_n1_w61.log
  [w62] PID 139201  →  logs/hpt_parallel_20260529_223607_movielens_10m_p5_n1_w62.log
  [w63] PID 139202  →  logs/hpt_parallel_20260529_223607_movielens_10m_p5_n1_w63.log
  [w64] PID 139203  →  logs/hpt_parallel_20260529_223607_movielens_10m_p5_n1_w64.log
  [w65] PID 139204  →  logs/hpt_parallel_20260529_223607_movielens_10m_p5_n1_w65.log
  [w66] PID 139205  →  logs/hpt_parallel_20260529_223607_movielens_10m_p5_n1_w66.log
  [w67] PID 139206  →  logs/hpt_parallel_20260529_223607_movielens_10m_p5_n1_w67.log
  [w68] PID 139207  →  logs/hpt_parallel_20260529_223607_movielens_10m_p5_n1_w68.log
  [w69] PID 139208  →  logs/hpt_parallel_20260529_223607_movielens_10m_p5_n1_w69.log
  [w70] PID 139209  →  logs/hpt_parallel_20260529_223607_movielens_10m_p5_n1_w70.log
  [w71] PID 139210  →  logs/hpt_parallel_20260529_223607_movielens_10m_p5_n1_w71.log
  [w72] PID 139211  →  logs/hpt_parallel_20260529_223607_movielens_10m_p5_n1_w72.log
  [w73] PID 139212  →  logs/hpt_parallel_20260529_223607_movielens_10m_p5_n1_w73.log
  [w74] PID 139213  →  logs/hpt_parallel_20260529_223607_movielens_10m_p5_n1_w74.log
  [w75] PID 139214  →  logs/hpt_parallel_20260529_223607_movielens_10m_p5_n1_w75.log
  [w76] PID 139215  →  logs/hpt_parallel_20260529_223607_movielens_10m_p5_n1_w76.log
  [w77] PID 139216  →  logs/hpt_parallel_20260529_223607_movielens_10m_p5_n1_w77.log
  [w78] PID 139217  →  logs/hpt_parallel_20260529_223607_movielens_10m_p5_n1_w78.log
  [w79] PID 139218  →  logs/hpt_parallel_20260529_223607_movielens_10m_p5_n1_w79.log
  [w80] PID 139219  →  logs/hpt_parallel_20260529_223607_movielens_10m_p5_n1_w80.log
  [w81] PID 139220  →  logs/hpt_parallel_20260529_223607_movielens_10m_p5_n1_w81.log
  [w82] PID 139221  →  logs/hpt_parallel_20260529_223607_movielens_10m_p5_n1_w82.log
  [w83] PID 139222  →  logs/hpt_parallel_20260529_223607_movielens_10m_p5_n1_w83.log
  [w84] PID 139223  →  logs/hpt_parallel_20260529_223607_movielens_10m_p5_n1_w84.log
  [w85] PID 139224  →  logs/hpt_parallel_20260529_223607_movielens_10m_p5_n1_w85.log
  [w86] PID 139225  →  logs/hpt_parallel_20260529_223607_movielens_10m_p5_n1_w86.log
  [w87] PID 139226  →  logs/hpt_parallel_20260529_223607_movielens_10m_p5_n1_w87.log
  [w88] PID 139227  →  logs/hpt_parallel_20260529_223607_movielens_10m_p5_n1_w88.log
  [w89] PID 139228  →  logs/hpt_parallel_20260529_223607_movielens_10m_p5_n1_w89.log
  [w90] PID 139229  →  logs/hpt_parallel_20260529_223607_movielens_10m_p5_n1_w90.log
  [w91] PID 139230  →  logs/hpt_parallel_20260529_223607_movielens_10m_p5_n1_w91.log
  [w92] PID 139231  →  logs/hpt_parallel_20260529_223607_movielens_10m_p5_n1_w92.log
  [w93] PID 139232  →  logs/hpt_parallel_20260529_223607_movielens_10m_p5_n1_w93.log
  [w94] PID 139233  →  logs/hpt_parallel_20260529_223607_movielens_10m_p5_n1_w94.log
  [w95] PID 139234  →  logs/hpt_parallel_20260529_223607_movielens_10m_p5_n1_w95.log
  [w96] PID 139235  →  logs/hpt_parallel_20260529_223607_movielens_10m_p5_n1_w96.log
  [w97] PID 139236  →  logs/hpt_parallel_20260529_223607_movielens_10m_p5_n1_w97.log
  [w98] PID 139237  →  logs/hpt_parallel_20260529_223607_movielens_10m_p5_n1_w98.log
  [w99] PID 139238  →  logs/hpt_parallel_20260529_223607_movielens_10m_p5_n1_w99.log
  [w100] PID 139239  →  logs/hpt_parallel_20260529_223607_movielens_10m_p5_n1_w100.log
  [w101] PID 139240  →  logs/hpt_parallel_20260529_223607_movielens_10m_p5_n1_w101.log
  [w102] PID 139241  →  logs/hpt_parallel_20260529_223607_movielens_10m_p5_n1_w102.log
  [w103] PID 139242  →  logs/hpt_parallel_20260529_223607_movielens_10m_p5_n1_w103.log
  [w104] PID 139243  →  logs/hpt_parallel_20260529_223607_movielens_10m_p5_n1_w104.log
  [w105] PID 139244  →  logs/hpt_parallel_20260529_223607_movielens_10m_p5_n1_w105.log
  [w106] PID 139245  →  logs/hpt_parallel_20260529_223607_movielens_10m_p5_n1_w106.log
  [w107] PID 139246  →  logs/hpt_parallel_20260529_223607_movielens_10m_p5_n1_w107.log
  [w108] PID 139247  →  logs/hpt_parallel_20260529_223607_movielens_10m_p5_n1_w108.log
  [w109] PID 139248  →  logs/hpt_parallel_20260529_223607_movielens_10m_p5_n1_w109.log
  [w110] PID 139249  →  logs/hpt_parallel_20260529_223607_movielens_10m_p5_n1_w110.log
  [w111] PID 139250  →  logs/hpt_parallel_20260529_223607_movielens_10m_p5_n1_w111.log
  [w112] PID 139251  →  logs/hpt_parallel_20260529_223607_movielens_10m_p5_n1_w112.log
  [w113] PID 139252  →  logs/hpt_parallel_20260529_223607_movielens_10m_p5_n1_w113.log
  [w114] PID 139253  →  logs/hpt_parallel_20260529_223607_movielens_10m_p5_n1_w114.log
  [w115] PID 139254  →  logs/hpt_parallel_20260529_223607_movielens_10m_p5_n1_w115.log
  [w116] PID 139255  →  logs/hpt_parallel_20260529_223607_movielens_10m_p5_n1_w116.log
  [w117] PID 139256  →  logs/hpt_parallel_20260529_223607_movielens_10m_p5_n1_w117.log
  [w118] PID 139257  →  logs/hpt_parallel_20260529_223607_movielens_10m_p5_n1_w118.log
  [w119] PID 139258  →  logs/hpt_parallel_20260529_223607_movielens_10m_p5_n1_w119.log
  [w120] PID 139259  →  logs/hpt_parallel_20260529_223607_movielens_10m_p5_n1_w120.log
  [w121] PID 139260  →  logs/hpt_parallel_20260529_223607_movielens_10m_p5_n1_w121.log
  [w122] PID 139261  →  logs/hpt_parallel_20260529_223607_movielens_10m_p5_n1_w122.log
  [w123] PID 139262  →  logs/hpt_parallel_20260529_223607_movielens_10m_p5_n1_w123.log
  [w124] PID 139263  →  logs/hpt_parallel_20260529_223607_movielens_10m_p5_n1_w124.log
  [w125] PID 139264  →  logs/hpt_parallel_20260529_223607_movielens_10m_p5_n1_w125.log
  [w126] PID 139265  →  logs/hpt_parallel_20260529_223607_movielens_10m_p5_n1_w126.log
  [w127] PID 139266  →  logs/hpt_parallel_20260529_223607_movielens_10m_p5_n1_w127.log
  [w128] PID 139267  →  logs/hpt_parallel_20260529_223607_movielens_10m_p5_n1_w128.log
  [w129] PID 139268  →  logs/hpt_parallel_20260529_223607_movielens_10m_p5_n1_w129.log
  [w130] PID 139269  →  logs/hpt_parallel_20260529_223607_movielens_10m_p5_n1_w130.log
  [w131] PID 139270  →  logs/hpt_parallel_20260529_223607_movielens_10m_p5_n1_w131.log
  [w132] PID 139271  →  logs/hpt_parallel_20260529_223607_movielens_10m_p5_n1_w132.log
  [w133] PID 139272  →  logs/hpt_parallel_20260529_223607_movielens_10m_p5_n1_w133.log
  [w134] PID 139273  →  logs/hpt_parallel_20260529_223607_movielens_10m_p5_n1_w134.log
  [w135] PID 139274  →  logs/hpt_parallel_20260529_223607_movielens_10m_p5_n1_w135.log
  [w136] PID 139275  →  logs/hpt_parallel_20260529_223607_movielens_10m_p5_n1_w136.log
  [w137] PID 139276  →  logs/hpt_parallel_20260529_223607_movielens_10m_p5_n1_w137.log
  [w138] PID 139277  →  logs/hpt_parallel_20260529_223607_movielens_10m_p5_n1_w138.log
  [w139] PID 139278  →  logs/hpt_parallel_20260529_223607_movielens_10m_p5_n1_w139.log
  [w140] PID 139279  →  logs/hpt_parallel_20260529_223607_movielens_10m_p5_n1_w140.log
  [w141] PID 139280  →  logs/hpt_parallel_20260529_223607_movielens_10m_p5_n1_w141.log
  [w142] PID 139281  →  logs/hpt_parallel_20260529_223607_movielens_10m_p5_n1_w142.log
  [w143] PID 139282  →  logs/hpt_parallel_20260529_223607_movielens_10m_p5_n1_w143.log
  [w144] PID 139283  →  logs/hpt_parallel_20260529_223607_movielens_10m_p5_n1_w144.log
  [w145] PID 139284  →  logs/hpt_parallel_20260529_223607_movielens_10m_p5_n1_w145.log
  [w146] PID 139285  →  logs/hpt_parallel_20260529_223607_movielens_10m_p5_n1_w146.log
  [w147] PID 139286  →  logs/hpt_parallel_20260529_223607_movielens_10m_p5_n1_w147.log
  [w148] PID 139287  →  logs/hpt_parallel_20260529_223607_movielens_10m_p5_n1_w148.log
  [w149] PID 139288  →  logs/hpt_parallel_20260529_223607_movielens_10m_p5_n1_w149.log
  [w150] PID 139289  →  logs/hpt_parallel_20260529_223607_movielens_10m_p5_n1_w150.log
  [w151] PID 139290  →  logs/hpt_parallel_20260529_223607_movielens_10m_p5_n1_w151.log
  [w152] PID 139291  →  logs/hpt_parallel_20260529_223607_movielens_10m_p5_n1_w152.log
  [w153] PID 139292  →  logs/hpt_parallel_20260529_223607_movielens_10m_p5_n1_w153.log
  [w154] PID 139293  →  logs/hpt_parallel_20260529_223607_movielens_10m_p5_n1_w154.log
  [w155] PID 139294  →  logs/hpt_parallel_20260529_223607_movielens_10m_p5_n1_w155.log
  [w156] PID 139295  →  logs/hpt_parallel_20260529_223607_movielens_10m_p5_n1_w156.log
  [w157] PID 139296  →  logs/hpt_parallel_20260529_223607_movielens_10m_p5_n1_w157.log
  [w158] PID 139297  →  logs/hpt_parallel_20260529_223607_movielens_10m_p5_n1_w158.log
  [w159] PID 139298  →  logs/hpt_parallel_20260529_223607_movielens_10m_p5_n1_w159.log
  [w160] PID 139299  →  logs/hpt_parallel_20260529_223607_movielens_10m_p5_n1_w160.log
  [w161] PID 139300  →  logs/hpt_parallel_20260529_223607_movielens_10m_p5_n1_w161.log
  [w162] PID 139301  →  logs/hpt_parallel_20260529_223607_movielens_10m_p5_n1_w162.log
  [w163] PID 139302  →  logs/hpt_parallel_20260529_223607_movielens_10m_p5_n1_w163.log
  [w164] PID 139303  →  logs/hpt_parallel_20260529_223607_movielens_10m_p5_n1_w164.log
  [w165] PID 139304  →  logs/hpt_parallel_20260529_223607_movielens_10m_p5_n1_w165.log
  [w166] PID 139305  →  logs/hpt_parallel_20260529_223607_movielens_10m_p5_n1_w166.log
  [w167] PID 139306  →  logs/hpt_parallel_20260529_223607_movielens_10m_p5_n1_w167.log
  [w168] PID 139307  →  logs/hpt_parallel_20260529_223607_movielens_10m_p5_n1_w168.log
  [w169] PID 139308  →  logs/hpt_parallel_20260529_223607_movielens_10m_p5_n1_w169.log
  [w170] PID 139309  →  logs/hpt_parallel_20260529_223607_movielens_10m_p5_n1_w170.log
  [w171] PID 139310  →  logs/hpt_parallel_20260529_223607_movielens_10m_p5_n1_w171.log
  [w172] PID 139311  →  logs/hpt_parallel_20260529_223607_movielens_10m_p5_n1_w172.log
  [w173] PID 139312  →  logs/hpt_parallel_20260529_223607_movielens_10m_p5_n1_w173.log
  [w174] PID 139313  →  logs/hpt_parallel_20260529_223607_movielens_10m_p5_n1_w174.log
  [w175] PID 139314  →  logs/hpt_parallel_20260529_223607_movielens_10m_p5_n1_w175.log
  [w176] PID 139315  →  logs/hpt_parallel_20260529_223607_movielens_10m_p5_n1_w176.log
  [w177] PID 139316  →  logs/hpt_parallel_20260529_223607_movielens_10m_p5_n1_w177.log
  [w178] PID 139317  →  logs/hpt_parallel_20260529_223607_movielens_10m_p5_n1_w178.log
  [w179] PID 139318  →  logs/hpt_parallel_20260529_223607_movielens_10m_p5_n1_w179.log
  [w180] PID 139319  →  logs/hpt_parallel_20260529_223607_movielens_10m_p5_n1_w180.log
  [w181] PID 139320  →  logs/hpt_parallel_20260529_223607_movielens_10m_p5_n1_w181.log
  [w182] PID 139321  →  logs/hpt_parallel_20260529_223607_movielens_10m_p5_n1_w182.log
  [w183] PID 139322  →  logs/hpt_parallel_20260529_223607_movielens_10m_p5_n1_w183.log
  [w184] PID 139323  →  logs/hpt_parallel_20260529_223607_movielens_10m_p5_n1_w184.log
  [w185] PID 139324  →  logs/hpt_parallel_20260529_223607_movielens_10m_p5_n1_w185.log
  [w186] PID 139325  →  logs/hpt_parallel_20260529_223607_movielens_10m_p5_n1_w186.log
  [w187] PID 139327  →  logs/hpt_parallel_20260529_223607_movielens_10m_p5_n1_w187.log
  [w188] PID 139328  →  logs/hpt_parallel_20260529_223607_movielens_10m_p5_n1_w188.log
  [w189] PID 139329  →  logs/hpt_parallel_20260529_223607_movielens_10m_p5_n1_w189.log
  [w190] PID 139330  →  logs/hpt_parallel_20260529_223607_movielens_10m_p5_n1_w190.log
  [w191] PID 139331  →  logs/hpt_parallel_20260529_223607_movielens_10m_p5_n1_w191.log
  [w192] PID 139337  →  logs/hpt_parallel_20260529_223607_movielens_10m_p5_n1_w192.log
  [w193] PID 139338  →  logs/hpt_parallel_20260529_223607_movielens_10m_p5_n1_w193.log
  [w194] PID 139339  →  logs/hpt_parallel_20260529_223607_movielens_10m_p5_n1_w194.log
  [w195] PID 139340  →  logs/hpt_parallel_20260529_223607_movielens_10m_p5_n1_w195.log
  [w196] PID 139342  →  logs/hpt_parallel_20260529_223607_movielens_10m_p5_n1_w196.log
  [w197] PID 139343  →  logs/hpt_parallel_20260529_223607_movielens_10m_p5_n1_w197.log
  [w198] PID 139344  →  logs/hpt_parallel_20260529_223607_movielens_10m_p5_n1_w198.log
  [w199] PID 139345  →  logs/hpt_parallel_20260529_223607_movielens_10m_p5_n1_w199.log
  [w200] PID 139348  →  logs/hpt_parallel_20260529_223607_movielens_10m_p5_n1_w200.log
  Waiting for all 200 workers to finish...
./run_hpt_parallel.sh: line 111: 139140 Killed                  nohup python scripts/run_hyperparameter_tuning.py --config "$cfg" --arm d --threshold "$pos" --neg_threshold "$neg" --n_trials "$n_trials" --max_users "$MAX_USERS" --overwrite > "$wlog" 2>&1
./run_hpt_parallel.sh: line 111: 139143 Killed                  nohup python scripts/run_hyperparameter_tuning.py --config "$cfg" --arm d --threshold "$pos" --neg_threshold "$neg" --n_trials "$n_trials" --max_users "$MAX_USERS" --overwrite > "$wlog" 2>&1
./run_hpt_parallel.sh: line 111: 139145 Killed                  nohup python scripts/run_hyperparameter_tuning.py --config "$cfg" --arm d --threshold "$pos" --neg_threshold "$neg" --n_trials "$n_trials" --max_users "$MAX_USERS" --overwrite > "$wlog" 2>&1
./run_hpt_parallel.sh: line 111: 139146 Killed                  nohup python scripts/run_hyperparameter_tuning.py --config "$cfg" --arm d --threshold "$pos" --neg_threshold "$neg" --n_trials "$n_trials" --max_users "$MAX_USERS" --overwrite > "$wlog" 2>&1
./run_hpt_parallel.sh: line 111: 139149 Killed                  nohup python scripts/run_hyperparameter_tuning.py --config "$cfg" --arm d --threshold "$pos" --neg_threshold "$neg" --n_trials "$n_trials" --max_users "$MAX_USERS" --overwrite > "$wlog" 2>&1
./run_hpt_parallel.sh: line 111: 139150 Killed                  nohup python scripts/run_hyperparameter_tuning.py --config "$cfg" --arm d --threshold "$pos" --neg_threshold "$neg" --n_trials "$n_trials" --max_users "$MAX_USERS" --overwrite > "$wlog" 2>&1
./run_hpt_parallel.sh: line 111: 139151 Killed                  nohup python scripts/run_hyperparameter_tuning.py --config "$cfg" --arm d --threshold "$pos" --neg_threshold "$neg" --n_trials "$n_trials" --max_users "$MAX_USERS" --overwrite > "$wlog" 2>&1
./run_hpt_parallel.sh: line 111: 139152 Killed                  nohup python scripts/run_hyperparameter_tuning.py --config "$cfg" --arm d --threshold "$pos" --neg_threshold "$neg" --n_trials "$n_trials" --max_users "$MAX_USERS" --overwrite > "$wlog" 2>&1
./run_hpt_parallel.sh: line 111: 139156 Killed                  nohup python scripts/run_hyperparameter_tuning.py --config "$cfg" --arm d --threshold "$pos" --neg_threshold "$neg" --n_trials "$n_trials" --max_users "$MAX_USERS" --overwrite > "$wlog" 2>&1
./run_hpt_parallel.sh: line 111: 139159 Killed                  nohup python scripts/run_hyperparameter_tuning.py --config "$cfg" --arm d --threshold "$pos" --neg_threshold "$neg" --n_trials "$n_trials" --max_users "$MAX_USERS" --overwrite > "$wlog" 2>&1
./run_hpt_parallel.sh: line 111: 139160 Killed                  nohup python scripts/run_hyperparameter_tuning.py --config "$cfg" --arm d --threshold "$pos" --neg_threshold "$neg" --n_trials "$n_trials" --max_users "$MAX_USERS" --overwrite > "$wlog" 2>&1
./run_hpt_parallel.sh: line 111: 139163 Killed                  nohup python scripts/run_hyperparameter_tuning.py --config "$cfg" --arm d --threshold "$pos" --neg_threshold "$neg" --n_trials "$n_trials" --max_users "$MAX_USERS" --overwrite > "$wlog" 2>&1
./run_hpt_parallel.sh: line 111: 139164 Killed                  nohup python scripts/run_hyperparameter_tuning.py --config "$cfg" --arm d --threshold "$pos" --neg_threshold "$neg" --n_trials "$n_trials" --max_users "$MAX_USERS" --overwrite > "$wlog" 2>&1
./run_hpt_parallel.sh: line 111: 139165 Killed                  nohup python scripts/run_hyperparameter_tuning.py --config "$cfg" --arm d --threshold "$pos" --neg_threshold "$neg" --n_trials "$n_trials" --max_users "$MAX_USERS" --overwrite > "$wlog" 2>&1
./run_hpt_parallel.sh: line 111: 139166 Killed                  nohup python scripts/run_hyperparameter_tuning.py --config "$cfg" --arm d --threshold "$pos" --neg_threshold "$neg" --n_trials "$n_trials" --max_users "$MAX_USERS" --overwrite > "$wlog" 2>&1
./run_hpt_parallel.sh: line 111: 139170 Killed                  nohup python scripts/run_hyperparameter_tuning.py --config "$cfg" --arm d --threshold "$pos" --neg_threshold "$neg" --n_trials "$n_trials" --max_users "$MAX_USERS" --overwrite > "$wlog" 2>&1
./run_hpt_parallel.sh: line 111: 139171 Killed                  nohup python scripts/run_hyperparameter_tuning.py --config "$cfg" --arm d --threshold "$pos" --neg_threshold "$neg" --n_trials "$n_trials" --max_users "$MAX_USERS" --overwrite > "$wlog" 2>&1
./run_hpt_parallel.sh: line 111: 139172 Killed                  nohup python scripts/run_hyperparameter_tuning.py --config "$cfg" --arm d --threshold "$pos" --neg_threshold "$neg" --n_trials "$n_trials" --max_users "$MAX_USERS" --overwrite > "$wlog" 2>&1
./run_hpt_parallel.sh: line 111: 139175 Killed                  nohup python scripts/run_hyperparameter_tuning.py --config "$cfg" --arm d --threshold "$pos" --neg_threshold "$neg" --n_trials "$n_trials" --max_users "$MAX_USERS" --overwrite > "$wlog" 2>&1
./run_hpt_parallel.sh: line 111: 139176 Killed                  nohup python scripts/run_hyperparameter_tuning.py --config "$cfg" --arm d --threshold "$pos" --neg_threshold "$neg" --n_trials "$n_trials" --max_users "$MAX_USERS" --overwrite > "$wlog" 2>&1
./run_hpt_parallel.sh: line 111: 139180 Killed                  nohup python scripts/run_hyperparameter_tuning.py --config "$cfg" --arm d --threshold "$pos" --neg_threshold "$neg" --n_trials "$n_trials" --max_users "$MAX_USERS" --overwrite > "$wlog" 2>&1
./run_hpt_parallel.sh: line 111: 139183 Killed                  nohup python scripts/run_hyperparameter_tuning.py --config "$cfg" --arm d --threshold "$pos" --neg_threshold "$neg" --n_trials "$n_trials" --max_users "$MAX_USERS" --overwrite > "$wlog" 2>&1
./run_hpt_parallel.sh: line 111: 139184 Killed                  nohup python scripts/run_hyperparameter_tuning.py --config "$cfg" --arm d --threshold "$pos" --neg_threshold "$neg" --n_trials "$n_trials" --max_users "$MAX_USERS" --overwrite > "$wlog" 2>&1
./run_hpt_parallel.sh: line 111: 139185 Killed                  nohup python scripts/run_hyperparameter_tuning.py --config "$cfg" --arm d --threshold "$pos" --neg_threshold "$neg" --n_trials "$n_trials" --max_users "$MAX_USERS" --overwrite > "$wlog" 2>&1
./run_hpt_parallel.sh: line 111: 139187 Killed                  nohup python scripts/run_hyperparameter_tuning.py --config "$cfg" --arm d --threshold "$pos" --neg_threshold "$neg" --n_trials "$n_trials" --max_users "$MAX_USERS" --overwrite > "$wlog" 2>&1
./run_hpt_parallel.sh: line 111: 139188 Killed                  nohup python scripts/run_hyperparameter_tuning.py --config "$cfg" --arm d --threshold "$pos" --neg_threshold "$neg" --n_trials "$n_trials" --max_users "$MAX_USERS" --overwrite > "$wlog" 2>&1
./run_hpt_parallel.sh: line 111: 139192 Killed                  nohup python scripts/run_hyperparameter_tuning.py --config "$cfg" --arm d --threshold "$pos" --neg_threshold "$neg" --n_trials "$n_trials" --max_users "$MAX_USERS" --overwrite > "$wlog" 2>&1
./run_hpt_parallel.sh: line 111: 139193 Killed                  nohup python scripts/run_hyperparameter_tuning.py --config "$cfg" --arm d --threshold "$pos" --neg_threshold "$neg" --n_trials "$n_trials" --max_users "$MAX_USERS" --overwrite > "$wlog" 2>&1
./run_hpt_parallel.sh: line 111: 139198 Killed                  nohup python scripts/run_hyperparameter_tuning.py --config "$cfg" --arm d --threshold "$pos" --neg_threshold "$neg" --n_trials "$n_trials" --max_users "$MAX_USERS" --overwrite > "$wlog" 2>&1
./run_hpt_parallel.sh: line 111: 139200 Killed                  nohup python scripts/run_hyperparameter_tuning.py --config "$cfg" --arm d --threshold "$pos" --neg_threshold "$neg" --n_trials "$n_trials" --max_users "$MAX_USERS" --overwrite > "$wlog" 2>&1
./run_hpt_parallel.sh: line 111: 139202 Killed                  nohup python scripts/run_hyperparameter_tuning.py --config "$cfg" --arm d --threshold "$pos" --neg_threshold "$neg" --n_trials "$n_trials" --max_users "$MAX_USERS" --overwrite > "$wlog" 2>&1
./run_hpt_parallel.sh: line 111: 139205 Killed                  nohup python scripts/run_hyperparameter_tuning.py --config "$cfg" --arm d --threshold "$pos" --neg_threshold "$neg" --n_trials "$n_trials" --max_users "$MAX_USERS" --overwrite > "$wlog" 2>&1
./run_hpt_parallel.sh: line 111: 139207 Killed                  nohup python scripts/run_hyperparameter_tuning.py --config "$cfg" --arm d --threshold "$pos" --neg_threshold "$neg" --n_trials "$n_trials" --max_users "$MAX_USERS" --overwrite > "$wlog" 2>&1
./run_hpt_parallel.sh: line 111: 139208 Killed                  nohup python scripts/run_hyperparameter_tuning.py --config "$cfg" --arm d --threshold "$pos" --neg_threshold "$neg" --n_trials "$n_trials" --max_users "$MAX_USERS" --overwrite > "$wlog" 2>&1
./run_hpt_parallel.sh: line 111: 139218 Killed                  nohup python scripts/run_hyperparameter_tuning.py --config "$cfg" --arm d --threshold "$pos" --neg_threshold "$neg" --n_trials "$n_trials" --max_users "$MAX_USERS" --overwrite > "$wlog" 2>&1
./run_hpt_parallel.sh: line 111: 139222 Killed                  nohup python scripts/run_hyperparameter_tuning.py --config "$cfg" --arm d --threshold "$pos" --neg_threshold "$neg" --n_trials "$n_trials" --max_users "$MAX_USERS" --overwrite > "$wlog" 2>&1
./run_hpt_parallel.sh: line 111: 139225 Killed                  nohup python scripts/run_hyperparameter_tuning.py --config "$cfg" --arm d --threshold "$pos" --neg_threshold "$neg" --n_trials "$n_trials" --max_users "$MAX_USERS" --overwrite > "$wlog" 2>&1
./run_hpt_parallel.sh: line 111: 139227 Killed                  nohup python scripts/run_hyperparameter_tuning.py --config "$cfg" --arm d --threshold "$pos" --neg_threshold "$neg" --n_trials "$n_trials" --max_users "$MAX_USERS" --overwrite > "$wlog" 2>&1
./run_hpt_parallel.sh: line 111: 139228 Killed                  nohup python scripts/run_hyperparameter_tuning.py --config "$cfg" --arm d --threshold "$pos" --neg_threshold "$neg" --n_trials "$n_trials" --max_users "$MAX_USERS" --overwrite > "$wlog" 2>&1
./run_hpt_parallel.sh: line 111: 139229 Killed                  nohup python scripts/run_hyperparameter_tuning.py --config "$cfg" --arm d --threshold "$pos" --neg_threshold "$neg" --n_trials "$n_trials" --max_users "$MAX_USERS" --overwrite > "$wlog" 2>&1
./run_hpt_parallel.sh: line 111: 139230 Killed                  nohup python scripts/run_hyperparameter_tuning.py --config "$cfg" --arm d --threshold "$pos" --neg_threshold "$neg" --n_trials "$n_trials" --max_users "$MAX_USERS" --overwrite > "$wlog" 2>&1
./run_hpt_parallel.sh: line 111: 139231 Killed                  nohup python scripts/run_hyperparameter_tuning.py --config "$cfg" --arm d --threshold "$pos" --neg_threshold "$neg" --n_trials "$n_trials" --max_users "$MAX_USERS" --overwrite > "$wlog" 2>&1
./run_hpt_parallel.sh: line 111: 139233 Killed                  nohup python scripts/run_hyperparameter_tuning.py --config "$cfg" --arm d --threshold "$pos" --neg_threshold "$neg" --n_trials "$n_trials" --max_users "$MAX_USERS" --overwrite > "$wlog" 2>&1
./run_hpt_parallel.sh: line 111: 139240 Killed                  nohup python scripts/run_hyperparameter_tuning.py --config "$cfg" --arm d --threshold "$pos" --neg_threshold "$neg" --n_trials "$n_trials" --max_users "$MAX_USERS" --overwrite > "$wlog" 2>&1
./run_hpt_parallel.sh: line 111: 139242 Killed                  nohup python scripts/run_hyperparameter_tuning.py --config "$cfg" --arm d --threshold "$pos" --neg_threshold "$neg" --n_trials "$n_trials" --max_users "$MAX_USERS" --overwrite > "$wlog" 2>&1
./run_hpt_parallel.sh: line 111: 139243 Killed                  nohup python scripts/run_hyperparameter_tuning.py --config "$cfg" --arm d --threshold "$pos" --neg_threshold "$neg" --n_trials "$n_trials" --max_users "$MAX_USERS" --overwrite > "$wlog" 2>&1
./run_hpt_parallel.sh: line 111: 139247 Killed                  nohup python scripts/run_hyperparameter_tuning.py --config "$cfg" --arm d --threshold "$pos" --neg_threshold "$neg" --n_trials "$n_trials" --max_users "$MAX_USERS" --overwrite > "$wlog" 2>&1
./run_hpt_parallel.sh: line 111: 139250 Killed                  nohup python scripts/run_hyperparameter_tuning.py --config "$cfg" --arm d --threshold "$pos" --neg_threshold "$neg" --n_trials "$n_trials" --max_users "$MAX_USERS" --overwrite > "$wlog" 2>&1
./run_hpt_parallel.sh: line 111: 139251 Killed                  nohup python scripts/run_hyperparameter_tuning.py --config "$cfg" --arm d --threshold "$pos" --neg_threshold "$neg" --n_trials "$n_trials" --max_users "$MAX_USERS" --overwrite > "$wlog" 2>&1
./run_hpt_parallel.sh: line 111: 139253 Killed                  nohup python scripts/run_hyperparameter_tuning.py --config "$cfg" --arm d --threshold "$pos" --neg_threshold "$neg" --n_trials "$n_trials" --max_users "$MAX_USERS" --overwrite > "$wlog" 2>&1
./run_hpt_parallel.sh: line 111: 139257 Killed                  nohup python scripts/run_hyperparameter_tuning.py --config "$cfg" --arm d --threshold "$pos" --neg_threshold "$neg" --n_trials "$n_trials" --max_users "$MAX_USERS" --overwrite > "$wlog" 2>&1
./run_hpt_parallel.sh: line 111: 139264 Killed                  nohup python scripts/run_hyperparameter_tuning.py --config "$cfg" --arm d --threshold "$pos" --neg_threshold "$neg" --n_trials "$n_trials" --max_users "$MAX_USERS" --overwrite > "$wlog" 2>&1
./run_hpt_parallel.sh: line 111: 139268 Killed                  nohup python scripts/run_hyperparameter_tuning.py --config "$cfg" --arm d --threshold "$pos" --neg_threshold "$neg" --n_trials "$n_trials" --max_users "$MAX_USERS" --overwrite > "$wlog" 2>&1
./run_hpt_parallel.sh: line 111: 139276 Killed                  nohup python scripts/run_hyperparameter_tuning.py --config "$cfg" --arm d --threshold "$pos" --neg_threshold "$neg" --n_trials "$n_trials" --max_users "$MAX_USERS" --overwrite > "$wlog" 2>&1
./run_hpt_parallel.sh: line 111: 139278 Killed                  nohup python scripts/run_hyperparameter_tuning.py --config "$cfg" --arm d --threshold "$pos" --neg_threshold "$neg" --n_trials "$n_trials" --max_users "$MAX_USERS" --overwrite > "$wlog" 2>&1
./run_hpt_parallel.sh: line 111: 139282 Killed                  nohup python scripts/run_hyperparameter_tuning.py --config "$cfg" --arm d --threshold "$pos" --neg_threshold "$neg" --n_trials "$n_trials" --max_users "$MAX_USERS" --overwrite > "$wlog" 2>&1
./run_hpt_parallel.sh: line 111: 139283 Killed                  nohup python scripts/run_hyperparameter_tuning.py --config "$cfg" --arm d --threshold "$pos" --neg_threshold "$neg" --n_trials "$n_trials" --max_users "$MAX_USERS" --overwrite > "$wlog" 2>&1
./run_hpt_parallel.sh: line 111: 139284 Killed                  nohup python scripts/run_hyperparameter_tuning.py --config "$cfg" --arm d --threshold "$pos" --neg_threshold "$neg" --n_trials "$n_trials" --max_users "$MAX_USERS" --overwrite > "$wlog" 2>&1
./run_hpt_parallel.sh: line 111: 139286 Killed                  nohup python scripts/run_hyperparameter_tuning.py --config "$cfg" --arm d --threshold "$pos" --neg_threshold "$neg" --n_trials "$n_trials" --max_users "$MAX_USERS" --overwrite > "$wlog" 2>&1
./run_hpt_parallel.sh: line 111: 139287 Killed                  nohup python scripts/run_hyperparameter_tuning.py --config "$cfg" --arm d --threshold "$pos" --neg_threshold "$neg" --n_trials "$n_trials" --max_users "$MAX_USERS" --overwrite > "$wlog" 2>&1
./run_hpt_parallel.sh: line 111: 139288 Killed                  nohup python scripts/run_hyperparameter_tuning.py --config "$cfg" --arm d --threshold "$pos" --neg_threshold "$neg" --n_trials "$n_trials" --max_users "$MAX_USERS" --overwrite > "$wlog" 2>&1
./run_hpt_parallel.sh: line 111: 139294 Killed                  nohup python scripts/run_hyperparameter_tuning.py --config "$cfg" --arm d --threshold "$pos" --neg_threshold "$neg" --n_trials "$n_trials" --max_users "$MAX_USERS" --overwrite > "$wlog" 2>&1
./run_hpt_parallel.sh: line 111: 139298 Killed                  nohup python scripts/run_hyperparameter_tuning.py --config "$cfg" --arm d --threshold "$pos" --neg_threshold "$neg" --n_trials "$n_trials" --max_users "$MAX_USERS" --overwrite > "$wlog" 2>&1
./run_hpt_parallel.sh: line 111: 139299 Killed                  nohup python scripts/run_hyperparameter_tuning.py --config "$cfg" --arm d --threshold "$pos" --neg_threshold "$neg" --n_trials "$n_trials" --max_users "$MAX_USERS" --overwrite > "$wlog" 2>&1
./run_hpt_parallel.sh: line 111: 139301 Killed                  nohup python scripts/run_hyperparameter_tuning.py --config "$cfg" --arm d --threshold "$pos" --neg_threshold "$neg" --n_trials "$n_trials" --max_users "$MAX_USERS" --overwrite > "$wlog" 2>&1
./run_hpt_parallel.sh: line 111: 139305 Killed                  nohup python scripts/run_hyperparameter_tuning.py --config "$cfg" --arm d --threshold "$pos" --neg_threshold "$neg" --n_trials "$n_trials" --max_users "$MAX_USERS" --overwrite > "$wlog" 2>&1
./run_hpt_parallel.sh: line 111: 139310 Killed                  nohup python scripts/run_hyperparameter_tuning.py --config "$cfg" --arm d --threshold "$pos" --neg_threshold "$neg" --n_trials "$n_trials" --max_users "$MAX_USERS" --overwrite > "$wlog" 2>&1
./run_hpt_parallel.sh: line 111: 139316 Killed                  nohup python scripts/run_hyperparameter_tuning.py --config "$cfg" --arm d --threshold "$pos" --neg_threshold "$neg" --n_trials "$n_trials" --max_users "$MAX_USERS" --overwrite > "$wlog" 2>&1
./run_hpt_parallel.sh: line 111: 139322 Killed                  nohup python scripts/run_hyperparameter_tuning.py --config "$cfg" --arm d --threshold "$pos" --neg_threshold "$neg" --n_trials "$n_trials" --max_users "$MAX_USERS" --overwrite > "$wlog" 2>&1
./run_hpt_parallel.sh: line 111: 139328 Killed                  nohup python scripts/run_hyperparameter_tuning.py --config "$cfg" --arm d --threshold "$pos" --neg_threshold "$neg" --n_trials "$n_trials" --max_users "$MAX_USERS" --overwrite > "$wlog" 2>&1
./run_hpt_parallel.sh: line 111: 139338 Killed                  nohup python scripts/run_hyperparameter_tuning.py --config "$cfg" --arm d --threshold "$pos" --neg_threshold "$neg" --n_trials "$n_trials" --max_users "$MAX_USERS" --overwrite > "$wlog" 2>&1
./run_hpt_parallel.sh: line 111: 139141 Killed                  nohup python scripts/run_hyperparameter_tuning.py --config "$cfg" --arm d --threshold "$pos" --neg_threshold "$neg" --n_trials "$n_trials" --max_users "$MAX_USERS" --overwrite > "$wlog" 2>&1
./run_hpt_parallel.sh: line 111: 139142 Killed                  nohup python scripts/run_hyperparameter_tuning.py --config "$cfg" --arm d --threshold "$pos" --neg_threshold "$neg" --n_trials "$n_trials" --max_users "$MAX_USERS" --overwrite > "$wlog" 2>&1
./run_hpt_parallel.sh: line 111: 139144 Killed                  nohup python scripts/run_hyperparameter_tuning.py --config "$cfg" --arm d --threshold "$pos" --neg_threshold "$neg" --n_trials "$n_trials" --max_users "$MAX_USERS" --overwrite > "$wlog" 2>&1
./run_hpt_parallel.sh: line 111: 139173 Killed                  nohup python scripts/run_hyperparameter_tuning.py --config "$cfg" --arm d --threshold "$pos" --neg_threshold "$neg" --n_trials "$n_trials" --max_users "$MAX_USERS" --overwrite > "$wlog" 2>&1
./run_hpt_parallel.sh: line 111: 139186 Killed                  nohup python scripts/run_hyperparameter_tuning.py --config "$cfg" --arm d --threshold "$pos" --neg_threshold "$neg" --n_trials "$n_trials" --max_users "$MAX_USERS" --overwrite > "$wlog" 2>&1
./run_hpt_parallel.sh: line 111: 139194 Killed                  nohup python scripts/run_hyperparameter_tuning.py --config "$cfg" --arm d --threshold "$pos" --neg_threshold "$neg" --n_trials "$n_trials" --max_users "$MAX_USERS" --overwrite > "$wlog" 2>&1
./run_hpt_parallel.sh: line 111: 139195 Killed                  nohup python scripts/run_hyperparameter_tuning.py --config "$cfg" --arm d --threshold "$pos" --neg_threshold "$neg" --n_trials "$n_trials" --max_users "$MAX_USERS" --overwrite > "$wlog" 2>&1
./run_hpt_parallel.sh: line 111: 139203 Killed                  nohup python scripts/run_hyperparameter_tuning.py --config "$cfg" --arm d --threshold "$pos" --neg_threshold "$neg" --n_trials "$n_trials" --max_users "$MAX_USERS" --overwrite > "$wlog" 2>&1
./run_hpt_parallel.sh: line 111: 139204 Killed                  nohup python scripts/run_hyperparameter_tuning.py --config "$cfg" --arm d --threshold "$pos" --neg_threshold "$neg" --n_trials "$n_trials" --max_users "$MAX_USERS" --overwrite > "$wlog" 2>&1
./run_hpt_parallel.sh: line 111: 139206 Killed                  nohup python scripts/run_hyperparameter_tuning.py --config "$cfg" --arm d --threshold "$pos" --neg_threshold "$neg" --n_trials "$n_trials" --max_users "$MAX_USERS" --overwrite > "$wlog" 2>&1
./run_hpt_parallel.sh: line 111: 139210 Killed                  nohup python scripts/run_hyperparameter_tuning.py --config "$cfg" --arm d --threshold "$pos" --neg_threshold "$neg" --n_trials "$n_trials" --max_users "$MAX_USERS" --overwrite > "$wlog" 2>&1
./run_hpt_parallel.sh: line 111: 139219 Killed                  nohup python scripts/run_hyperparameter_tuning.py --config "$cfg" --arm d --threshold "$pos" --neg_threshold "$neg" --n_trials "$n_trials" --max_users "$MAX_USERS" --overwrite > "$wlog" 2>&1
./run_hpt_parallel.sh: line 111: 139235 Killed                  nohup python scripts/run_hyperparameter_tuning.py --config "$cfg" --arm d --threshold "$pos" --neg_threshold "$neg" --n_trials "$n_trials" --max_users "$MAX_USERS" --overwrite > "$wlog" 2>&1
./run_hpt_parallel.sh: line 111: 139236 Killed                  nohup python scripts/run_hyperparameter_tuning.py --config "$cfg" --arm d --threshold "$pos" --neg_threshold "$neg" --n_trials "$n_trials" --max_users "$MAX_USERS" --overwrite > "$wlog" 2>&1
./run_hpt_parallel.sh: line 111: 139241 Killed                  nohup python scripts/run_hyperparameter_tuning.py --config "$cfg" --arm d --threshold "$pos" --neg_threshold "$neg" --n_trials "$n_trials" --max_users "$MAX_USERS" --overwrite > "$wlog" 2>&1
./run_hpt_parallel.sh: line 111: 139249 Killed                  nohup python scripts/run_hyperparameter_tuning.py --config "$cfg" --arm d --threshold "$pos" --neg_threshold "$neg" --n_trials "$n_trials" --max_users "$MAX_USERS" --overwrite > "$wlog" 2>&1
./run_hpt_parallel.sh: line 111: 139256 Killed                  nohup python scripts/run_hyperparameter_tuning.py --config "$cfg" --arm d --threshold "$pos" --neg_threshold "$neg" --n_trials "$n_trials" --max_users "$MAX_USERS" --overwrite > "$wlog" 2>&1
./run_hpt_parallel.sh: line 111: 139263 Killed                  nohup python scripts/run_hyperparameter_tuning.py --config "$cfg" --arm d --threshold "$pos" --neg_threshold "$neg" --n_trials "$n_trials" --max_users "$MAX_USERS" --overwrite > "$wlog" 2>&1
./run_hpt_parallel.sh: line 111: 139266 Killed                  nohup python scripts/run_hyperparameter_tuning.py --config "$cfg" --arm d --threshold "$pos" --neg_threshold "$neg" --n_trials "$n_trials" --max_users "$MAX_USERS" --overwrite > "$wlog" 2>&1
./run_hpt_parallel.sh: line 111: 139272 Killed                  nohup python scripts/run_hyperparameter_tuning.py --config "$cfg" --arm d --threshold "$pos" --neg_threshold "$neg" --n_trials "$n_trials" --max_users "$MAX_USERS" --overwrite > "$wlog" 2>&1
./run_hpt_parallel.sh: line 111: 139274 Killed                  nohup python scripts/run_hyperparameter_tuning.py --config "$cfg" --arm d --threshold "$pos" --neg_threshold "$neg" --n_trials "$n_trials" --max_users "$MAX_USERS" --overwrite > "$wlog" 2>&1
./run_hpt_parallel.sh: line 111: 139290 Killed                  nohup python scripts/run_hyperparameter_tuning.py --config "$cfg" --arm d --threshold "$pos" --neg_threshold "$neg" --n_trials "$n_trials" --max_users "$MAX_USERS" --overwrite > "$wlog" 2>&1
./run_hpt_parallel.sh: line 111: 139323 Killed                  nohup python scripts/run_hyperparameter_tuning.py --config "$cfg" --arm d --threshold "$pos" --neg_threshold "$neg" --n_trials "$n_trials" --max_users "$MAX_USERS" --overwrite > "$wlog" 2>&1
./run_hpt_parallel.sh: line 111: 139324 Killed                  nohup python scripts/run_hyperparameter_tuning.py --config "$cfg" --arm d --threshold "$pos" --neg_threshold "$neg" --n_trials "$n_trials" --max_users "$MAX_USERS" --overwrite > "$wlog" 2>&1
./run_hpt_parallel.sh: line 111: 139147 Killed                  nohup python scripts/run_hyperparameter_tuning.py --config "$cfg" --arm d --threshold "$pos" --neg_threshold "$neg" --n_trials "$n_trials" --max_users "$MAX_USERS" --overwrite > "$wlog" 2>&1
./run_hpt_parallel.sh: line 111: 139148 Killed                  nohup python scripts/run_hyperparameter_tuning.py --config "$cfg" --arm d --threshold "$pos" --neg_threshold "$neg" --n_trials "$n_trials" --max_users "$MAX_USERS" --overwrite > "$wlog" 2>&1
./run_hpt_parallel.sh: line 111: 139154 Killed                  nohup python scripts/run_hyperparameter_tuning.py --config "$cfg" --arm d --threshold "$pos" --neg_threshold "$neg" --n_trials "$n_trials" --max_users "$MAX_USERS" --overwrite > "$wlog" 2>&1
./run_hpt_parallel.sh: line 111: 139158 Killed                  nohup python scripts/run_hyperparameter_tuning.py --config "$cfg" --arm d --threshold "$pos" --neg_threshold "$neg" --n_trials "$n_trials" --max_users "$MAX_USERS" --overwrite > "$wlog" 2>&1
./run_hpt_parallel.sh: line 111: 139162 Killed                  nohup python scripts/run_hyperparameter_tuning.py --config "$cfg" --arm d --threshold "$pos" --neg_threshold "$neg" --n_trials "$n_trials" --max_users "$MAX_USERS" --overwrite > "$wlog" 2>&1
./run_hpt_parallel.sh: line 111: 139167 Killed                  nohup python scripts/run_hyperparameter_tuning.py --config "$cfg" --arm d --threshold "$pos" --neg_threshold "$neg" --n_trials "$n_trials" --max_users "$MAX_USERS" --overwrite > "$wlog" 2>&1
./run_hpt_parallel.sh: line 111: 139168 Killed                  nohup python scripts/run_hyperparameter_tuning.py --config "$cfg" --arm d --threshold "$pos" --neg_threshold "$neg" --n_trials "$n_trials" --max_users "$MAX_USERS" --overwrite > "$wlog" 2>&1
./run_hpt_parallel.sh: line 111: 139174 Killed                  nohup python scripts/run_hyperparameter_tuning.py --config "$cfg" --arm d --threshold "$pos" --neg_threshold "$neg" --n_trials "$n_trials" --max_users "$MAX_USERS" --overwrite > "$wlog" 2>&1
./run_hpt_parallel.sh: line 111: 139177 Killed                  nohup python scripts/run_hyperparameter_tuning.py --config "$cfg" --arm d --threshold "$pos" --neg_threshold "$neg" --n_trials "$n_trials" --max_users "$MAX_USERS" --overwrite > "$wlog" 2>&1
./run_hpt_parallel.sh: line 111: 139181 Killed                  nohup python scripts/run_hyperparameter_tuning.py --config "$cfg" --arm d --threshold "$pos" --neg_threshold "$neg" --n_trials "$n_trials" --max_users "$MAX_USERS" --overwrite > "$wlog" 2>&1
./run_hpt_parallel.sh: line 111: 139196 Killed                  nohup python scripts/run_hyperparameter_tuning.py --config "$cfg" --arm d --threshold "$pos" --neg_threshold "$neg" --n_trials "$n_trials" --max_users "$MAX_USERS" --overwrite > "$wlog" 2>&1
./run_hpt_parallel.sh: line 111: 139201 Killed                  nohup python scripts/run_hyperparameter_tuning.py --config "$cfg" --arm d --threshold "$pos" --neg_threshold "$neg" --n_trials "$n_trials" --max_users "$MAX_USERS" --overwrite > "$wlog" 2>&1
./run_hpt_parallel.sh: line 111: 139212 Killed                  nohup python scripts/run_hyperparameter_tuning.py --config "$cfg" --arm d --threshold "$pos" --neg_threshold "$neg" --n_trials "$n_trials" --max_users "$MAX_USERS" --overwrite > "$wlog" 2>&1
./run_hpt_parallel.sh: line 111: 139213 Killed                  nohup python scripts/run_hyperparameter_tuning.py --config "$cfg" --arm d --threshold "$pos" --neg_threshold "$neg" --n_trials "$n_trials" --max_users "$MAX_USERS" --overwrite > "$wlog" 2>&1
./run_hpt_parallel.sh: line 111: 139214 Killed                  nohup python scripts/run_hyperparameter_tuning.py --config "$cfg" --arm d --threshold "$pos" --neg_threshold "$neg" --n_trials "$n_trials" --max_users "$MAX_USERS" --overwrite > "$wlog" 2>&1
./run_hpt_parallel.sh: line 111: 139220 Killed                  nohup python scripts/run_hyperparameter_tuning.py --config "$cfg" --arm d --threshold "$pos" --neg_threshold "$neg" --n_trials "$n_trials" --max_users "$MAX_USERS" --overwrite > "$wlog" 2>&1
./run_hpt_parallel.sh: line 111: 139221 Killed                  nohup python scripts/run_hyperparameter_tuning.py --config "$cfg" --arm d --threshold "$pos" --neg_threshold "$neg" --n_trials "$n_trials" --max_users "$MAX_USERS" --overwrite > "$wlog" 2>&1
./run_hpt_parallel.sh: line 111: 139224 Killed                  nohup python scripts/run_hyperparameter_tuning.py --config "$cfg" --arm d --threshold "$pos" --neg_threshold "$neg" --n_trials "$n_trials" --max_users "$MAX_USERS" --overwrite > "$wlog" 2>&1
./run_hpt_parallel.sh: line 111: 139226 Killed                  nohup python scripts/run_hyperparameter_tuning.py --config "$cfg" --arm d --threshold "$pos" --neg_threshold "$neg" --n_trials "$n_trials" --max_users "$MAX_USERS" --overwrite > "$wlog" 2>&1
./run_hpt_parallel.sh: line 111: 139237 Killed                  nohup python scripts/run_hyperparameter_tuning.py --config "$cfg" --arm d --threshold "$pos" --neg_threshold "$neg" --n_trials "$n_trials" --max_users "$MAX_USERS" --overwrite > "$wlog" 2>&1
./run_hpt_parallel.sh: line 111: 139239 Killed                  nohup python scripts/run_hyperparameter_tuning.py --config "$cfg" --arm d --threshold "$pos" --neg_threshold "$neg" --n_trials "$n_trials" --max_users "$MAX_USERS" --overwrite > "$wlog" 2>&1
./run_hpt_parallel.sh: line 111: 139248 Killed                  nohup python scripts/run_hyperparameter_tuning.py --config "$cfg" --arm d --threshold "$pos" --neg_threshold "$neg" --n_trials "$n_trials" --max_users "$MAX_USERS" --overwrite > "$wlog" 2>&1
./run_hpt_parallel.sh: line 111: 139255 Killed                  nohup python scripts/run_hyperparameter_tuning.py --config "$cfg" --arm d --threshold "$pos" --neg_threshold "$neg" --n_trials "$n_trials" --max_users "$MAX_USERS" --overwrite > "$wlog" 2>&1
./run_hpt_parallel.sh: line 111: 139262 Killed                  nohup python scripts/run_hyperparameter_tuning.py --config "$cfg" --arm d --threshold "$pos" --neg_threshold "$neg" --n_trials "$n_trials" --max_users "$MAX_USERS" --overwrite > "$wlog" 2>&1
./run_hpt_parallel.sh: line 111: 139265 Killed                  nohup python scripts/run_hyperparameter_tuning.py --config "$cfg" --arm d --threshold "$pos" --neg_threshold "$neg" --n_trials "$n_trials" --max_users "$MAX_USERS" --overwrite > "$wlog" 2>&1
./run_hpt_parallel.sh: line 111: 139275 Killed                  nohup python scripts/run_hyperparameter_tuning.py --config "$cfg" --arm d --threshold "$pos" --neg_threshold "$neg" --n_trials "$n_trials" --max_users "$MAX_USERS" --overwrite > "$wlog" 2>&1
./run_hpt_parallel.sh: line 111: 139281 Killed                  nohup python scripts/run_hyperparameter_tuning.py --config "$cfg" --arm d --threshold "$pos" --neg_threshold "$neg" --n_trials "$n_trials" --max_users "$MAX_USERS" --overwrite > "$wlog" 2>&1
./run_hpt_parallel.sh: line 111: 139289 Killed                  nohup python scripts/run_hyperparameter_tuning.py --config "$cfg" --arm d --threshold "$pos" --neg_threshold "$neg" --n_trials "$n_trials" --max_users "$MAX_USERS" --overwrite > "$wlog" 2>&1
./run_hpt_parallel.sh: line 111: 139291 Killed                  nohup python scripts/run_hyperparameter_tuning.py --config "$cfg" --arm d --threshold "$pos" --neg_threshold "$neg" --n_trials "$n_trials" --max_users "$MAX_USERS" --overwrite > "$wlog" 2>&1
./run_hpt_parallel.sh: line 111: 139295 Killed                  nohup python scripts/run_hyperparameter_tuning.py --config "$cfg" --arm d --threshold "$pos" --neg_threshold "$neg" --n_trials "$n_trials" --max_users "$MAX_USERS" --overwrite > "$wlog" 2>&1
./run_hpt_parallel.sh: line 111: 139297 Killed                  nohup python scripts/run_hyperparameter_tuning.py --config "$cfg" --arm d --threshold "$pos" --neg_threshold "$neg" --n_trials "$n_trials" --max_users "$MAX_USERS" --overwrite > "$wlog" 2>&1
./run_hpt_parallel.sh: line 111: 139300 Killed                  nohup python scripts/run_hyperparameter_tuning.py --config "$cfg" --arm d --threshold "$pos" --neg_threshold "$neg" --n_trials "$n_trials" --max_users "$MAX_USERS" --overwrite > "$wlog" 2>&1
./run_hpt_parallel.sh: line 111: 139307 Killed                  nohup python scripts/run_hyperparameter_tuning.py --config "$cfg" --arm d --threshold "$pos" --neg_threshold "$neg" --n_trials "$n_trials" --max_users "$MAX_USERS" --overwrite > "$wlog" 2>&1
./run_hpt_parallel.sh: line 111: 139315 Killed                  nohup python scripts/run_hyperparameter_tuning.py --config "$cfg" --arm d --threshold "$pos" --neg_threshold "$neg" --n_trials "$n_trials" --max_users "$MAX_USERS" --overwrite > "$wlog" 2>&1
./run_hpt_parallel.sh: line 111: 139319 Killed                  nohup python scripts/run_hyperparameter_tuning.py --config "$cfg" --arm d --threshold "$pos" --neg_threshold "$neg" --n_trials "$n_trials" --max_users "$MAX_USERS" --overwrite > "$wlog" 2>&1
./run_hpt_parallel.sh: line 111: 139321 Killed                  nohup python scripts/run_hyperparameter_tuning.py --config "$cfg" --arm d --threshold "$pos" --neg_threshold "$neg" --n_trials "$n_trials" --max_users "$MAX_USERS" --overwrite > "$wlog" 2>&1
./run_hpt_parallel.sh: line 111: 139327 Killed                  nohup python scripts/run_hyperparameter_tuning.py --config "$cfg" --arm d --threshold "$pos" --neg_threshold "$neg" --n_trials "$n_trials" --max_users "$MAX_USERS" --overwrite > "$wlog" 2>&1
./run_hpt_parallel.sh: line 111: 139330 Killed                  nohup python scripts/run_hyperparameter_tuning.py --config "$cfg" --arm d --threshold "$pos" --neg_threshold "$neg" --n_trials "$n_trials" --max_users "$MAX_USERS" --overwrite > "$wlog" 2>&1
./run_hpt_parallel.sh: line 111: 139331 Killed                  nohup python scripts/run_hyperparameter_tuning.py --config "$cfg" --arm d --threshold "$pos" --neg_threshold "$neg" --n_trials "$n_trials" --max_users "$MAX_USERS" --overwrite > "$wlog" 2>&1
./run_hpt_parallel.sh: line 111: 139340 Killed                  nohup python scripts/run_hyperparameter_tuning.py --config "$cfg" --arm d --threshold "$pos" --neg_threshold "$neg" --n_trials "$n_trials" --max_users "$MAX_USERS" --overwrite > "$wlog" 2>&1
./run_hpt_parallel.sh: line 111: 139153 Killed                  nohup python scripts/run_hyperparameter_tuning.py --config "$cfg" --arm d --threshold "$pos" --neg_threshold "$neg" --n_trials "$n_trials" --max_users "$MAX_USERS" --overwrite > "$wlog" 2>&1
./run_hpt_parallel.sh: line 111: 139155 Killed                  nohup python scripts/run_hyperparameter_tuning.py --config "$cfg" --arm d --threshold "$pos" --neg_threshold "$neg" --n_trials "$n_trials" --max_users "$MAX_USERS" --overwrite > "$wlog" 2>&1
./run_hpt_parallel.sh: line 111: 139157 Killed                  nohup python scripts/run_hyperparameter_tuning.py --config "$cfg" --arm d --threshold "$pos" --neg_threshold "$neg" --n_trials "$n_trials" --max_users "$MAX_USERS" --overwrite > "$wlog" 2>&1
./run_hpt_parallel.sh: line 111: 139161 Killed                  nohup python scripts/run_hyperparameter_tuning.py --config "$cfg" --arm d --threshold "$pos" --neg_threshold "$neg" --n_trials "$n_trials" --max_users "$MAX_USERS" --overwrite > "$wlog" 2>&1
./run_hpt_parallel.sh: line 111: 139169 Killed                  nohup python scripts/run_hyperparameter_tuning.py --config "$cfg" --arm d --threshold "$pos" --neg_threshold "$neg" --n_trials "$n_trials" --max_users "$MAX_USERS" --overwrite > "$wlog" 2>&1
./run_hpt_parallel.sh: line 111: 139178 Killed                  nohup python scripts/run_hyperparameter_tuning.py --config "$cfg" --arm d --threshold "$pos" --neg_threshold "$neg" --n_trials "$n_trials" --max_users "$MAX_USERS" --overwrite > "$wlog" 2>&1
./run_hpt_parallel.sh: line 111: 139179 Killed                  nohup python scripts/run_hyperparameter_tuning.py --config "$cfg" --arm d --threshold "$pos" --neg_threshold "$neg" --n_trials "$n_trials" --max_users "$MAX_USERS" --overwrite > "$wlog" 2>&1
./run_hpt_parallel.sh: line 111: 139182 Killed                  nohup python scripts/run_hyperparameter_tuning.py --config "$cfg" --arm d --threshold "$pos" --neg_threshold "$neg" --n_trials "$n_trials" --max_users "$MAX_USERS" --overwrite > "$wlog" 2>&1
./run_hpt_parallel.sh: line 111: 139189 Killed                  nohup python scripts/run_hyperparameter_tuning.py --config "$cfg" --arm d --threshold "$pos" --neg_threshold "$neg" --n_trials "$n_trials" --max_users "$MAX_USERS" --overwrite > "$wlog" 2>&1
./run_hpt_parallel.sh: line 111: 139190 Killed                  nohup python scripts/run_hyperparameter_tuning.py --config "$cfg" --arm d --threshold "$pos" --neg_threshold "$neg" --n_trials "$n_trials" --max_users "$MAX_USERS" --overwrite > "$wlog" 2>&1
./run_hpt_parallel.sh: line 111: 139191 Killed                  nohup python scripts/run_hyperparameter_tuning.py --config "$cfg" --arm d --threshold "$pos" --neg_threshold "$neg" --n_trials "$n_trials" --max_users "$MAX_USERS" --overwrite > "$wlog" 2>&1
./run_hpt_parallel.sh: line 111: 139197 Killed                  nohup python scripts/run_hyperparameter_tuning.py --config "$cfg" --arm d --threshold "$pos" --neg_threshold "$neg" --n_trials "$n_trials" --max_users "$MAX_USERS" --overwrite > "$wlog" 2>&1
./run_hpt_parallel.sh: line 111: 139199 Killed                  nohup python scripts/run_hyperparameter_tuning.py --config "$cfg" --arm d --threshold "$pos" --neg_threshold "$neg" --n_trials "$n_trials" --max_users "$MAX_USERS" --overwrite > "$wlog" 2>&1
./run_hpt_parallel.sh: line 111: 139209 Killed                  nohup python scripts/run_hyperparameter_tuning.py --config "$cfg" --arm d --threshold "$pos" --neg_threshold "$neg" --n_trials "$n_trials" --max_users "$MAX_USERS" --overwrite > "$wlog" 2>&1
./run_hpt_parallel.sh: line 111: 139211 Killed                  nohup python scripts/run_hyperparameter_tuning.py --config "$cfg" --arm d --threshold "$pos" --neg_threshold "$neg" --n_trials "$n_trials" --max_users "$MAX_USERS" --overwrite > "$wlog" 2>&1
./run_hpt_parallel.sh: line 111: 139215 Killed                  nohup python scripts/run_hyperparameter_tuning.py --config "$cfg" --arm d --threshold "$pos" --neg_threshold "$neg" --n_trials "$n_trials" --max_users "$MAX_USERS" --overwrite > "$wlog" 2>&1
./run_hpt_parallel.sh: line 111: 139216 Killed                  nohup python scripts/run_hyperparameter_tuning.py --config "$cfg" --arm d --threshold "$pos" --neg_threshold "$neg" --n_trials "$n_trials" --max_users "$MAX_USERS" --overwrite > "$wlog" 2>&1
./run_hpt_parallel.sh: line 111: 139217 Killed                  nohup python scripts/run_hyperparameter_tuning.py --config "$cfg" --arm d --threshold "$pos" --neg_threshold "$neg" --n_trials "$n_trials" --max_users "$MAX_USERS" --overwrite > "$wlog" 2>&1
./run_hpt_parallel.sh: line 111: 139223 Killed                  nohup python scripts/run_hyperparameter_tuning.py --config "$cfg" --arm d --threshold "$pos" --neg_threshold "$neg" --n_trials "$n_trials" --max_users "$MAX_USERS" --overwrite > "$wlog" 2>&1
./run_hpt_parallel.sh: line 111: 139232 Killed                  nohup python scripts/run_hyperparameter_tuning.py --config "$cfg" --arm d --threshold "$pos" --neg_threshold "$neg" --n_trials "$n_trials" --max_users "$MAX_USERS" --overwrite > "$wlog" 2>&1
./run_hpt_parallel.sh: line 111: 139234 Killed                  nohup python scripts/run_hyperparameter_tuning.py --config "$cfg" --arm d --threshold "$pos" --neg_threshold "$neg" --n_trials "$n_trials" --max_users "$MAX_USERS" --overwrite > "$wlog" 2>&1
./run_hpt_parallel.sh: line 111: 139238 Killed                  nohup python scripts/run_hyperparameter_tuning.py --config "$cfg" --arm d --threshold "$pos" --neg_threshold "$neg" --n_trials "$n_trials" --max_users "$MAX_USERS" --overwrite > "$wlog" 2>&1
./run_hpt_parallel.sh: line 111: 139244 Killed                  nohup python scripts/run_hyperparameter_tuning.py --config "$cfg" --arm d --threshold "$pos" --neg_threshold "$neg" --n_trials "$n_trials" --max_users "$MAX_USERS" --overwrite > "$wlog" 2>&1
./run_hpt_parallel.sh: line 111: 139245 Killed                  nohup python scripts/run_hyperparameter_tuning.py --config "$cfg" --arm d --threshold "$pos" --neg_threshold "$neg" --n_trials "$n_trials" --max_users "$MAX_USERS" --overwrite > "$wlog" 2>&1
./run_hpt_parallel.sh: line 111: 139246 Killed                  nohup python scripts/run_hyperparameter_tuning.py --config "$cfg" --arm d --threshold "$pos" --neg_threshold "$neg" --n_trials "$n_trials" --max_users "$MAX_USERS" --overwrite > "$wlog" 2>&1
./run_hpt_parallel.sh: line 111: 139252 Killed                  nohup python scripts/run_hyperparameter_tuning.py --config "$cfg" --arm d --threshold "$pos" --neg_threshold "$neg" --n_trials "$n_trials" --max_users "$MAX_USERS" --overwrite > "$wlog" 2>&1
./run_hpt_parallel.sh: line 111: 139254 Killed                  nohup python scripts/run_hyperparameter_tuning.py --config "$cfg" --arm d --threshold "$pos" --neg_threshold "$neg" --n_trials "$n_trials" --max_users "$MAX_USERS" --overwrite > "$wlog" 2>&1
./run_hpt_parallel.sh: line 111: 139258 Killed                  nohup python scripts/run_hyperparameter_tuning.py --config "$cfg" --arm d --threshold "$pos" --neg_threshold "$neg" --n_trials "$n_trials" --max_users "$MAX_USERS" --overwrite > "$wlog" 2>&1
./run_hpt_parallel.sh: line 111: 139259 Killed                  nohup python scripts/run_hyperparameter_tuning.py --config "$cfg" --arm d --threshold "$pos" --neg_threshold "$neg" --n_trials "$n_trials" --max_users "$MAX_USERS" --overwrite > "$wlog" 2>&1
./run_hpt_parallel.sh: line 111: 139260 Killed                  nohup python scripts/run_hyperparameter_tuning.py --config "$cfg" --arm d --threshold "$pos" --neg_threshold "$neg" --n_trials "$n_trials" --max_users "$MAX_USERS" --overwrite > "$wlog" 2>&1
./run_hpt_parallel.sh: line 111: 139261 Killed                  nohup python scripts/run_hyperparameter_tuning.py --config "$cfg" --arm d --threshold "$pos" --neg_threshold "$neg" --n_trials "$n_trials" --max_users "$MAX_USERS" --overwrite > "$wlog" 2>&1
./run_hpt_parallel.sh: line 111: 139267 Killed                  nohup python scripts/run_hyperparameter_tuning.py --config "$cfg" --arm d --threshold "$pos" --neg_threshold "$neg" --n_trials "$n_trials" --max_users "$MAX_USERS" --overwrite > "$wlog" 2>&1
./run_hpt_parallel.sh: line 111: 139269 Killed                  nohup python scripts/run_hyperparameter_tuning.py --config "$cfg" --arm d --threshold "$pos" --neg_threshold "$neg" --n_trials "$n_trials" --max_users "$MAX_USERS" --overwrite > "$wlog" 2>&1
./run_hpt_parallel.sh: line 111: 139270 Killed                  nohup python scripts/run_hyperparameter_tuning.py --config "$cfg" --arm d --threshold "$pos" --neg_threshold "$neg" --n_trials "$n_trials" --max_users "$MAX_USERS" --overwrite > "$wlog" 2>&1
./run_hpt_parallel.sh: line 111: 139271 Killed                  nohup python scripts/run_hyperparameter_tuning.py --config "$cfg" --arm d --threshold "$pos" --neg_threshold "$neg" --n_trials "$n_trials" --max_users "$MAX_USERS" --overwrite > "$wlog" 2>&1
./run_hpt_parallel.sh: line 111: 139273 Killed                  nohup python scripts/run_hyperparameter_tuning.py --config "$cfg" --arm d --threshold "$pos" --neg_threshold "$neg" --n_trials "$n_trials" --max_users "$MAX_USERS" --overwrite > "$wlog" 2>&1
./run_hpt_parallel.sh: line 111: 139277 Killed                  nohup python scripts/run_hyperparameter_tuning.py --config "$cfg" --arm d --threshold "$pos" --neg_threshold "$neg" --n_trials "$n_trials" --max_users "$MAX_USERS" --overwrite > "$wlog" 2>&1
./run_hpt_parallel.sh: line 111: 139279 Killed                  nohup python scripts/run_hyperparameter_tuning.py --config "$cfg" --arm d --threshold "$pos" --neg_threshold "$neg" --n_trials "$n_trials" --max_users "$MAX_USERS" --overwrite > "$wlog" 2>&1
./run_hpt_parallel.sh: line 111: 139280 Killed                  nohup python scripts/run_hyperparameter_tuning.py --config "$cfg" --arm d --threshold "$pos" --neg_threshold "$neg" --n_trials "$n_trials" --max_users "$MAX_USERS" --overwrite > "$wlog" 2>&1
./run_hpt_parallel.sh: line 111: 139285 Killed                  nohup python scripts/run_hyperparameter_tuning.py --config "$cfg" --arm d --threshold "$pos" --neg_threshold "$neg" --n_trials "$n_trials" --max_users "$MAX_USERS" --overwrite > "$wlog" 2>&1
./run_hpt_parallel.sh: line 111: 139292 Killed                  nohup python scripts/run_hyperparameter_tuning.py --config "$cfg" --arm d --threshold "$pos" --neg_threshold "$neg" --n_trials "$n_trials" --max_users "$MAX_USERS" --overwrite > "$wlog" 2>&1
./run_hpt_parallel.sh: line 111: 139293 Killed                  nohup python scripts/run_hyperparameter_tuning.py --config "$cfg" --arm d --threshold "$pos" --neg_threshold "$neg" --n_trials "$n_trials" --max_users "$MAX_USERS" --overwrite > "$wlog" 2>&1
./run_hpt_parallel.sh: line 111: 139296 Killed                  nohup python scripts/run_hyperparameter_tuning.py --config "$cfg" --arm d --threshold "$pos" --neg_threshold "$neg" --n_trials "$n_trials" --max_users "$MAX_USERS" --overwrite > "$wlog" 2>&1
./run_hpt_parallel.sh: line 111: 139302 Killed                  nohup python scripts/run_hyperparameter_tuning.py --config "$cfg" --arm d --threshold "$pos" --neg_threshold "$neg" --n_trials "$n_trials" --max_users "$MAX_USERS" --overwrite > "$wlog" 2>&1
./run_hpt_parallel.sh: line 111: 139303 Killed                  nohup python scripts/run_hyperparameter_tuning.py --config "$cfg" --arm d --threshold "$pos" --neg_threshold "$neg" --n_trials "$n_trials" --max_users "$MAX_USERS" --overwrite > "$wlog" 2>&1
./run_hpt_parallel.sh: line 111: 139304 Killed                  nohup python scripts/run_hyperparameter_tuning.py --config "$cfg" --arm d --threshold "$pos" --neg_threshold "$neg" --n_trials "$n_trials" --max_users "$MAX_USERS" --overwrite > "$wlog" 2>&1
./run_hpt_parallel.sh: line 111: 139306 Killed                  nohup python scripts/run_hyperparameter_tuning.py --config "$cfg" --arm d --threshold "$pos" --neg_threshold "$neg" --n_trials "$n_trials" --max_users "$MAX_USERS" --overwrite > "$wlog" 2>&1
./run_hpt_parallel.sh: line 111: 139308 Killed                  nohup python scripts/run_hyperparameter_tuning.py --config "$cfg" --arm d --threshold "$pos" --neg_threshold "$neg" --n_trials "$n_trials" --max_users "$MAX_USERS" --overwrite > "$wlog" 2>&1
./run_hpt_parallel.sh: line 111: 139309 Killed                  nohup python scripts/run_hyperparameter_tuning.py --config "$cfg" --arm d --threshold "$pos" --neg_threshold "$neg" --n_trials "$n_trials" --max_users "$MAX_USERS" --overwrite > "$wlog" 2>&1
./run_hpt_parallel.sh: line 111: 139311 Killed                  nohup python scripts/run_hyperparameter_tuning.py --config "$cfg" --arm d --threshold "$pos" --neg_threshold "$neg" --n_trials "$n_trials" --max_users "$MAX_USERS" --overwrite > "$wlog" 2>&1
./run_hpt_parallel.sh: line 111: 139312 Killed                  nohup python scripts/run_hyperparameter_tuning.py --config "$cfg" --arm d --threshold "$pos" --neg_threshold "$neg" --n_trials "$n_trials" --max_users "$MAX_USERS" --overwrite > "$wlog" 2>&1
./run_hpt_parallel.sh: line 111: 139313 Killed                  nohup python scripts/run_hyperparameter_tuning.py --config "$cfg" --arm d --threshold "$pos" --neg_threshold "$neg" --n_trials "$n_trials" --max_users "$MAX_USERS" --overwrite > "$wlog" 2>&1
./run_hpt_parallel.sh: line 111: 139314 Killed                  nohup python scripts/run_hyperparameter_tuning.py --config "$cfg" --arm d --threshold "$pos" --neg_threshold "$neg" --n_trials "$n_trials" --max_users "$MAX_USERS" --overwrite > "$wlog" 2>&1
./run_hpt_parallel.sh: line 111: 139317 Killed                  nohup python scripts/run_hyperparameter_tuning.py --config "$cfg" --arm d --threshold "$pos" --neg_threshold "$neg" --n_trials "$n_trials" --max_users "$MAX_USERS" --overwrite > "$wlog" 2>&1
./run_hpt_parallel.sh: line 111: 139318 Killed                  nohup python scripts/run_hyperparameter_tuning.py --config "$cfg" --arm d --threshold "$pos" --neg_threshold "$neg" --n_trials "$n_trials" --max_users "$MAX_USERS" --overwrite > "$wlog" 2>&1
./run_hpt_parallel.sh: line 111: 139320 Killed                  nohup python scripts/run_hyperparameter_tuning.py --config "$cfg" --arm d --threshold "$pos" --neg_threshold "$neg" --n_trials "$n_trials" --max_users "$MAX_USERS" --overwrite > "$wlog" 2>&1
./run_hpt_parallel.sh: line 111: 139325 Killed                  nohup python scripts/run_hyperparameter_tuning.py --config "$cfg" --arm d --threshold "$pos" --neg_threshold "$neg" --n_trials "$n_trials" --max_users "$MAX_USERS" --overwrite > "$wlog" 2>&1
./run_hpt_parallel.sh: line 111: 139329 Killed                  nohup python scripts/run_hyperparameter_tuning.py --config "$cfg" --arm d --threshold "$pos" --neg_threshold "$neg" --n_trials "$n_trials" --max_users "$MAX_USERS" --overwrite > "$wlog" 2>&1
./run_hpt_parallel.sh: line 111: 139337 Killed                  nohup python scripts/run_hyperparameter_tuning.py --config "$cfg" --arm d --threshold "$pos" --neg_threshold "$neg" --n_trials "$n_trials" --max_users "$MAX_USERS" --overwrite > "$wlog" 2>&1
./run_hpt_parallel.sh: line 111: 139339 Killed                  nohup python scripts/run_hyperparameter_tuning.py --config "$cfg" --arm d --threshold "$pos" --neg_threshold "$neg" --n_trials "$n_trials" --max_users "$MAX_USERS" --overwrite > "$wlog" 2>&1
./run_hpt_parallel.sh: line 111: 139342 Killed                  nohup python scripts/run_hyperparameter_tuning.py --config "$cfg" --arm d --threshold "$pos" --neg_threshold "$neg" --n_trials "$n_trials" --max_users "$MAX_USERS" --overwrite > "$wlog" 2>&1
./run_hpt_parallel.sh: line 111: 139343 Killed                  nohup python scripts/run_hyperparameter_tuning.py --config "$cfg" --arm d --threshold "$pos" --neg_threshold "$neg" --n_trials "$n_trials" --max_users "$MAX_USERS" --overwrite > "$wlog" 2>&1
./run_hpt_parallel.sh: line 111: 139344 Killed                  nohup python scripts/run_hyperparameter_tuning.py --config "$cfg" --arm d --threshold "$pos" --neg_threshold "$neg" --n_trials "$n_trials" --max_users "$MAX_USERS" --overwrite > "$wlog" 2>&1
./run_hpt_parallel.sh: line 111: 139345 Killed                  nohup python scripts/run_hyperparameter_tuning.py --config "$cfg" --arm d --threshold "$pos" --neg_threshold "$neg" --n_trials "$n_trials" --max_users "$MAX_USERS" --overwrite > "$wlog" 2>&1
./run_hpt_parallel.sh: line 111: 139348 Killed                  nohup python scripts/run_hyperparameter_tuning.py --config "$cfg" --arm d --threshold "$pos" --neg_threshold "$neg" --n_trials "$n_trials" --max_users "$MAX_USERS" --overwrite > "$wlog" 2>&1
  WARNING: one or more workers exited non-zero — check logs
  Results:
    w1: 
    w2: 
    w3: 
    w4: 
    w5: 
    w6: 
    w7: 
    w8: 
    w9: 
    w10: 
    w11: 
    w12: 
    w13: 
    w14: 
    w15: 
    w16: 
    w17: 
    w18: 
    w19: 
    w20: 
    w21: 
    w22: 
    w23: 
    w24: 
    w25: 
    w26: 
    w27: 
    w28: 
    w29: 
    w30: 
    w31: 
    w32: 
    w33: 
    w34: 
    w35: 
    w36: 
    w37: 
    w38: 
    w39: 
    w40: 
    w41: 
    w42: 
    w43: 
    w44: 
    w45: 
    w46: 
    w47: 
    w48: 
    w49: 
    w50: 
    w51: 
    w52: 
    w53: 
    w54: 
    w55: 
    w56: 
    w57: 
    w58: 
    w59: 
    w60: 
    w61: 
    w62: 
    w63: 
    w64: 
    w65: 
    w66: 
    w67: 
    w68: 
    w69: 
    w70: 
    w71: 
    w72: 
    w73: 
    w74: 
    w75: 
    w76: 
    w77: 
    w78: 
    w79: 
    w80: 
    w81: 
    w82: 
    w83: 
    w84: 
    w85: 
    w86: 
    w87: 
    w88: 
    w89: 
    w90: 
    w91: 
    w92: 
    w93: 
    w94: 
    w95: 
    w96: 
    w97: 
    w98: 
    w99: 
    w100: 
    w101: 
    w102: 
    w103: 
    w104: 
    w105: 
    w106: 
    w107: 
    w108: 
    w109: 
    w110: 
    w111: 
    w112: 
    w113: 
    w114: 
    w115: 
    w116: 
    w117: 
    w118: 
    w119: 
    w120: 
    w121: 
    w122: 
    w123: 
    w124: 
    w125: 
    w126: 
    w127: 
    w128: 
    w129: 
    w130: 
    w131: 
    w132: 
    w133: 
    w134: 
    w135: 
    w136: 
    w137: 
    w138: 
    w139: 
    w140: 
    w141: 
    w142: 
    w143: 
    w144: 
    w145: 
    w146: 
    w147: 
    w148: 
    w149: 
    w150: 
    w151: 
    w152: 
    w153: 
    w154: 
    w155: 
    w156: 
    w157: 
    w158: 
    w159: 
    w160: 
    w161: 
    w162: 
    w163: 
    w164: 
    w165: 
    w166: 
    w167: 
    w168: 
    w169: 
    w170: 
    w171: 
    w172: 
    w173: 
    w174: 
    w175: 
    w176: 
    w177: 
    w178: 
    w179: 
    w180: 
    w181: 
    w182: 
    w183: 
    w184: 
    w185: 
    w186: 
    w187: 
    w188: 
    w189: 
    w190: 
    w191: 
    w192: 
    w193: 
    w194: 
    w195: 
    w196: 
    w197: 
    w198: 
    w199: 
    w200: 

══════════════════════════════════════════════════════════════
  Launching 200 workers: movielens_10m / p4_n1
  Config: configs/movielens_10m.yaml  |  pos≥4 neg≤1
  Total target trials: 150  |  MAX_USERS: 5000
  Workers share: outputs/movielens/10m/tuning/arm_d/pos_ge_4_neg_le_1/study.db
══════════════════════════════════════════════════════════════
  [w1] PID 140951  →  logs/hpt_parallel_20260529_223607_movielens_10m_p4_n1_w1.log
  [w2] PID 140952  →  logs/hpt_parallel_20260529_223607_movielens_10m_p4_n1_w2.log
  [w3] PID 140953  →  logs/hpt_parallel_20260529_223607_movielens_10m_p4_n1_w3.log
  [w4] PID 140954  →  logs/hpt_parallel_20260529_223607_movielens_10m_p4_n1_w4.log
  [w5] PID 140955  →  logs/hpt_parallel_20260529_223607_movielens_10m_p4_n1_w5.log
  [w6] PID 140956  →  logs/hpt_parallel_20260529_223607_movielens_10m_p4_n1_w6.log
  [w7] PID 140957  →  logs/hpt_parallel_20260529_223607_movielens_10m_p4_n1_w7.log
  [w8] PID 140958  →  logs/hpt_parallel_20260529_223607_movielens_10m_p4_n1_w8.log
  [w9] PID 140959  →  logs/hpt_parallel_20260529_223607_movielens_10m_p4_n1_w9.log
  [w10] PID 140960  →  logs/hpt_parallel_20260529_223607_movielens_10m_p4_n1_w10.log
  [w11] PID 140961  →  logs/hpt_parallel_20260529_223607_movielens_10m_p4_n1_w11.log
  [w12] PID 140962  →  logs/hpt_parallel_20260529_223607_movielens_10m_p4_n1_w12.log
  [w13] PID 140963  →  logs/hpt_parallel_20260529_223607_movielens_10m_p4_n1_w13.log
  [w14] PID 140964  →  logs/hpt_parallel_20260529_223607_movielens_10m_p4_n1_w14.log
  [w15] PID 140965  →  logs/hpt_parallel_20260529_223607_movielens_10m_p4_n1_w15.log
  [w16] PID 140966  →  logs/hpt_parallel_20260529_223607_movielens_10m_p4_n1_w16.log
  [w17] PID 140967  →  logs/hpt_parallel_20260529_223607_movielens_10m_p4_n1_w17.log
  [w18] PID 140968  →  logs/hpt_parallel_20260529_223607_movielens_10m_p4_n1_w18.log
  [w19] PID 140969  →  logs/hpt_parallel_20260529_223607_movielens_10m_p4_n1_w19.log
  [w20] PID 140970  →  logs/hpt_parallel_20260529_223607_movielens_10m_p4_n1_w20.log
  [w21] PID 140971  →  logs/hpt_parallel_20260529_223607_movielens_10m_p4_n1_w21.log
  [w22] PID 140972  →  logs/hpt_parallel_20260529_223607_movielens_10m_p4_n1_w22.log
  [w23] PID 140973  →  logs/hpt_parallel_20260529_223607_movielens_10m_p4_n1_w23.log
  [w24] PID 140974  →  logs/hpt_parallel_20260529_223607_movielens_10m_p4_n1_w24.log
  [w25] PID 140975  →  logs/hpt_parallel_20260529_223607_movielens_10m_p4_n1_w25.log
  [w26] PID 140976  →  logs/hpt_parallel_20260529_223607_movielens_10m_p4_n1_w26.log
  [w27] PID 140977  →  logs/hpt_parallel_20260529_223607_movielens_10m_p4_n1_w27.log
  [w28] PID 140978  →  logs/hpt_parallel_20260529_223607_movielens_10m_p4_n1_w28.log
  [w29] PID 140979  →  logs/hpt_parallel_20260529_223607_movielens_10m_p4_n1_w29.log
  [w30] PID 140980  →  logs/hpt_parallel_20260529_223607_movielens_10m_p4_n1_w30.log
  [w31] PID 140981  →  logs/hpt_parallel_20260529_223607_movielens_10m_p4_n1_w31.log
  [w32] PID 140982  →  logs/hpt_parallel_20260529_223607_movielens_10m_p4_n1_w32.log
  [w33] PID 140983  →  logs/hpt_parallel_20260529_223607_movielens_10m_p4_n1_w33.log
  [w34] PID 140984  →  logs/hpt_parallel_20260529_223607_movielens_10m_p4_n1_w34.log
  [w35] PID 140985  →  logs/hpt_parallel_20260529_223607_movielens_10m_p4_n1_w35.log
  [w36] PID 140986  →  logs/hpt_parallel_20260529_223607_movielens_10m_p4_n1_w36.log
  [w37] PID 140987  →  logs/hpt_parallel_20260529_223607_movielens_10m_p4_n1_w37.log
  [w38] PID 140988  →  logs/hpt_parallel_20260529_223607_movielens_10m_p4_n1_w38.log
  [w39] PID 140989  →  logs/hpt_parallel_20260529_223607_movielens_10m_p4_n1_w39.log
  [w40] PID 140990  →  logs/hpt_parallel_20260529_223607_movielens_10m_p4_n1_w40.log
  [w41] PID 140991  →  logs/hpt_parallel_20260529_223607_movielens_10m_p4_n1_w41.log
  [w42] PID 140992  →  logs/hpt_parallel_20260529_223607_movielens_10m_p4_n1_w42.log
  [w43] PID 140993  →  logs/hpt_parallel_20260529_223607_movielens_10m_p4_n1_w43.log
  [w44] PID 140994  →  logs/hpt_parallel_20260529_223607_movielens_10m_p4_n1_w44.log
  [w45] PID 140995  →  logs/hpt_parallel_20260529_223607_movielens_10m_p4_n1_w45.log
  [w46] PID 140996  →  logs/hpt_parallel_20260529_223607_movielens_10m_p4_n1_w46.log
  [w47] PID 140997  →  logs/hpt_parallel_20260529_223607_movielens_10m_p4_n1_w47.log
  [w48] PID 140998  →  logs/hpt_parallel_20260529_223607_movielens_10m_p4_n1_w48.log
  [w49] PID 140999  →  logs/hpt_parallel_20260529_223607_movielens_10m_p4_n1_w49.log
  [w50] PID 141000  →  logs/hpt_parallel_20260529_223607_movielens_10m_p4_n1_w50.log
  [w51] PID 141001  →  logs/hpt_parallel_20260529_223607_movielens_10m_p4_n1_w51.log
  [w52] PID 141002  →  logs/hpt_parallel_20260529_223607_movielens_10m_p4_n1_w52.log
  [w53] PID 141003  →  logs/hpt_parallel_20260529_223607_movielens_10m_p4_n1_w53.log
  [w54] PID 141004  →  logs/hpt_parallel_20260529_223607_movielens_10m_p4_n1_w54.log
  [w55] PID 141005  →  logs/hpt_parallel_20260529_223607_movielens_10m_p4_n1_w55.log
  [w56] PID 141006  →  logs/hpt_parallel_20260529_223607_movielens_10m_p4_n1_w56.log
  [w57] PID 141007  →  logs/hpt_parallel_20260529_223607_movielens_10m_p4_n1_w57.log
  [w58] PID 141008  →  logs/hpt_parallel_20260529_223607_movielens_10m_p4_n1_w58.log
  [w59] PID 141009  →  logs/hpt_parallel_20260529_223607_movielens_10m_p4_n1_w59.log
  [w60] PID 141010  →  logs/hpt_parallel_20260529_223607_movielens_10m_p4_n1_w60.log
  [w61] PID 141011  →  logs/hpt_parallel_20260529_223607_movielens_10m_p4_n1_w61.log
  [w62] PID 141012  →  logs/hpt_parallel_20260529_223607_movielens_10m_p4_n1_w62.log
  [w63] PID 141013  →  logs/hpt_parallel_20260529_223607_movielens_10m_p4_n1_w63.log
  [w64] PID 141014  →  logs/hpt_parallel_20260529_223607_movielens_10m_p4_n1_w64.log
  [w65] PID 141015  →  logs/hpt_parallel_20260529_223607_movielens_10m_p4_n1_w65.log
  [w66] PID 141016  →  logs/hpt_parallel_20260529_223607_movielens_10m_p4_n1_w66.log
  [w67] PID 141017  →  logs/hpt_parallel_20260529_223607_movielens_10m_p4_n1_w67.log
  [w68] PID 141018  →  logs/hpt_parallel_20260529_223607_movielens_10m_p4_n1_w68.log
  [w69] PID 141019  →  logs/hpt_parallel_20260529_223607_movielens_10m_p4_n1_w69.log
  [w70] PID 141020  →  logs/hpt_parallel_20260529_223607_movielens_10m_p4_n1_w70.log
  [w71] PID 141021  →  logs/hpt_parallel_20260529_223607_movielens_10m_p4_n1_w71.log
  [w72] PID 141022  →  logs/hpt_parallel_20260529_223607_movielens_10m_p4_n1_w72.log
  [w73] PID 141023  →  logs/hpt_parallel_20260529_223607_movielens_10m_p4_n1_w73.log
  [w74] PID 141024  →  logs/hpt_parallel_20260529_223607_movielens_10m_p4_n1_w74.log
  [w75] PID 141025  →  logs/hpt_parallel_20260529_223607_movielens_10m_p4_n1_w75.log
  [w76] PID 141026  →  logs/hpt_parallel_20260529_223607_movielens_10m_p4_n1_w76.log
  [w77] PID 141027  →  logs/hpt_parallel_20260529_223607_movielens_10m_p4_n1_w77.log
  [w78] PID 141028  →  logs/hpt_parallel_20260529_223607_movielens_10m_p4_n1_w78.log
  [w79] PID 141029  →  logs/hpt_parallel_20260529_223607_movielens_10m_p4_n1_w79.log
  [w80] PID 141030  →  logs/hpt_parallel_20260529_223607_movielens_10m_p4_n1_w80.log
  [w81] PID 141031  →  logs/hpt_parallel_20260529_223607_movielens_10m_p4_n1_w81.log
  [w82] PID 141032  →  logs/hpt_parallel_20260529_223607_movielens_10m_p4_n1_w82.log
  [w83] PID 141033  →  logs/hpt_parallel_20260529_223607_movielens_10m_p4_n1_w83.log
  [w84] PID 141034  →  logs/hpt_parallel_20260529_223607_movielens_10m_p4_n1_w84.log
  [w85] PID 141035  →  logs/hpt_parallel_20260529_223607_movielens_10m_p4_n1_w85.log
  [w86] PID 141036  →  logs/hpt_parallel_20260529_223607_movielens_10m_p4_n1_w86.log
  [w87] PID 141037  →  logs/hpt_parallel_20260529_223607_movielens_10m_p4_n1_w87.log
  [w88] PID 141038  →  logs/hpt_parallel_20260529_223607_movielens_10m_p4_n1_w88.log
  [w89] PID 141039  →  logs/hpt_parallel_20260529_223607_movielens_10m_p4_n1_w89.log
  [w90] PID 141040  →  logs/hpt_parallel_20260529_223607_movielens_10m_p4_n1_w90.log
  [w91] PID 141041  →  logs/hpt_parallel_20260529_223607_movielens_10m_p4_n1_w91.log
  [w92] PID 141042  →  logs/hpt_parallel_20260529_223607_movielens_10m_p4_n1_w92.log
  [w93] PID 141043  →  logs/hpt_parallel_20260529_223607_movielens_10m_p4_n1_w93.log
  [w94] PID 141044  →  logs/hpt_parallel_20260529_223607_movielens_10m_p4_n1_w94.log
  [w95] PID 141045  →  logs/hpt_parallel_20260529_223607_movielens_10m_p4_n1_w95.log
  [w96] PID 141046  →  logs/hpt_parallel_20260529_223607_movielens_10m_p4_n1_w96.log
  [w97] PID 141047  →  logs/hpt_parallel_20260529_223607_movielens_10m_p4_n1_w97.log
  [w98] PID 141048  →  logs/hpt_parallel_20260529_223607_movielens_10m_p4_n1_w98.log
  [w99] PID 141049  →  logs/hpt_parallel_20260529_223607_movielens_10m_p4_n1_w99.log
  [w100] PID 141050  →  logs/hpt_parallel_20260529_223607_movielens_10m_p4_n1_w100.log
  [w101] PID 141051  →  logs/hpt_parallel_20260529_223607_movielens_10m_p4_n1_w101.log
  [w102] PID 141052  →  logs/hpt_parallel_20260529_223607_movielens_10m_p4_n1_w102.log
  [w103] PID 141053  →  logs/hpt_parallel_20260529_223607_movielens_10m_p4_n1_w103.log
  [w104] PID 141054  →  logs/hpt_parallel_20260529_223607_movielens_10m_p4_n1_w104.log
  [w105] PID 141055  →  logs/hpt_parallel_20260529_223607_movielens_10m_p4_n1_w105.log
  [w106] PID 141056  →  logs/hpt_parallel_20260529_223607_movielens_10m_p4_n1_w106.log
  [w107] PID 141057  →  logs/hpt_parallel_20260529_223607_movielens_10m_p4_n1_w107.log
  [w108] PID 141058  →  logs/hpt_parallel_20260529_223607_movielens_10m_p4_n1_w108.log
  [w109] PID 141059  →  logs/hpt_parallel_20260529_223607_movielens_10m_p4_n1_w109.log
  [w110] PID 141060  →  logs/hpt_parallel_20260529_223607_movielens_10m_p4_n1_w110.log
  [w111] PID 141061  →  logs/hpt_parallel_20260529_223607_movielens_10m_p4_n1_w111.log
  [w112] PID 141062  →  logs/hpt_parallel_20260529_223607_movielens_10m_p4_n1_w112.log
  [w113] PID 141063  →  logs/hpt_parallel_20260529_223607_movielens_10m_p4_n1_w113.log
  [w114] PID 141064  →  logs/hpt_parallel_20260529_223607_movielens_10m_p4_n1_w114.log
  [w115] PID 141065  →  logs/hpt_parallel_20260529_223607_movielens_10m_p4_n1_w115.log
  [w116] PID 141066  →  logs/hpt_parallel_20260529_223607_movielens_10m_p4_n1_w116.log
  [w117] PID 141067  →  logs/hpt_parallel_20260529_223607_movielens_10m_p4_n1_w117.log
  [w118] PID 141068  →  logs/hpt_parallel_20260529_223607_movielens_10m_p4_n1_w118.log
  [w119] PID 141069  →  logs/hpt_parallel_20260529_223607_movielens_10m_p4_n1_w119.log
  [w120] PID 141070  →  logs/hpt_parallel_20260529_223607_movielens_10m_p4_n1_w120.log
  [w121] PID 141071  →  logs/hpt_parallel_20260529_223607_movielens_10m_p4_n1_w121.log
  [w122] PID 141072  →  logs/hpt_parallel_20260529_223607_movielens_10m_p4_n1_w122.log
  [w123] PID 141073  →  logs/hpt_parallel_20260529_223607_movielens_10m_p4_n1_w123.log
  [w124] PID 141074  →  logs/hpt_parallel_20260529_223607_movielens_10m_p4_n1_w124.log
  [w125] PID 141075  →  logs/hpt_parallel_20260529_223607_movielens_10m_p4_n1_w125.log
  [w126] PID 141076  →  logs/hpt_parallel_20260529_223607_movielens_10m_p4_n1_w126.log
  [w127] PID 141077  →  logs/hpt_parallel_20260529_223607_movielens_10m_p4_n1_w127.log
  [w128] PID 141078  →  logs/hpt_parallel_20260529_223607_movielens_10m_p4_n1_w128.log
  [w129] PID 141079  →  logs/hpt_parallel_20260529_223607_movielens_10m_p4_n1_w129.log
  [w130] PID 141080  →  logs/hpt_parallel_20260529_223607_movielens_10m_p4_n1_w130.log
  [w131] PID 141081  →  logs/hpt_parallel_20260529_223607_movielens_10m_p4_n1_w131.log
  [w132] PID 141082  →  logs/hpt_parallel_20260529_223607_movielens_10m_p4_n1_w132.log
  [w133] PID 141083  →  logs/hpt_parallel_20260529_223607_movielens_10m_p4_n1_w133.log
  [w134] PID 141084  →  logs/hpt_parallel_20260529_223607_movielens_10m_p4_n1_w134.log
  [w135] PID 141085  →  logs/hpt_parallel_20260529_223607_movielens_10m_p4_n1_w135.log
  [w136] PID 141086  →  logs/hpt_parallel_20260529_223607_movielens_10m_p4_n1_w136.log
  [w137] PID 141087  →  logs/hpt_parallel_20260529_223607_movielens_10m_p4_n1_w137.log
  [w138] PID 141088  →  logs/hpt_parallel_20260529_223607_movielens_10m_p4_n1_w138.log
  [w139] PID 141089  →  logs/hpt_parallel_20260529_223607_movielens_10m_p4_n1_w139.log
  [w140] PID 141090  →  logs/hpt_parallel_20260529_223607_movielens_10m_p4_n1_w140.log
  [w141] PID 141091  →  logs/hpt_parallel_20260529_223607_movielens_10m_p4_n1_w141.log
  [w142] PID 141092  →  logs/hpt_parallel_20260529_223607_movielens_10m_p4_n1_w142.log
  [w143] PID 141093  →  logs/hpt_parallel_20260529_223607_movielens_10m_p4_n1_w143.log
  [w144] PID 141094  →  logs/hpt_parallel_20260529_223607_movielens_10m_p4_n1_w144.log
  [w145] PID 141095  →  logs/hpt_parallel_20260529_223607_movielens_10m_p4_n1_w145.log
  [w146] PID 141096  →  logs/hpt_parallel_20260529_223607_movielens_10m_p4_n1_w146.log
  [w147] PID 141097  →  logs/hpt_parallel_20260529_223607_movielens_10m_p4_n1_w147.log
  [w148] PID 141098  →  logs/hpt_parallel_20260529_223607_movielens_10m_p4_n1_w148.log
  [w149] PID 141099  →  logs/hpt_parallel_20260529_223607_movielens_10m_p4_n1_w149.log
  [w150] PID 141100  →  logs/hpt_parallel_20260529_223607_movielens_10m_p4_n1_w150.log
  [w151] PID 141101  →  logs/hpt_parallel_20260529_223607_movielens_10m_p4_n1_w151.log
  [w152] PID 141102  →  logs/hpt_parallel_20260529_223607_movielens_10m_p4_n1_w152.log
  [w153] PID 141103  →  logs/hpt_parallel_20260529_223607_movielens_10m_p4_n1_w153.log
  [w154] PID 141104  →  logs/hpt_parallel_20260529_223607_movielens_10m_p4_n1_w154.log
  [w155] PID 141105  →  logs/hpt_parallel_20260529_223607_movielens_10m_p4_n1_w155.log
  [w156] PID 141106  →  logs/hpt_parallel_20260529_223607_movielens_10m_p4_n1_w156.log
  [w157] PID 141107  →  logs/hpt_parallel_20260529_223607_movielens_10m_p4_n1_w157.log
  [w158] PID 141108  →  logs/hpt_parallel_20260529_223607_movielens_10m_p4_n1_w158.log
  [w159] PID 141109  →  logs/hpt_parallel_20260529_223607_movielens_10m_p4_n1_w159.log
  [w160] PID 141110  →  logs/hpt_parallel_20260529_223607_movielens_10m_p4_n1_w160.log
  [w161] PID 141111  →  logs/hpt_parallel_20260529_223607_movielens_10m_p4_n1_w161.log
  [w162] PID 141112  →  logs/hpt_parallel_20260529_223607_movielens_10m_p4_n1_w162.log
  [w163] PID 141113  →  logs/hpt_parallel_20260529_223607_movielens_10m_p4_n1_w163.log
  [w164] PID 141114  →  logs/hpt_parallel_20260529_223607_movielens_10m_p4_n1_w164.log
  [w165] PID 141115  →  logs/hpt_parallel_20260529_223607_movielens_10m_p4_n1_w165.log
  [w166] PID 141116  →  logs/hpt_parallel_20260529_223607_movielens_10m_p4_n1_w166.log
  [w167] PID 141117  →  logs/hpt_parallel_20260529_223607_movielens_10m_p4_n1_w167.log
  [w168] PID 141118  →  logs/hpt_parallel_20260529_223607_movielens_10m_p4_n1_w168.log
  [w169] PID 141119  →  logs/hpt_parallel_20260529_223607_movielens_10m_p4_n1_w169.log
  [w170] PID 141120  →  logs/hpt_parallel_20260529_223607_movielens_10m_p4_n1_w170.log
  [w171] PID 141121  →  logs/hpt_parallel_20260529_223607_movielens_10m_p4_n1_w171.log
  [w172] PID 141122  →  logs/hpt_parallel_20260529_223607_movielens_10m_p4_n1_w172.log
  [w173] PID 141123  →  logs/hpt_parallel_20260529_223607_movielens_10m_p4_n1_w173.log
  [w174] PID 141124  →  logs/hpt_parallel_20260529_223607_movielens_10m_p4_n1_w174.log
  [w175] PID 141125  →  logs/hpt_parallel_20260529_223607_movielens_10m_p4_n1_w175.log
  [w176] PID 141126  →  logs/hpt_parallel_20260529_223607_movielens_10m_p4_n1_w176.log
  [w177] PID 141127  →  logs/hpt_parallel_20260529_223607_movielens_10m_p4_n1_w177.log
  [w178] PID 141128  →  logs/hpt_parallel_20260529_223607_movielens_10m_p4_n1_w178.log
  [w179] PID 141129  →  logs/hpt_parallel_20260529_223607_movielens_10m_p4_n1_w179.log
  [w180] PID 141130  →  logs/hpt_parallel_20260529_223607_movielens_10m_p4_n1_w180.log
  [w181] PID 141131  →  logs/hpt_parallel_20260529_223607_movielens_10m_p4_n1_w181.log
  [w182] PID 141132  →  logs/hpt_parallel_20260529_223607_movielens_10m_p4_n1_w182.log
  [w183] PID 141133  →  logs/hpt_parallel_20260529_223607_movielens_10m_p4_n1_w183.log
  [w184] PID 141134  →  logs/hpt_parallel_20260529_223607_movielens_10m_p4_n1_w184.log
  [w185] PID 141135  →  logs/hpt_parallel_20260529_223607_movielens_10m_p4_n1_w185.log
  [w186] PID 141136  →  logs/hpt_parallel_20260529_223607_movielens_10m_p4_n1_w186.log
  [w187] PID 141137  →  logs/hpt_parallel_20260529_223607_movielens_10m_p4_n1_w187.log
  [w188] PID 141138  →  logs/hpt_parallel_20260529_223607_movielens_10m_p4_n1_w188.log
  [w189] PID 141139  →  logs/hpt_parallel_20260529_223607_movielens_10m_p4_n1_w189.log
  [w190] PID 141140  →  logs/hpt_parallel_20260529_223607_movielens_10m_p4_n1_w190.log
  [w191] PID 141141  →  logs/hpt_parallel_20260529_223607_movielens_10m_p4_n1_w191.log
  [w192] PID 141142  →  logs/hpt_parallel_20260529_223607_movielens_10m_p4_n1_w192.log
  [w193] PID 141143  →  logs/hpt_parallel_20260529_223607_movielens_10m_p4_n1_w193.log
  [w194] PID 141144  →  logs/hpt_parallel_20260529_223607_movielens_10m_p4_n1_w194.log
  [w195] PID 141145  →  logs/hpt_parallel_20260529_223607_movielens_10m_p4_n1_w195.log
  [w196] PID 141146  →  logs/hpt_parallel_20260529_223607_movielens_10m_p4_n1_w196.log
  [w197] PID 141147  →  logs/hpt_parallel_20260529_223607_movielens_10m_p4_n1_w197.log
  [w198] PID 141148  →  logs/hpt_parallel_20260529_223607_movielens_10m_p4_n1_w198.log
  [w199] PID 141149  →  logs/hpt_parallel_20260529_223607_movielens_10m_p4_n1_w199.log
  [w200] PID 141150  →  logs/hpt_parallel_20260529_223607_movielens_10m_p4_n1_w200.log
  Waiting for all 200 workers to finish...
./run_hpt_parallel.sh: line 111: 140951 Killed                  nohup python scripts/run_hyperparameter_tuning.py --config "$cfg" --arm d --threshold "$pos" --neg_threshold "$neg" --n_trials "$n_trials" --max_users "$MAX_USERS" --overwrite > "$wlog" 2>&1
./run_hpt_parallel.sh: line 111: 140952 Killed                  nohup python scripts/run_hyperparameter_tuning.py --config "$cfg" --arm d --threshold "$pos" --neg_threshold "$neg" --n_trials "$n_trials" --max_users "$MAX_USERS" --overwrite > "$wlog" 2>&1
./run_hpt_parallel.sh: line 111: 140953 Killed                  nohup python scripts/run_hyperparameter_tuning.py --config "$cfg" --arm d --threshold "$pos" --neg_threshold "$neg" --n_trials "$n_trials" --max_users "$MAX_USERS" --overwrite > "$wlog" 2>&1
./run_hpt_parallel.sh: line 111: 140954 Killed                  nohup python scripts/run_hyperparameter_tuning.py --config "$cfg" --arm d --threshold "$pos" --neg_threshold "$neg" --n_trials "$n_trials" --max_users "$MAX_USERS" --overwrite > "$wlog" 2>&1
./run_hpt_parallel.sh: line 111: 140955 Killed                  nohup python scripts/run_hyperparameter_tuning.py --config "$cfg" --arm d --threshold "$pos" --neg_threshold "$neg" --n_trials "$n_trials" --max_users "$MAX_USERS" --overwrite > "$wlog" 2>&1
./run_hpt_parallel.sh: line 111: 140957 Killed                  nohup python scripts/run_hyperparameter_tuning.py --config "$cfg" --arm d --threshold "$pos" --neg_threshold "$neg" --n_trials "$n_trials" --max_users "$MAX_USERS" --overwrite > "$wlog" 2>&1
./run_hpt_parallel.sh: line 111: 140958 Killed                  nohup python scripts/run_hyperparameter_tuning.py --config "$cfg" --arm d --threshold "$pos" --neg_threshold "$neg" --n_trials "$n_trials" --max_users "$MAX_USERS" --overwrite > "$wlog" 2>&1
./run_hpt_parallel.sh: line 111: 140959 Killed                  nohup python scripts/run_hyperparameter_tuning.py --config "$cfg" --arm d --threshold "$pos" --neg_threshold "$neg" --n_trials "$n_trials" --max_users "$MAX_USERS" --overwrite > "$wlog" 2>&1
./run_hpt_parallel.sh: line 111: 140960 Killed                  nohup python scripts/run_hyperparameter_tuning.py --config "$cfg" --arm d --threshold "$pos" --neg_threshold "$neg" --n_trials "$n_trials" --max_users "$MAX_USERS" --overwrite > "$wlog" 2>&1
./run_hpt_parallel.sh: line 111: 140961 Killed                  nohup python scripts/run_hyperparameter_tuning.py --config "$cfg" --arm d --threshold "$pos" --neg_threshold "$neg" --n_trials "$n_trials" --max_users "$MAX_USERS" --overwrite > "$wlog" 2>&1
./run_hpt_parallel.sh: line 111: 140963 Killed                  nohup python scripts/run_hyperparameter_tuning.py --config "$cfg" --arm d --threshold "$pos" --neg_threshold "$neg" --n_trials "$n_trials" --max_users "$MAX_USERS" --overwrite > "$wlog" 2>&1
./run_hpt_parallel.sh: line 111: 140964 Killed                  nohup python scripts/run_hyperparameter_tuning.py --config "$cfg" --arm d --threshold "$pos" --neg_threshold "$neg" --n_trials "$n_trials" --max_users "$MAX_USERS" --overwrite > "$wlog" 2>&1
./run_hpt_parallel.sh: line 111: 140967 Killed                  nohup python scripts/run_hyperparameter_tuning.py --config "$cfg" --arm d --threshold "$pos" --neg_threshold "$neg" --n_trials "$n_trials" --max_users "$MAX_USERS" --overwrite > "$wlog" 2>&1
./run_hpt_parallel.sh: line 111: 140969 Killed                  nohup python scripts/run_hyperparameter_tuning.py --config "$cfg" --arm d --threshold "$pos" --neg_threshold "$neg" --n_trials "$n_trials" --max_users "$MAX_USERS" --overwrite > "$wlog" 2>&1
./run_hpt_parallel.sh: line 111: 140970 Killed                  nohup python scripts/run_hyperparameter_tuning.py --config "$cfg" --arm d --threshold "$pos" --neg_threshold "$neg" --n_trials "$n_trials" --max_users "$MAX_USERS" --overwrite > "$wlog" 2>&1
./run_hpt_parallel.sh: line 111: 140971 Killed                  nohup python scripts/run_hyperparameter_tuning.py --config "$cfg" --arm d --threshold "$pos" --neg_threshold "$neg" --n_trials "$n_trials" --max_users "$MAX_USERS" --overwrite > "$wlog" 2>&1
./run_hpt_parallel.sh: line 111: 140972 Killed                  nohup python scripts/run_hyperparameter_tuning.py --config "$cfg" --arm d --threshold "$pos" --neg_threshold "$neg" --n_trials "$n_trials" --max_users "$MAX_USERS" --overwrite > "$wlog" 2>&1
./run_hpt_parallel.sh: line 111: 140973 Killed                  nohup python scripts/run_hyperparameter_tuning.py --config "$cfg" --arm d --threshold "$pos" --neg_threshold "$neg" --n_trials "$n_trials" --max_users "$MAX_USERS" --overwrite > "$wlog" 2>&1
./run_hpt_parallel.sh: line 111: 140975 Killed                  nohup python scripts/run_hyperparameter_tuning.py --config "$cfg" --arm d --threshold "$pos" --neg_threshold "$neg" --n_trials "$n_trials" --max_users "$MAX_USERS" --overwrite > "$wlog" 2>&1
./run_hpt_parallel.sh: line 111: 140976 Killed                  nohup python scripts/run_hyperparameter_tuning.py --config "$cfg" --arm d --threshold "$pos" --neg_threshold "$neg" --n_trials "$n_trials" --max_users "$MAX_USERS" --overwrite > "$wlog" 2>&1
./run_hpt_parallel.sh: line 111: 140977 Killed                  nohup python scripts/run_hyperparameter_tuning.py --config "$cfg" --arm d --threshold "$pos" --neg_threshold "$neg" --n_trials "$n_trials" --max_users "$MAX_USERS" --overwrite > "$wlog" 2>&1
./run_hpt_parallel.sh: line 111: 140979 Killed                  nohup python scripts/run_hyperparameter_tuning.py --config "$cfg" --arm d --threshold "$pos" --neg_threshold "$neg" --n_trials "$n_trials" --max_users "$MAX_USERS" --overwrite > "$wlog" 2>&1
./run_hpt_parallel.sh: line 111: 140980 Killed                  nohup python scripts/run_hyperparameter_tuning.py --config "$cfg" --arm d --threshold "$pos" --neg_threshold "$neg" --n_trials "$n_trials" --max_users "$MAX_USERS" --overwrite > "$wlog" 2>&1
./run_hpt_parallel.sh: line 111: 140982 Killed                  nohup python scripts/run_hyperparameter_tuning.py --config "$cfg" --arm d --threshold "$pos" --neg_threshold "$neg" --n_trials "$n_trials" --max_users "$MAX_USERS" --overwrite > "$wlog" 2>&1
./run_hpt_parallel.sh: line 111: 140983 Killed                  nohup python scripts/run_hyperparameter_tuning.py --config "$cfg" --arm d --threshold "$pos" --neg_threshold "$neg" --n_trials "$n_trials" --max_users "$MAX_USERS" --overwrite > "$wlog" 2>&1
./run_hpt_parallel.sh: line 111: 140984 Killed                  nohup python scripts/run_hyperparameter_tuning.py --config "$cfg" --arm d --threshold "$pos" --neg_threshold "$neg" --n_trials "$n_trials" --max_users "$MAX_USERS" --overwrite > "$wlog" 2>&1
./run_hpt_parallel.sh: line 111: 140985 Killed                  nohup python scripts/run_hyperparameter_tuning.py --config "$cfg" --arm d --threshold "$pos" --neg_threshold "$neg" --n_trials "$n_trials" --max_users "$MAX_USERS" --overwrite > "$wlog" 2>&1
./run_hpt_parallel.sh: line 111: 140990 Killed                  nohup python scripts/run_hyperparameter_tuning.py --config "$cfg" --arm d --threshold "$pos" --neg_threshold "$neg" --n_trials "$n_trials" --max_users "$MAX_USERS" --overwrite > "$wlog" 2>&1
./run_hpt_parallel.sh: line 111: 140991 Killed                  nohup python scripts/run_hyperparameter_tuning.py --config "$cfg" --arm d --threshold "$pos" --neg_threshold "$neg" --n_trials "$n_trials" --max_users "$MAX_USERS" --overwrite > "$wlog" 2>&1
./run_hpt_parallel.sh: line 111: 140992 Killed                  nohup python scripts/run_hyperparameter_tuning.py --config "$cfg" --arm d --threshold "$pos" --neg_threshold "$neg" --n_trials "$n_trials" --max_users "$MAX_USERS" --overwrite > "$wlog" 2>&1
./run_hpt_parallel.sh: line 111: 140993 Killed                  nohup python scripts/run_hyperparameter_tuning.py --config "$cfg" --arm d --threshold "$pos" --neg_threshold "$neg" --n_trials "$n_trials" --max_users "$MAX_USERS" --overwrite > "$wlog" 2>&1
./run_hpt_parallel.sh: line 111: 140994 Killed                  nohup python scripts/run_hyperparameter_tuning.py --config "$cfg" --arm d --threshold "$pos" --neg_threshold "$neg" --n_trials "$n_trials" --max_users "$MAX_USERS" --overwrite > "$wlog" 2>&1
./run_hpt_parallel.sh: line 111: 140995 Killed                  nohup python scripts/run_hyperparameter_tuning.py --config "$cfg" --arm d --threshold "$pos" --neg_threshold "$neg" --n_trials "$n_trials" --max_users "$MAX_USERS" --overwrite > "$wlog" 2>&1
./run_hpt_parallel.sh: line 111: 140997 Killed                  nohup python scripts/run_hyperparameter_tuning.py --config "$cfg" --arm d --threshold "$pos" --neg_threshold "$neg" --n_trials "$n_trials" --max_users "$MAX_USERS" --overwrite > "$wlog" 2>&1
./run_hpt_parallel.sh: line 111: 140998 Killed                  nohup python scripts/run_hyperparameter_tuning.py --config "$cfg" --arm d --threshold "$pos" --neg_threshold "$neg" --n_trials "$n_trials" --max_users "$MAX_USERS" --overwrite > "$wlog" 2>&1
./run_hpt_parallel.sh: line 111: 140999 Killed                  nohup python scripts/run_hyperparameter_tuning.py --config "$cfg" --arm d --threshold "$pos" --neg_threshold "$neg" --n_trials "$n_trials" --max_users "$MAX_USERS" --overwrite > "$wlog" 2>&1
./run_hpt_parallel.sh: line 111: 141000 Killed                  nohup python scripts/run_hyperparameter_tuning.py --config "$cfg" --arm d --threshold "$pos" --neg_threshold "$neg" --n_trials "$n_trials" --max_users "$MAX_USERS" --overwrite > "$wlog" 2>&1
./run_hpt_parallel.sh: line 111: 141001 Killed                  nohup python scripts/run_hyperparameter_tuning.py --config "$cfg" --arm d --threshold "$pos" --neg_threshold "$neg" --n_trials "$n_trials" --max_users "$MAX_USERS" --overwrite > "$wlog" 2>&1
./run_hpt_parallel.sh: line 111: 141002 Killed                  nohup python scripts/run_hyperparameter_tuning.py --config "$cfg" --arm d --threshold "$pos" --neg_threshold "$neg" --n_trials "$n_trials" --max_users "$MAX_USERS" --overwrite > "$wlog" 2>&1
./run_hpt_parallel.sh: line 111: 141003 Killed                  nohup python scripts/run_hyperparameter_tuning.py --config "$cfg" --arm d --threshold "$pos" --neg_threshold "$neg" --n_trials "$n_trials" --max_users "$MAX_USERS" --overwrite > "$wlog" 2>&1
./run_hpt_parallel.sh: line 111: 141004 Killed                  nohup python scripts/run_hyperparameter_tuning.py --config "$cfg" --arm d --threshold "$pos" --neg_threshold "$neg" --n_trials "$n_trials" --max_users "$MAX_USERS" --overwrite > "$wlog" 2>&1
./run_hpt_parallel.sh: line 111: 141005 Killed                  nohup python scripts/run_hyperparameter_tuning.py --config "$cfg" --arm d --threshold "$pos" --neg_threshold "$neg" --n_trials "$n_trials" --max_users "$MAX_USERS" --overwrite > "$wlog" 2>&1
./run_hpt_parallel.sh: line 111: 141007 Killed                  nohup python scripts/run_hyperparameter_tuning.py --config "$cfg" --arm d --threshold "$pos" --neg_threshold "$neg" --n_trials "$n_trials" --max_users "$MAX_USERS" --overwrite > "$wlog" 2>&1
./run_hpt_parallel.sh: line 111: 141008 Killed                  nohup python scripts/run_hyperparameter_tuning.py --config "$cfg" --arm d --threshold "$pos" --neg_threshold "$neg" --n_trials "$n_trials" --max_users "$MAX_USERS" --overwrite > "$wlog" 2>&1
./run_hpt_parallel.sh: line 111: 141009 Killed                  nohup python scripts/run_hyperparameter_tuning.py --config "$cfg" --arm d --threshold "$pos" --neg_threshold "$neg" --n_trials "$n_trials" --max_users "$MAX_USERS" --overwrite > "$wlog" 2>&1
./run_hpt_parallel.sh: line 111: 141010 Killed                  nohup python scripts/run_hyperparameter_tuning.py --config "$cfg" --arm d --threshold "$pos" --neg_threshold "$neg" --n_trials "$n_trials" --max_users "$MAX_USERS" --overwrite > "$wlog" 2>&1
./run_hpt_parallel.sh: line 111: 141011 Killed                  nohup python scripts/run_hyperparameter_tuning.py --config "$cfg" --arm d --threshold "$pos" --neg_threshold "$neg" --n_trials "$n_trials" --max_users "$MAX_USERS" --overwrite > "$wlog" 2>&1
./run_hpt_parallel.sh: line 111: 141013 Killed                  nohup python scripts/run_hyperparameter_tuning.py --config "$cfg" --arm d --threshold "$pos" --neg_threshold "$neg" --n_trials "$n_trials" --max_users "$MAX_USERS" --overwrite > "$wlog" 2>&1
./run_hpt_parallel.sh: line 111: 141014 Killed                  nohup python scripts/run_hyperparameter_tuning.py --config "$cfg" --arm d --threshold "$pos" --neg_threshold "$neg" --n_trials "$n_trials" --max_users "$MAX_USERS" --overwrite > "$wlog" 2>&1
./run_hpt_parallel.sh: line 111: 141016 Killed                  nohup python scripts/run_hyperparameter_tuning.py --config "$cfg" --arm d --threshold "$pos" --neg_threshold "$neg" --n_trials "$n_trials" --max_users "$MAX_USERS" --overwrite > "$wlog" 2>&1
./run_hpt_parallel.sh: line 111: 141017 Killed                  nohup python scripts/run_hyperparameter_tuning.py --config "$cfg" --arm d --threshold "$pos" --neg_threshold "$neg" --n_trials "$n_trials" --max_users "$MAX_USERS" --overwrite > "$wlog" 2>&1
./run_hpt_parallel.sh: line 111: 141018 Killed                  nohup python scripts/run_hyperparameter_tuning.py --config "$cfg" --arm d --threshold "$pos" --neg_threshold "$neg" --n_trials "$n_trials" --max_users "$MAX_USERS" --overwrite > "$wlog" 2>&1
./run_hpt_parallel.sh: line 111: 141020 Killed                  nohup python scripts/run_hyperparameter_tuning.py --config "$cfg" --arm d --threshold "$pos" --neg_threshold "$neg" --n_trials "$n_trials" --max_users "$MAX_USERS" --overwrite > "$wlog" 2>&1
./run_hpt_parallel.sh: line 111: 141021 Killed                  nohup python scripts/run_hyperparameter_tuning.py --config "$cfg" --arm d --threshold "$pos" --neg_threshold "$neg" --n_trials "$n_trials" --max_users "$MAX_USERS" --overwrite > "$wlog" 2>&1
./run_hpt_parallel.sh: line 111: 141023 Killed                  nohup python scripts/run_hyperparameter_tuning.py --config "$cfg" --arm d --threshold "$pos" --neg_threshold "$neg" --n_trials "$n_trials" --max_users "$MAX_USERS" --overwrite > "$wlog" 2>&1
./run_hpt_parallel.sh: line 111: 141024 Killed                  nohup python scripts/run_hyperparameter_tuning.py --config "$cfg" --arm d --threshold "$pos" --neg_threshold "$neg" --n_trials "$n_trials" --max_users "$MAX_USERS" --overwrite > "$wlog" 2>&1
./run_hpt_parallel.sh: line 111: 141025 Killed                  nohup python scripts/run_hyperparameter_tuning.py --config "$cfg" --arm d --threshold "$pos" --neg_threshold "$neg" --n_trials "$n_trials" --max_users "$MAX_USERS" --overwrite > "$wlog" 2>&1
./run_hpt_parallel.sh: line 111: 141026 Killed                  nohup python scripts/run_hyperparameter_tuning.py --config "$cfg" --arm d --threshold "$pos" --neg_threshold "$neg" --n_trials "$n_trials" --max_users "$MAX_USERS" --overwrite > "$wlog" 2>&1
./run_hpt_parallel.sh: line 111: 141027 Killed                  nohup python scripts/run_hyperparameter_tuning.py --config "$cfg" --arm d --threshold "$pos" --neg_threshold "$neg" --n_trials "$n_trials" --max_users "$MAX_USERS" --overwrite > "$wlog" 2>&1
./run_hpt_parallel.sh: line 111: 141028 Killed                  nohup python scripts/run_hyperparameter_tuning.py --config "$cfg" --arm d --threshold "$pos" --neg_threshold "$neg" --n_trials "$n_trials" --max_users "$MAX_USERS" --overwrite > "$wlog" 2>&1
./run_hpt_parallel.sh: line 111: 141030 Killed                  nohup python scripts/run_hyperparameter_tuning.py --config "$cfg" --arm d --threshold "$pos" --neg_threshold "$neg" --n_trials "$n_trials" --max_users "$MAX_USERS" --overwrite > "$wlog" 2>&1
./run_hpt_parallel.sh: line 111: 141031 Killed                  nohup python scripts/run_hyperparameter_tuning.py --config "$cfg" --arm d --threshold "$pos" --neg_threshold "$neg" --n_trials "$n_trials" --max_users "$MAX_USERS" --overwrite > "$wlog" 2>&1
./run_hpt_parallel.sh: line 111: 141032 Killed                  nohup python scripts/run_hyperparameter_tuning.py --config "$cfg" --arm d --threshold "$pos" --neg_threshold "$neg" --n_trials "$n_trials" --max_users "$MAX_USERS" --overwrite > "$wlog" 2>&1
./run_hpt_parallel.sh: line 111: 141034 Killed                  nohup python scripts/run_hyperparameter_tuning.py --config "$cfg" --arm d --threshold "$pos" --neg_threshold "$neg" --n_trials "$n_trials" --max_users "$MAX_USERS" --overwrite > "$wlog" 2>&1
./run_hpt_parallel.sh: line 111: 141035 Killed                  nohup python scripts/run_hyperparameter_tuning.py --config "$cfg" --arm d --threshold "$pos" --neg_threshold "$neg" --n_trials "$n_trials" --max_users "$MAX_USERS" --overwrite > "$wlog" 2>&1
./run_hpt_parallel.sh: line 111: 141037 Killed                  nohup python scripts/run_hyperparameter_tuning.py --config "$cfg" --arm d --threshold "$pos" --neg_threshold "$neg" --n_trials "$n_trials" --max_users "$MAX_USERS" --overwrite > "$wlog" 2>&1
./run_hpt_parallel.sh: line 111: 141038 Killed                  nohup python scripts/run_hyperparameter_tuning.py --config "$cfg" --arm d --threshold "$pos" --neg_threshold "$neg" --n_trials "$n_trials" --max_users "$MAX_USERS" --overwrite > "$wlog" 2>&1
./run_hpt_parallel.sh: line 111: 141039 Killed                  nohup python scripts/run_hyperparameter_tuning.py --config "$cfg" --arm d --threshold "$pos" --neg_threshold "$neg" --n_trials "$n_trials" --max_users "$MAX_USERS" --overwrite > "$wlog" 2>&1
./run_hpt_parallel.sh: line 111: 141040 Killed                  nohup python scripts/run_hyperparameter_tuning.py --config "$cfg" --arm d --threshold "$pos" --neg_threshold "$neg" --n_trials "$n_trials" --max_users "$MAX_USERS" --overwrite > "$wlog" 2>&1
./run_hpt_parallel.sh: line 111: 141042 Killed                  nohup python scripts/run_hyperparameter_tuning.py --config "$cfg" --arm d --threshold "$pos" --neg_threshold "$neg" --n_trials "$n_trials" --max_users "$MAX_USERS" --overwrite > "$wlog" 2>&1
./run_hpt_parallel.sh: line 111: 141043 Killed                  nohup python scripts/run_hyperparameter_tuning.py --config "$cfg" --arm d --threshold "$pos" --neg_threshold "$neg" --n_trials "$n_trials" --max_users "$MAX_USERS" --overwrite > "$wlog" 2>&1
./run_hpt_parallel.sh: line 111: 141044 Killed                  nohup python scripts/run_hyperparameter_tuning.py --config "$cfg" --arm d --threshold "$pos" --neg_threshold "$neg" --n_trials "$n_trials" --max_users "$MAX_USERS" --overwrite > "$wlog" 2>&1
./run_hpt_parallel.sh: line 111: 141045 Killed                  nohup python scripts/run_hyperparameter_tuning.py --config "$cfg" --arm d --threshold "$pos" --neg_threshold "$neg" --n_trials "$n_trials" --max_users "$MAX_USERS" --overwrite > "$wlog" 2>&1
./run_hpt_parallel.sh: line 111: 141047 Killed                  nohup python scripts/run_hyperparameter_tuning.py --config "$cfg" --arm d --threshold "$pos" --neg_threshold "$neg" --n_trials "$n_trials" --max_users "$MAX_USERS" --overwrite > "$wlog" 2>&1
./run_hpt_parallel.sh: line 111: 141048 Killed                  nohup python scripts/run_hyperparameter_tuning.py --config "$cfg" --arm d --threshold "$pos" --neg_threshold "$neg" --n_trials "$n_trials" --max_users "$MAX_USERS" --overwrite > "$wlog" 2>&1
./run_hpt_parallel.sh: line 111: 141049 Killed                  nohup python scripts/run_hyperparameter_tuning.py --config "$cfg" --arm d --threshold "$pos" --neg_threshold "$neg" --n_trials "$n_trials" --max_users "$MAX_USERS" --overwrite > "$wlog" 2>&1
./run_hpt_parallel.sh: line 111: 141051 Killed                  nohup python scripts/run_hyperparameter_tuning.py --config "$cfg" --arm d --threshold "$pos" --neg_threshold "$neg" --n_trials "$n_trials" --max_users "$MAX_USERS" --overwrite > "$wlog" 2>&1
./run_hpt_parallel.sh: line 111: 141053 Killed                  nohup python scripts/run_hyperparameter_tuning.py --config "$cfg" --arm d --threshold "$pos" --neg_threshold "$neg" --n_trials "$n_trials" --max_users "$MAX_USERS" --overwrite > "$wlog" 2>&1
./run_hpt_parallel.sh: line 111: 141055 Killed                  nohup python scripts/run_hyperparameter_tuning.py --config "$cfg" --arm d --threshold "$pos" --neg_threshold "$neg" --n_trials "$n_trials" --max_users "$MAX_USERS" --overwrite > "$wlog" 2>&1
./run_hpt_parallel.sh: line 111: 141056 Killed                  nohup python scripts/run_hyperparameter_tuning.py --config "$cfg" --arm d --threshold "$pos" --neg_threshold "$neg" --n_trials "$n_trials" --max_users "$MAX_USERS" --overwrite > "$wlog" 2>&1
./run_hpt_parallel.sh: line 111: 141057 Killed                  nohup python scripts/run_hyperparameter_tuning.py --config "$cfg" --arm d --threshold "$pos" --neg_threshold "$neg" --n_trials "$n_trials" --max_users "$MAX_USERS" --overwrite > "$wlog" 2>&1
./run_hpt_parallel.sh: line 111: 141060 Killed                  nohup python scripts/run_hyperparameter_tuning.py --config "$cfg" --arm d --threshold "$pos" --neg_threshold "$neg" --n_trials "$n_trials" --max_users "$MAX_USERS" --overwrite > "$wlog" 2>&1
./run_hpt_parallel.sh: line 111: 141061 Killed                  nohup python scripts/run_hyperparameter_tuning.py --config "$cfg" --arm d --threshold "$pos" --neg_threshold "$neg" --n_trials "$n_trials" --max_users "$MAX_USERS" --overwrite > "$wlog" 2>&1
./run_hpt_parallel.sh: line 111: 141063 Killed                  nohup python scripts/run_hyperparameter_tuning.py --config "$cfg" --arm d --threshold "$pos" --neg_threshold "$neg" --n_trials "$n_trials" --max_users "$MAX_USERS" --overwrite > "$wlog" 2>&1
./run_hpt_parallel.sh: line 111: 141064 Killed                  nohup python scripts/run_hyperparameter_tuning.py --config "$cfg" --arm d --threshold "$pos" --neg_threshold "$neg" --n_trials "$n_trials" --max_users "$MAX_USERS" --overwrite > "$wlog" 2>&1
./run_hpt_parallel.sh: line 111: 141065 Killed                  nohup python scripts/run_hyperparameter_tuning.py --config "$cfg" --arm d --threshold "$pos" --neg_threshold "$neg" --n_trials "$n_trials" --max_users "$MAX_USERS" --overwrite > "$wlog" 2>&1
./run_hpt_parallel.sh: line 111: 141066 Killed                  nohup python scripts/run_hyperparameter_tuning.py --config "$cfg" --arm d --threshold "$pos" --neg_threshold "$neg" --n_trials "$n_trials" --max_users "$MAX_USERS" --overwrite > "$wlog" 2>&1
./run_hpt_parallel.sh: line 111: 141070 Killed                  nohup python scripts/run_hyperparameter_tuning.py --config "$cfg" --arm d --threshold "$pos" --neg_threshold "$neg" --n_trials "$n_trials" --max_users "$MAX_USERS" --overwrite > "$wlog" 2>&1
./run_hpt_parallel.sh: line 111: 141072 Killed                  nohup python scripts/run_hyperparameter_tuning.py --config "$cfg" --arm d --threshold "$pos" --neg_threshold "$neg" --n_trials "$n_trials" --max_users "$MAX_USERS" --overwrite > "$wlog" 2>&1
./run_hpt_parallel.sh: line 111: 141074 Killed                  nohup python scripts/run_hyperparameter_tuning.py --config "$cfg" --arm d --threshold "$pos" --neg_threshold "$neg" --n_trials "$n_trials" --max_users "$MAX_USERS" --overwrite > "$wlog" 2>&1
./run_hpt_parallel.sh: line 111: 141075 Killed                  nohup python scripts/run_hyperparameter_tuning.py --config "$cfg" --arm d --threshold "$pos" --neg_threshold "$neg" --n_trials "$n_trials" --max_users "$MAX_USERS" --overwrite > "$wlog" 2>&1
./run_hpt_parallel.sh: line 111: 141076 Killed                  nohup python scripts/run_hyperparameter_tuning.py --config "$cfg" --arm d --threshold "$pos" --neg_threshold "$neg" --n_trials "$n_trials" --max_users "$MAX_USERS" --overwrite > "$wlog" 2>&1
./run_hpt_parallel.sh: line 111: 141077 Killed                  nohup python scripts/run_hyperparameter_tuning.py --config "$cfg" --arm d --threshold "$pos" --neg_threshold "$neg" --n_trials "$n_trials" --max_users "$MAX_USERS" --overwrite > "$wlog" 2>&1
./run_hpt_parallel.sh: line 111: 141079 Killed                  nohup python scripts/run_hyperparameter_tuning.py --config "$cfg" --arm d --threshold "$pos" --neg_threshold "$neg" --n_trials "$n_trials" --max_users "$MAX_USERS" --overwrite > "$wlog" 2>&1
./run_hpt_parallel.sh: line 111: 141080 Killed                  nohup python scripts/run_hyperparameter_tuning.py --config "$cfg" --arm d --threshold "$pos" --neg_threshold "$neg" --n_trials "$n_trials" --max_users "$MAX_USERS" --overwrite > "$wlog" 2>&1
./run_hpt_parallel.sh: line 111: 141082 Killed                  nohup python scripts/run_hyperparameter_tuning.py --config "$cfg" --arm d --threshold "$pos" --neg_threshold "$neg" --n_trials "$n_trials" --max_users "$MAX_USERS" --overwrite > "$wlog" 2>&1
./run_hpt_parallel.sh: line 111: 141083 Killed                  nohup python scripts/run_hyperparameter_tuning.py --config "$cfg" --arm d --threshold "$pos" --neg_threshold "$neg" --n_trials "$n_trials" --max_users "$MAX_USERS" --overwrite > "$wlog" 2>&1
./run_hpt_parallel.sh: line 111: 141085 Killed                  nohup python scripts/run_hyperparameter_tuning.py --config "$cfg" --arm d --threshold "$pos" --neg_threshold "$neg" --n_trials "$n_trials" --max_users "$MAX_USERS" --overwrite > "$wlog" 2>&1
./run_hpt_parallel.sh: line 111: 141088 Killed                  nohup python scripts/run_hyperparameter_tuning.py --config "$cfg" --arm d --threshold "$pos" --neg_threshold "$neg" --n_trials "$n_trials" --max_users "$MAX_USERS" --overwrite > "$wlog" 2>&1
./run_hpt_parallel.sh: line 111: 141091 Killed                  nohup python scripts/run_hyperparameter_tuning.py --config "$cfg" --arm d --threshold "$pos" --neg_threshold "$neg" --n_trials "$n_trials" --max_users "$MAX_USERS" --overwrite > "$wlog" 2>&1
./run_hpt_parallel.sh: line 111: 141092 Killed                  nohup python scripts/run_hyperparameter_tuning.py --config "$cfg" --arm d --threshold "$pos" --neg_threshold "$neg" --n_trials "$n_trials" --max_users "$MAX_USERS" --overwrite > "$wlog" 2>&1
./run_hpt_parallel.sh: line 111: 141094 Killed                  nohup python scripts/run_hyperparameter_tuning.py --config "$cfg" --arm d --threshold "$pos" --neg_threshold "$neg" --n_trials "$n_trials" --max_users "$MAX_USERS" --overwrite > "$wlog" 2>&1
./run_hpt_parallel.sh: line 111: 141095 Killed                  nohup python scripts/run_hyperparameter_tuning.py --config "$cfg" --arm d --threshold "$pos" --neg_threshold "$neg" --n_trials "$n_trials" --max_users "$MAX_USERS" --overwrite > "$wlog" 2>&1
./run_hpt_parallel.sh: line 111: 141096 Killed                  nohup python scripts/run_hyperparameter_tuning.py --config "$cfg" --arm d --threshold "$pos" --neg_threshold "$neg" --n_trials "$n_trials" --max_users "$MAX_USERS" --overwrite > "$wlog" 2>&1
./run_hpt_parallel.sh: line 111: 141098 Killed                  nohup python scripts/run_hyperparameter_tuning.py --config "$cfg" --arm d --threshold "$pos" --neg_threshold "$neg" --n_trials "$n_trials" --max_users "$MAX_USERS" --overwrite > "$wlog" 2>&1
./run_hpt_parallel.sh: line 111: 141099 Killed                  nohup python scripts/run_hyperparameter_tuning.py --config "$cfg" --arm d --threshold "$pos" --neg_threshold "$neg" --n_trials "$n_trials" --max_users "$MAX_USERS" --overwrite > "$wlog" 2>&1
./run_hpt_parallel.sh: line 111: 141101 Killed                  nohup python scripts/run_hyperparameter_tuning.py --config "$cfg" --arm d --threshold "$pos" --neg_threshold "$neg" --n_trials "$n_trials" --max_users "$MAX_USERS" --overwrite > "$wlog" 2>&1
./run_hpt_parallel.sh: line 111: 141102 Killed                  nohup python scripts/run_hyperparameter_tuning.py --config "$cfg" --arm d --threshold "$pos" --neg_threshold "$neg" --n_trials "$n_trials" --max_users "$MAX_USERS" --overwrite > "$wlog" 2>&1
./run_hpt_parallel.sh: line 111: 141104 Killed                  nohup python scripts/run_hyperparameter_tuning.py --config "$cfg" --arm d --threshold "$pos" --neg_threshold "$neg" --n_trials "$n_trials" --max_users "$MAX_USERS" --overwrite > "$wlog" 2>&1
./run_hpt_parallel.sh: line 111: 141106 Killed                  nohup python scripts/run_hyperparameter_tuning.py --config "$cfg" --arm d --threshold "$pos" --neg_threshold "$neg" --n_trials "$n_trials" --max_users "$MAX_USERS" --overwrite > "$wlog" 2>&1
./run_hpt_parallel.sh: line 111: 141107 Killed                  nohup python scripts/run_hyperparameter_tuning.py --config "$cfg" --arm d --threshold "$pos" --neg_threshold "$neg" --n_trials "$n_trials" --max_users "$MAX_USERS" --overwrite > "$wlog" 2>&1
./run_hpt_parallel.sh: line 111: 141108 Killed                  nohup python scripts/run_hyperparameter_tuning.py --config "$cfg" --arm d --threshold "$pos" --neg_threshold "$neg" --n_trials "$n_trials" --max_users "$MAX_USERS" --overwrite > "$wlog" 2>&1
./run_hpt_parallel.sh: line 111: 141109 Killed                  nohup python scripts/run_hyperparameter_tuning.py --config "$cfg" --arm d --threshold "$pos" --neg_threshold "$neg" --n_trials "$n_trials" --max_users "$MAX_USERS" --overwrite > "$wlog" 2>&1
./run_hpt_parallel.sh: line 111: 141110 Killed                  nohup python scripts/run_hyperparameter_tuning.py --config "$cfg" --arm d --threshold "$pos" --neg_threshold "$neg" --n_trials "$n_trials" --max_users "$MAX_USERS" --overwrite > "$wlog" 2>&1
./run_hpt_parallel.sh: line 111: 141111 Killed                  nohup python scripts/run_hyperparameter_tuning.py --config "$cfg" --arm d --threshold "$pos" --neg_threshold "$neg" --n_trials "$n_trials" --max_users "$MAX_USERS" --overwrite > "$wlog" 2>&1
./run_hpt_parallel.sh: line 111: 141112 Killed                  nohup python scripts/run_hyperparameter_tuning.py --config "$cfg" --arm d --threshold "$pos" --neg_threshold "$neg" --n_trials "$n_trials" --max_users "$MAX_USERS" --overwrite > "$wlog" 2>&1
./run_hpt_parallel.sh: line 111: 141113 Killed                  nohup python scripts/run_hyperparameter_tuning.py --config "$cfg" --arm d --threshold "$pos" --neg_threshold "$neg" --n_trials "$n_trials" --max_users "$MAX_USERS" --overwrite > "$wlog" 2>&1
./run_hpt_parallel.sh: line 111: 141114 Killed                  nohup python scripts/run_hyperparameter_tuning.py --config "$cfg" --arm d --threshold "$pos" --neg_threshold "$neg" --n_trials "$n_trials" --max_users "$MAX_USERS" --overwrite > "$wlog" 2>&1
./run_hpt_parallel.sh: line 111: 141116 Killed                  nohup python scripts/run_hyperparameter_tuning.py --config "$cfg" --arm d --threshold "$pos" --neg_threshold "$neg" --n_trials "$n_trials" --max_users "$MAX_USERS" --overwrite > "$wlog" 2>&1
./run_hpt_parallel.sh: line 111: 141117 Killed                  nohup python scripts/run_hyperparameter_tuning.py --config "$cfg" --arm d --threshold "$pos" --neg_threshold "$neg" --n_trials "$n_trials" --max_users "$MAX_USERS" --overwrite > "$wlog" 2>&1
./run_hpt_parallel.sh: line 111: 141118 Killed                  nohup python scripts/run_hyperparameter_tuning.py --config "$cfg" --arm d --threshold "$pos" --neg_threshold "$neg" --n_trials "$n_trials" --max_users "$MAX_USERS" --overwrite > "$wlog" 2>&1
./run_hpt_parallel.sh: line 111: 141120 Killed                  nohup python scripts/run_hyperparameter_tuning.py --config "$cfg" --arm d --threshold "$pos" --neg_threshold "$neg" --n_trials "$n_trials" --max_users "$MAX_USERS" --overwrite > "$wlog" 2>&1
./run_hpt_parallel.sh: line 111: 141123 Killed                  nohup python scripts/run_hyperparameter_tuning.py --config "$cfg" --arm d --threshold "$pos" --neg_threshold "$neg" --n_trials "$n_trials" --max_users "$MAX_USERS" --overwrite > "$wlog" 2>&1
./run_hpt_parallel.sh: line 111: 141129 Killed                  nohup python scripts/run_hyperparameter_tuning.py --config "$cfg" --arm d --threshold "$pos" --neg_threshold "$neg" --n_trials "$n_trials" --max_users "$MAX_USERS" --overwrite > "$wlog" 2>&1
./run_hpt_parallel.sh: line 111: 141130 Killed                  nohup python scripts/run_hyperparameter_tuning.py --config "$cfg" --arm d --threshold "$pos" --neg_threshold "$neg" --n_trials "$n_trials" --max_users "$MAX_USERS" --overwrite > "$wlog" 2>&1
./run_hpt_parallel.sh: line 111: 141135 Killed                  nohup python scripts/run_hyperparameter_tuning.py --config "$cfg" --arm d --threshold "$pos" --neg_threshold "$neg" --n_trials "$n_trials" --max_users "$MAX_USERS" --overwrite > "$wlog" 2>&1
./run_hpt_parallel.sh: line 111: 141137 Killed                  nohup python scripts/run_hyperparameter_tuning.py --config "$cfg" --arm d --threshold "$pos" --neg_threshold "$neg" --n_trials "$n_trials" --max_users "$MAX_USERS" --overwrite > "$wlog" 2>&1
./run_hpt_parallel.sh: line 111: 141139 Killed                  nohup python scripts/run_hyperparameter_tuning.py --config "$cfg" --arm d --threshold "$pos" --neg_threshold "$neg" --n_trials "$n_trials" --max_users "$MAX_USERS" --overwrite > "$wlog" 2>&1
./run_hpt_parallel.sh: line 111: 141142 Killed                  nohup python scripts/run_hyperparameter_tuning.py --config "$cfg" --arm d --threshold "$pos" --neg_threshold "$neg" --n_trials "$n_trials" --max_users "$MAX_USERS" --overwrite > "$wlog" 2>&1
./run_hpt_parallel.sh: line 111: 141145 Killed                  nohup python scripts/run_hyperparameter_tuning.py --config "$cfg" --arm d --threshold "$pos" --neg_threshold "$neg" --n_trials "$n_trials" --max_users "$MAX_USERS" --overwrite > "$wlog" 2>&1
./run_hpt_parallel.sh: line 111: 141146 Killed                  nohup python scripts/run_hyperparameter_tuning.py --config "$cfg" --arm d --threshold "$pos" --neg_threshold "$neg" --n_trials "$n_trials" --max_users "$MAX_USERS" --overwrite > "$wlog" 2>&1
./run_hpt_parallel.sh: line 111: 141148 Killed                  nohup python scripts/run_hyperparameter_tuning.py --config "$cfg" --arm d --threshold "$pos" --neg_threshold "$neg" --n_trials "$n_trials" --max_users "$MAX_USERS" --overwrite > "$wlog" 2>&1
./run_hpt_parallel.sh: line 111: 141149 Killed                  nohup python scripts/run_hyperparameter_tuning.py --config "$cfg" --arm d --threshold "$pos" --neg_threshold "$neg" --n_trials "$n_trials" --max_users "$MAX_USERS" --overwrite > "$wlog" 2>&1
./run_hpt_parallel.sh: line 111: 141150 Killed                  nohup python scripts/run_hyperparameter_tuning.py --config "$cfg" --arm d --threshold "$pos" --neg_threshold "$neg" --n_trials "$n_trials" --max_users "$MAX_USERS" --overwrite > "$wlog" 2>&1
./run_hpt_parallel.sh: line 111: 140956 Killed                  nohup python scripts/run_hyperparameter_tuning.py --config "$cfg" --arm d --threshold "$pos" --neg_threshold "$neg" --n_trials "$n_trials" --max_users "$MAX_USERS" --overwrite > "$wlog" 2>&1
./run_hpt_parallel.sh: line 111: 140981 Killed                  nohup python scripts/run_hyperparameter_tuning.py --config "$cfg" --arm d --threshold "$pos" --neg_threshold "$neg" --n_trials "$n_trials" --max_users "$MAX_USERS" --overwrite > "$wlog" 2>&1
./run_hpt_parallel.sh: line 111: 140989 Killed                  nohup python scripts/run_hyperparameter_tuning.py --config "$cfg" --arm d --threshold "$pos" --neg_threshold "$neg" --n_trials "$n_trials" --max_users "$MAX_USERS" --overwrite > "$wlog" 2>&1
./run_hpt_parallel.sh: line 111: 141006 Killed                  nohup python scripts/run_hyperparameter_tuning.py --config "$cfg" --arm d --threshold "$pos" --neg_threshold "$neg" --n_trials "$n_trials" --max_users "$MAX_USERS" --overwrite > "$wlog" 2>&1
./run_hpt_parallel.sh: line 111: 141022 Killed                  nohup python scripts/run_hyperparameter_tuning.py --config "$cfg" --arm d --threshold "$pos" --neg_threshold "$neg" --n_trials "$n_trials" --max_users "$MAX_USERS" --overwrite > "$wlog" 2>&1
./run_hpt_parallel.sh: line 111: 141033 Killed                  nohup python scripts/run_hyperparameter_tuning.py --config "$cfg" --arm d --threshold "$pos" --neg_threshold "$neg" --n_trials "$n_trials" --max_users "$MAX_USERS" --overwrite > "$wlog" 2>&1
./run_hpt_parallel.sh: line 111: 141052 Killed                  nohup python scripts/run_hyperparameter_tuning.py --config "$cfg" --arm d --threshold "$pos" --neg_threshold "$neg" --n_trials "$n_trials" --max_users "$MAX_USERS" --overwrite > "$wlog" 2>&1
./run_hpt_parallel.sh: line 111: 141069 Killed                  nohup python scripts/run_hyperparameter_tuning.py --config "$cfg" --arm d --threshold "$pos" --neg_threshold "$neg" --n_trials "$n_trials" --max_users "$MAX_USERS" --overwrite > "$wlog" 2>&1
./run_hpt_parallel.sh: line 111: 141089 Killed                  nohup python scripts/run_hyperparameter_tuning.py --config "$cfg" --arm d --threshold "$pos" --neg_threshold "$neg" --n_trials "$n_trials" --max_users "$MAX_USERS" --overwrite > "$wlog" 2>&1
./run_hpt_parallel.sh: line 111: 141093 Killed                  nohup python scripts/run_hyperparameter_tuning.py --config "$cfg" --arm d --threshold "$pos" --neg_threshold "$neg" --n_trials "$n_trials" --max_users "$MAX_USERS" --overwrite > "$wlog" 2>&1
./run_hpt_parallel.sh: line 111: 141119 Killed                  nohup python scripts/run_hyperparameter_tuning.py --config "$cfg" --arm d --threshold "$pos" --neg_threshold "$neg" --n_trials "$n_trials" --max_users "$MAX_USERS" --overwrite > "$wlog" 2>&1
./run_hpt_parallel.sh: line 111: 141125 Killed                  nohup python scripts/run_hyperparameter_tuning.py --config "$cfg" --arm d --threshold "$pos" --neg_threshold "$neg" --n_trials "$n_trials" --max_users "$MAX_USERS" --overwrite > "$wlog" 2>&1
./run_hpt_parallel.sh: line 111: 141126 Killed                  nohup python scripts/run_hyperparameter_tuning.py --config "$cfg" --arm d --threshold "$pos" --neg_threshold "$neg" --n_trials "$n_trials" --max_users "$MAX_USERS" --overwrite > "$wlog" 2>&1
./run_hpt_parallel.sh: line 111: 141127 Killed                  nohup python scripts/run_hyperparameter_tuning.py --config "$cfg" --arm d --threshold "$pos" --neg_threshold "$neg" --n_trials "$n_trials" --max_users "$MAX_USERS" --overwrite > "$wlog" 2>&1
./run_hpt_parallel.sh: line 111: 141132 Killed                  nohup python scripts/run_hyperparameter_tuning.py --config "$cfg" --arm d --threshold "$pos" --neg_threshold "$neg" --n_trials "$n_trials" --max_users "$MAX_USERS" --overwrite > "$wlog" 2>&1
./run_hpt_parallel.sh: line 111: 141133 Killed                  nohup python scripts/run_hyperparameter_tuning.py --config "$cfg" --arm d --threshold "$pos" --neg_threshold "$neg" --n_trials "$n_trials" --max_users "$MAX_USERS" --overwrite > "$wlog" 2>&1
./run_hpt_parallel.sh: line 111: 141136 Killed                  nohup python scripts/run_hyperparameter_tuning.py --config "$cfg" --arm d --threshold "$pos" --neg_threshold "$neg" --n_trials "$n_trials" --max_users "$MAX_USERS" --overwrite > "$wlog" 2>&1
./run_hpt_parallel.sh: line 111: 140962 Killed                  nohup python scripts/run_hyperparameter_tuning.py --config "$cfg" --arm d --threshold "$pos" --neg_threshold "$neg" --n_trials "$n_trials" --max_users "$MAX_USERS" --overwrite > "$wlog" 2>&1
./run_hpt_parallel.sh: line 111: 140965 Killed                  nohup python scripts/run_hyperparameter_tuning.py --config "$cfg" --arm d --threshold "$pos" --neg_threshold "$neg" --n_trials "$n_trials" --max_users "$MAX_USERS" --overwrite > "$wlog" 2>&1
./run_hpt_parallel.sh: line 111: 140974 Killed                  nohup python scripts/run_hyperparameter_tuning.py --config "$cfg" --arm d --threshold "$pos" --neg_threshold "$neg" --n_trials "$n_trials" --max_users "$MAX_USERS" --overwrite > "$wlog" 2>&1
./run_hpt_parallel.sh: line 111: 140978 Killed                  nohup python scripts/run_hyperparameter_tuning.py --config "$cfg" --arm d --threshold "$pos" --neg_threshold "$neg" --n_trials "$n_trials" --max_users "$MAX_USERS" --overwrite > "$wlog" 2>&1
./run_hpt_parallel.sh: line 111: 140996 Killed                  nohup python scripts/run_hyperparameter_tuning.py --config "$cfg" --arm d --threshold "$pos" --neg_threshold "$neg" --n_trials "$n_trials" --max_users "$MAX_USERS" --overwrite > "$wlog" 2>&1
./run_hpt_parallel.sh: line 111: 141012 Killed                  nohup python scripts/run_hyperparameter_tuning.py --config "$cfg" --arm d --threshold "$pos" --neg_threshold "$neg" --n_trials "$n_trials" --max_users "$MAX_USERS" --overwrite > "$wlog" 2>&1
./run_hpt_parallel.sh: line 111: 141015 Killed                  nohup python scripts/run_hyperparameter_tuning.py --config "$cfg" --arm d --threshold "$pos" --neg_threshold "$neg" --n_trials "$n_trials" --max_users "$MAX_USERS" --overwrite > "$wlog" 2>&1
./run_hpt_parallel.sh: line 111: 141019 Killed                  nohup python scripts/run_hyperparameter_tuning.py --config "$cfg" --arm d --threshold "$pos" --neg_threshold "$neg" --n_trials "$n_trials" --max_users "$MAX_USERS" --overwrite > "$wlog" 2>&1
./run_hpt_parallel.sh: line 111: 141041 Killed                  nohup python scripts/run_hyperparameter_tuning.py --config "$cfg" --arm d --threshold "$pos" --neg_threshold "$neg" --n_trials "$n_trials" --max_users "$MAX_USERS" --overwrite > "$wlog" 2>&1
./run_hpt_parallel.sh: line 111: 141046 Killed                  nohup python scripts/run_hyperparameter_tuning.py --config "$cfg" --arm d --threshold "$pos" --neg_threshold "$neg" --n_trials "$n_trials" --max_users "$MAX_USERS" --overwrite > "$wlog" 2>&1
./run_hpt_parallel.sh: line 111: 141059 Killed                  nohup python scripts/run_hyperparameter_tuning.py --config "$cfg" --arm d --threshold "$pos" --neg_threshold "$neg" --n_trials "$n_trials" --max_users "$MAX_USERS" --overwrite > "$wlog" 2>&1
./run_hpt_parallel.sh: line 111: 141062 Killed                  nohup python scripts/run_hyperparameter_tuning.py --config "$cfg" --arm d --threshold "$pos" --neg_threshold "$neg" --n_trials "$n_trials" --max_users "$MAX_USERS" --overwrite > "$wlog" 2>&1
./run_hpt_parallel.sh: line 111: 141068 Killed                  nohup python scripts/run_hyperparameter_tuning.py --config "$cfg" --arm d --threshold "$pos" --neg_threshold "$neg" --n_trials "$n_trials" --max_users "$MAX_USERS" --overwrite > "$wlog" 2>&1
./run_hpt_parallel.sh: line 111: 141073 Killed                  nohup python scripts/run_hyperparameter_tuning.py --config "$cfg" --arm d --threshold "$pos" --neg_threshold "$neg" --n_trials "$n_trials" --max_users "$MAX_USERS" --overwrite > "$wlog" 2>&1
./run_hpt_parallel.sh: line 111: 141078 Killed                  nohup python scripts/run_hyperparameter_tuning.py --config "$cfg" --arm d --threshold "$pos" --neg_threshold "$neg" --n_trials "$n_trials" --max_users "$MAX_USERS" --overwrite > "$wlog" 2>&1
./run_hpt_parallel.sh: line 111: 141086 Killed                  nohup python scripts/run_hyperparameter_tuning.py --config "$cfg" --arm d --threshold "$pos" --neg_threshold "$neg" --n_trials "$n_trials" --max_users "$MAX_USERS" --overwrite > "$wlog" 2>&1
./run_hpt_parallel.sh: line 111: 141087 Killed                  nohup python scripts/run_hyperparameter_tuning.py --config "$cfg" --arm d --threshold "$pos" --neg_threshold "$neg" --n_trials "$n_trials" --max_users "$MAX_USERS" --overwrite > "$wlog" 2>&1
./run_hpt_parallel.sh: line 111: 141090 Killed                  nohup python scripts/run_hyperparameter_tuning.py --config "$cfg" --arm d --threshold "$pos" --neg_threshold "$neg" --n_trials "$n_trials" --max_users "$MAX_USERS" --overwrite > "$wlog" 2>&1
./run_hpt_parallel.sh: line 111: 141100 Killed                  nohup python scripts/run_hyperparameter_tuning.py --config "$cfg" --arm d --threshold "$pos" --neg_threshold "$neg" --n_trials "$n_trials" --max_users "$MAX_USERS" --overwrite > "$wlog" 2>&1
./run_hpt_parallel.sh: line 111: 141103 Killed                  nohup python scripts/run_hyperparameter_tuning.py --config "$cfg" --arm d --threshold "$pos" --neg_threshold "$neg" --n_trials "$n_trials" --max_users "$MAX_USERS" --overwrite > "$wlog" 2>&1
./run_hpt_parallel.sh: line 111: 141115 Killed                  nohup python scripts/run_hyperparameter_tuning.py --config "$cfg" --arm d --threshold "$pos" --neg_threshold "$neg" --n_trials "$n_trials" --max_users "$MAX_USERS" --overwrite > "$wlog" 2>&1
./run_hpt_parallel.sh: line 111: 141143 Killed                  nohup python scripts/run_hyperparameter_tuning.py --config "$cfg" --arm d --threshold "$pos" --neg_threshold "$neg" --n_trials "$n_trials" --max_users "$MAX_USERS" --overwrite > "$wlog" 2>&1
./run_hpt_parallel.sh: line 111: 141147 Killed                  nohup python scripts/run_hyperparameter_tuning.py --config "$cfg" --arm d --threshold "$pos" --neg_threshold "$neg" --n_trials "$n_trials" --max_users "$MAX_USERS" --overwrite > "$wlog" 2>&1
./run_hpt_parallel.sh: line 111: 140966 Killed                  nohup python scripts/run_hyperparameter_tuning.py --config "$cfg" --arm d --threshold "$pos" --neg_threshold "$neg" --n_trials "$n_trials" --max_users "$MAX_USERS" --overwrite > "$wlog" 2>&1
./run_hpt_parallel.sh: line 111: 140968 Killed                  nohup python scripts/run_hyperparameter_tuning.py --config "$cfg" --arm d --threshold "$pos" --neg_threshold "$neg" --n_trials "$n_trials" --max_users "$MAX_USERS" --overwrite > "$wlog" 2>&1
./run_hpt_parallel.sh: line 111: 140986 Killed                  nohup python scripts/run_hyperparameter_tuning.py --config "$cfg" --arm d --threshold "$pos" --neg_threshold "$neg" --n_trials "$n_trials" --max_users "$MAX_USERS" --overwrite > "$wlog" 2>&1
./run_hpt_parallel.sh: line 111: 140987 Killed                  nohup python scripts/run_hyperparameter_tuning.py --config "$cfg" --arm d --threshold "$pos" --neg_threshold "$neg" --n_trials "$n_trials" --max_users "$MAX_USERS" --overwrite > "$wlog" 2>&1
./run_hpt_parallel.sh: line 111: 140988 Killed                  nohup python scripts/run_hyperparameter_tuning.py --config "$cfg" --arm d --threshold "$pos" --neg_threshold "$neg" --n_trials "$n_trials" --max_users "$MAX_USERS" --overwrite > "$wlog" 2>&1
./run_hpt_parallel.sh: line 111: 141029 Killed                  nohup python scripts/run_hyperparameter_tuning.py --config "$cfg" --arm d --threshold "$pos" --neg_threshold "$neg" --n_trials "$n_trials" --max_users "$MAX_USERS" --overwrite > "$wlog" 2>&1
./run_hpt_parallel.sh: line 111: 141036 Killed                  nohup python scripts/run_hyperparameter_tuning.py --config "$cfg" --arm d --threshold "$pos" --neg_threshold "$neg" --n_trials "$n_trials" --max_users "$MAX_USERS" --overwrite > "$wlog" 2>&1
./run_hpt_parallel.sh: line 111: 141050 Killed                  nohup python scripts/run_hyperparameter_tuning.py --config "$cfg" --arm d --threshold "$pos" --neg_threshold "$neg" --n_trials "$n_trials" --max_users "$MAX_USERS" --overwrite > "$wlog" 2>&1
./run_hpt_parallel.sh: line 111: 141054 Killed                  nohup python scripts/run_hyperparameter_tuning.py --config "$cfg" --arm d --threshold "$pos" --neg_threshold "$neg" --n_trials "$n_trials" --max_users "$MAX_USERS" --overwrite > "$wlog" 2>&1
./run_hpt_parallel.sh: line 111: 141058 Killed                  nohup python scripts/run_hyperparameter_tuning.py --config "$cfg" --arm d --threshold "$pos" --neg_threshold "$neg" --n_trials "$n_trials" --max_users "$MAX_USERS" --overwrite > "$wlog" 2>&1
./run_hpt_parallel.sh: line 111: 141067 Killed                  nohup python scripts/run_hyperparameter_tuning.py --config "$cfg" --arm d --threshold "$pos" --neg_threshold "$neg" --n_trials "$n_trials" --max_users "$MAX_USERS" --overwrite > "$wlog" 2>&1
./run_hpt_parallel.sh: line 111: 141071 Killed                  nohup python scripts/run_hyperparameter_tuning.py --config "$cfg" --arm d --threshold "$pos" --neg_threshold "$neg" --n_trials "$n_trials" --max_users "$MAX_USERS" --overwrite > "$wlog" 2>&1
./run_hpt_parallel.sh: line 111: 141084 Killed                  nohup python scripts/run_hyperparameter_tuning.py --config "$cfg" --arm d --threshold "$pos" --neg_threshold "$neg" --n_trials "$n_trials" --max_users "$MAX_USERS" --overwrite > "$wlog" 2>&1
./run_hpt_parallel.sh: line 111: 141097 Killed                  nohup python scripts/run_hyperparameter_tuning.py --config "$cfg" --arm d --threshold "$pos" --neg_threshold "$neg" --n_trials "$n_trials" --max_users "$MAX_USERS" --overwrite > "$wlog" 2>&1
./run_hpt_parallel.sh: line 111: 141105 Killed                  nohup python scripts/run_hyperparameter_tuning.py --config "$cfg" --arm d --threshold "$pos" --neg_threshold "$neg" --n_trials "$n_trials" --max_users "$MAX_USERS" --overwrite > "$wlog" 2>&1
./run_hpt_parallel.sh: line 111: 141121 Killed                  nohup python scripts/run_hyperparameter_tuning.py --config "$cfg" --arm d --threshold "$pos" --neg_threshold "$neg" --n_trials "$n_trials" --max_users "$MAX_USERS" --overwrite > "$wlog" 2>&1
./run_hpt_parallel.sh: line 111: 141124 Killed                  nohup python scripts/run_hyperparameter_tuning.py --config "$cfg" --arm d --threshold "$pos" --neg_threshold "$neg" --n_trials "$n_trials" --max_users "$MAX_USERS" --overwrite > "$wlog" 2>&1
./run_hpt_parallel.sh: line 111: 141128 Killed                  nohup python scripts/run_hyperparameter_tuning.py --config "$cfg" --arm d --threshold "$pos" --neg_threshold "$neg" --n_trials "$n_trials" --max_users "$MAX_USERS" --overwrite > "$wlog" 2>&1
./run_hpt_parallel.sh: line 111: 141131 Killed                  nohup python scripts/run_hyperparameter_tuning.py --config "$cfg" --arm d --threshold "$pos" --neg_threshold "$neg" --n_trials "$n_trials" --max_users "$MAX_USERS" --overwrite > "$wlog" 2>&1
./run_hpt_parallel.sh: line 111: 141134 Killed                  nohup python scripts/run_hyperparameter_tuning.py --config "$cfg" --arm d --threshold "$pos" --neg_threshold "$neg" --n_trials "$n_trials" --max_users "$MAX_USERS" --overwrite > "$wlog" 2>&1
./run_hpt_parallel.sh: line 111: 141138 Killed                  nohup python scripts/run_hyperparameter_tuning.py --config "$cfg" --arm d --threshold "$pos" --neg_threshold "$neg" --n_trials "$n_trials" --max_users "$MAX_USERS" --overwrite > "$wlog" 2>&1
./run_hpt_parallel.sh: line 111: 141140 Killed                  nohup python scripts/run_hyperparameter_tuning.py --config "$cfg" --arm d --threshold "$pos" --neg_threshold "$neg" --n_trials "$n_trials" --max_users "$MAX_USERS" --overwrite > "$wlog" 2>&1
./run_hpt_parallel.sh: line 111: 141141 Killed                  nohup python scripts/run_hyperparameter_tuning.py --config "$cfg" --arm d --threshold "$pos" --neg_threshold "$neg" --n_trials "$n_trials" --max_users "$MAX_USERS" --overwrite > "$wlog" 2>&1
./run_hpt_parallel.sh: line 111: 141144 Killed                  nohup python scripts/run_hyperparameter_tuning.py --config "$cfg" --arm d --threshold "$pos" --neg_threshold "$neg" --n_trials "$n_trials" --max_users "$MAX_USERS" --overwrite > "$wlog" 2>&1
./run_hpt_parallel.sh: line 111: 141081 Killed                  nohup python scripts/run_hyperparameter_tuning.py --config "$cfg" --arm d --threshold "$pos" --neg_threshold "$neg" --n_trials "$n_trials" --max_users "$MAX_USERS" --overwrite > "$wlog" 2>&1
./run_hpt_parallel.sh: line 111: 141122 Killed                  nohup python scripts/run_hyperparameter_tuning.py --config "$cfg" --arm d --threshold "$pos" --neg_threshold "$neg" --n_trials "$n_trials" --max_users "$MAX_USERS" --overwrite > "$wlog" 2>&1
  WARNING: one or more workers exited non-zero — check logs
  Results:
    w1: 
    w2: 
    w3: 
    w4: 
    w5: 
    w6: 
    w7: 
    w8: 
    w9: 
    w10: 
    w11: 
    w12: 
    w13: 
    w14: 
    w15: 
    w16: 
    w17: 
    w18: 
    w19: 
    w20: 
    w21: 
    w22: 
    w23: 
    w24: 
    w25: 
    w26: 
    w27: 
    w28: 
    w29: 
    w30: 
    w31: 
    w32: 
    w33: 
    w34: 
    w35: 
    w36: 
    w37: 
    w38: 
    w39: 
    w40: 
    w41: 
    w42: 
    w43: 
    w44: 
    w45: 
    w46: 
    w47: 
    w48: 
    w49: 
    w50: 
    w51: 
    w52: 
    w53: 
    w54: 
    w55: 
    w56: 
    w57: 
    w58: 
    w59: 
    w60: 
    w61: 
    w62: 
    w63: 
    w64: 
    w65: 
    w66: 
    w67: 
    w68: 
    w69: 
    w70: 
    w71: 
    w72: 
    w73: 
    w74: 
    w75: 
    w76: 
    w77: 
    w78: 
    w79: 
    w80: 
    w81: 
    w82: 
    w83: 
    w84: 
    w85: 
    w86: 
    w87: 
    w88: 
    w89: 
    w90: 
    w91: 
    w92: 
    w93: 
    w94: 
    w95: 
    w96: 
    w97: 
    w98: 
    w99: 
    w100: 
    w101: 
    w102: 
    w103: 
    w104: 
    w105: 
    w106: 
    w107: 
    w108: 
    w109: 
    w110: 
    w111: 
    w112: 
    w113: 
    w114: 
    w115: 
    w116: 
    w117: 
    w118: 
    w119: 
    w120: 
    w121: 
    w122: 
    w123: 
    w124: 
    w125: 
    w126: 
    w127: 
    w128: 
    w129: 
    w130: 
    w131: 
    w132: 
    w133: 
    w134: 
    w135: 
    w136: 
    w137: 
    w138: 
    w139: 
    w140: 
    w141: 
    w142: 
    w143: 
    w144: 
    w145: 
    w146: 
    w147: 
    w148: 
    w149: 
    w150: 
    w151: 
    w152: 
    w153: 
    w154: 
    w155: 
    w156: 
    w157: 
    w158: 
    w159: 
    w160: 
    w161: 
    w162: 
    w163: 
    w164: 
    w165: 
    w166: 
    w167: 
    w168: 
    w169: 
    w170: 
    w171: 
    w172: 
    w173: 
    w174: 
    w175: 
    w176: 
    w177: 
    w178: 
    w179: 
    w180: 
    w181: 
    w182: 
    w183: 
    w184: 
    w185: 
    w186: 
    w187: 
    w188: 
    w189: 
    w190: 
    w191: 
    w192: 
    w193: 
    w194: 
    w195: 
    w196: 
    w197: 
    w198: 
    w199: 
    w200: 

══════════════════════════════════════════════════════════════
  Launching 200 workers: movielens_10m / p4_n2
  Config: configs/movielens_10m.yaml  |  pos≥4 neg≤2
  Total target trials: 150  |  MAX_USERS: 5000
  Workers share: outputs/movielens/10m/tuning/arm_d/pos_ge_4_neg_le_2/study.db
══════════════════════════════════════════════════════════════
  [w1] PID 142817  →  logs/hpt_parallel_20260529_223607_movielens_10m_p4_n2_w1.log
  [w2] PID 142818  →  logs/hpt_parallel_20260529_223607_movielens_10m_p4_n2_w2.log
  [w3] PID 142819  →  logs/hpt_parallel_20260529_223607_movielens_10m_p4_n2_w3.log
  [w4] PID 142820  →  logs/hpt_parallel_20260529_223607_movielens_10m_p4_n2_w4.log
  [w5] PID 142821  →  logs/hpt_parallel_20260529_223607_movielens_10m_p4_n2_w5.log
  [w6] PID 142822  →  logs/hpt_parallel_20260529_223607_movielens_10m_p4_n2_w6.log
  [w7] PID 142823  →  logs/hpt_parallel_20260529_223607_movielens_10m_p4_n2_w7.log
  [w8] PID 142824  →  logs/hpt_parallel_20260529_223607_movielens_10m_p4_n2_w8.log
  [w9] PID 142825  →  logs/hpt_parallel_20260529_223607_movielens_10m_p4_n2_w9.log
  [w10] PID 142826  →  logs/hpt_parallel_20260529_223607_movielens_10m_p4_n2_w10.log
  [w11] PID 142827  →  logs/hpt_parallel_20260529_223607_movielens_10m_p4_n2_w11.log
  [w12] PID 142828  →  logs/hpt_parallel_20260529_223607_movielens_10m_p4_n2_w12.log
  [w13] PID 142829  →  logs/hpt_parallel_20260529_223607_movielens_10m_p4_n2_w13.log
  [w14] PID 142830  →  logs/hpt_parallel_20260529_223607_movielens_10m_p4_n2_w14.log
  [w15] PID 142831  →  logs/hpt_parallel_20260529_223607_movielens_10m_p4_n2_w15.log
  [w16] PID 142832  →  logs/hpt_parallel_20260529_223607_movielens_10m_p4_n2_w16.log
  [w17] PID 142833  →  logs/hpt_parallel_20260529_223607_movielens_10m_p4_n2_w17.log
  [w18] PID 142834  →  logs/hpt_parallel_20260529_223607_movielens_10m_p4_n2_w18.log
  [w19] PID 142835  →  logs/hpt_parallel_20260529_223607_movielens_10m_p4_n2_w19.log
  [w20] PID 142836  →  logs/hpt_parallel_20260529_223607_movielens_10m_p4_n2_w20.log
  [w21] PID 142837  →  logs/hpt_parallel_20260529_223607_movielens_10m_p4_n2_w21.log
  [w22] PID 142838  →  logs/hpt_parallel_20260529_223607_movielens_10m_p4_n2_w22.log
  [w23] PID 142839  →  logs/hpt_parallel_20260529_223607_movielens_10m_p4_n2_w23.log
  [w24] PID 142840  →  logs/hpt_parallel_20260529_223607_movielens_10m_p4_n2_w24.log
  [w25] PID 142841  →  logs/hpt_parallel_20260529_223607_movielens_10m_p4_n2_w25.log
  [w26] PID 142842  →  logs/hpt_parallel_20260529_223607_movielens_10m_p4_n2_w26.log
  [w27] PID 142843  →  logs/hpt_parallel_20260529_223607_movielens_10m_p4_n2_w27.log
  [w28] PID 142844  →  logs/hpt_parallel_20260529_223607_movielens_10m_p4_n2_w28.log
  [w29] PID 142845  →  logs/hpt_parallel_20260529_223607_movielens_10m_p4_n2_w29.log
  [w30] PID 142846  →  logs/hpt_parallel_20260529_223607_movielens_10m_p4_n2_w30.log
  [w31] PID 142847  →  logs/hpt_parallel_20260529_223607_movielens_10m_p4_n2_w31.log
  [w32] PID 142848  →  logs/hpt_parallel_20260529_223607_movielens_10m_p4_n2_w32.log
  [w33] PID 142849  →  logs/hpt_parallel_20260529_223607_movielens_10m_p4_n2_w33.log
  [w34] PID 142850  →  logs/hpt_parallel_20260529_223607_movielens_10m_p4_n2_w34.log
  [w35] PID 142851  →  logs/hpt_parallel_20260529_223607_movielens_10m_p4_n2_w35.log
  [w36] PID 142852  →  logs/hpt_parallel_20260529_223607_movielens_10m_p4_n2_w36.log
  [w37] PID 142853  →  logs/hpt_parallel_20260529_223607_movielens_10m_p4_n2_w37.log
  [w38] PID 142854  →  logs/hpt_parallel_20260529_223607_movielens_10m_p4_n2_w38.log
  [w39] PID 142855  →  logs/hpt_parallel_20260529_223607_movielens_10m_p4_n2_w39.log
  [w40] PID 142856  →  logs/hpt_parallel_20260529_223607_movielens_10m_p4_n2_w40.log
  [w41] PID 142857  →  logs/hpt_parallel_20260529_223607_movielens_10m_p4_n2_w41.log
  [w42] PID 142858  →  logs/hpt_parallel_20260529_223607_movielens_10m_p4_n2_w42.log
  [w43] PID 142859  →  logs/hpt_parallel_20260529_223607_movielens_10m_p4_n2_w43.log
  [w44] PID 142860  →  logs/hpt_parallel_20260529_223607_movielens_10m_p4_n2_w44.log
  [w45] PID 142861  →  logs/hpt_parallel_20260529_223607_movielens_10m_p4_n2_w45.log
  [w46] PID 142862  →  logs/hpt_parallel_20260529_223607_movielens_10m_p4_n2_w46.log
  [w47] PID 142863  →  logs/hpt_parallel_20260529_223607_movielens_10m_p4_n2_w47.log
  [w48] PID 142864  →  logs/hpt_parallel_20260529_223607_movielens_10m_p4_n2_w48.log
  [w49] PID 142865  →  logs/hpt_parallel_20260529_223607_movielens_10m_p4_n2_w49.log
  [w50] PID 142866  →  logs/hpt_parallel_20260529_223607_movielens_10m_p4_n2_w50.log
  [w51] PID 142867  →  logs/hpt_parallel_20260529_223607_movielens_10m_p4_n2_w51.log
  [w52] PID 142868  →  logs/hpt_parallel_20260529_223607_movielens_10m_p4_n2_w52.log
  [w53] PID 142869  →  logs/hpt_parallel_20260529_223607_movielens_10m_p4_n2_w53.log
  [w54] PID 142870  →  logs/hpt_parallel_20260529_223607_movielens_10m_p4_n2_w54.log
  [w55] PID 142871  →  logs/hpt_parallel_20260529_223607_movielens_10m_p4_n2_w55.log
  [w56] PID 142872  →  logs/hpt_parallel_20260529_223607_movielens_10m_p4_n2_w56.log
  [w57] PID 142873  →  logs/hpt_parallel_20260529_223607_movielens_10m_p4_n2_w57.log
  [w58] PID 142874  →  logs/hpt_parallel_20260529_223607_movielens_10m_p4_n2_w58.log
  [w59] PID 142875  →  logs/hpt_parallel_20260529_223607_movielens_10m_p4_n2_w59.log
  [w60] PID 142876  →  logs/hpt_parallel_20260529_223607_movielens_10m_p4_n2_w60.log
  [w61] PID 142877  →  logs/hpt_parallel_20260529_223607_movielens_10m_p4_n2_w61.log
  [w62] PID 142878  →  logs/hpt_parallel_20260529_223607_movielens_10m_p4_n2_w62.log
  [w63] PID 142879  →  logs/hpt_parallel_20260529_223607_movielens_10m_p4_n2_w63.log
  [w64] PID 142880  →  logs/hpt_parallel_20260529_223607_movielens_10m_p4_n2_w64.log
  [w65] PID 142881  →  logs/hpt_parallel_20260529_223607_movielens_10m_p4_n2_w65.log
  [w66] PID 142882  →  logs/hpt_parallel_20260529_223607_movielens_10m_p4_n2_w66.log
  [w67] PID 142883  →  logs/hpt_parallel_20260529_223607_movielens_10m_p4_n2_w67.log
  [w68] PID 142884  →  logs/hpt_parallel_20260529_223607_movielens_10m_p4_n2_w68.log
  [w69] PID 142885  →  logs/hpt_parallel_20260529_223607_movielens_10m_p4_n2_w69.log
  [w70] PID 142886  →  logs/hpt_parallel_20260529_223607_movielens_10m_p4_n2_w70.log
  [w71] PID 142887  →  logs/hpt_parallel_20260529_223607_movielens_10m_p4_n2_w71.log
  [w72] PID 142888  →  logs/hpt_parallel_20260529_223607_movielens_10m_p4_n2_w72.log
  [w73] PID 142889  →  logs/hpt_parallel_20260529_223607_movielens_10m_p4_n2_w73.log
  [w74] PID 142890  →  logs/hpt_parallel_20260529_223607_movielens_10m_p4_n2_w74.log
  [w75] PID 142891  →  logs/hpt_parallel_20260529_223607_movielens_10m_p4_n2_w75.log
  [w76] PID 142892  →  logs/hpt_parallel_20260529_223607_movielens_10m_p4_n2_w76.log
  [w77] PID 142893  →  logs/hpt_parallel_20260529_223607_movielens_10m_p4_n2_w77.log
  [w78] PID 142894  →  logs/hpt_parallel_20260529_223607_movielens_10m_p4_n2_w78.log
  [w79] PID 142895  →  logs/hpt_parallel_20260529_223607_movielens_10m_p4_n2_w79.log
  [w80] PID 142896  →  logs/hpt_parallel_20260529_223607_movielens_10m_p4_n2_w80.log
  [w81] PID 142897  →  logs/hpt_parallel_20260529_223607_movielens_10m_p4_n2_w81.log
  [w82] PID 142898  →  logs/hpt_parallel_20260529_223607_movielens_10m_p4_n2_w82.log
  [w83] PID 142899  →  logs/hpt_parallel_20260529_223607_movielens_10m_p4_n2_w83.log
  [w84] PID 142900  →  logs/hpt_parallel_20260529_223607_movielens_10m_p4_n2_w84.log
  [w85] PID 142901  →  logs/hpt_parallel_20260529_223607_movielens_10m_p4_n2_w85.log
  [w86] PID 142902  →  logs/hpt_parallel_20260529_223607_movielens_10m_p4_n2_w86.log
  [w87] PID 142904  →  logs/hpt_parallel_20260529_223607_movielens_10m_p4_n2_w87.log
  [w88] PID 142907  →  logs/hpt_parallel_20260529_223607_movielens_10m_p4_n2_w88.log
  [w89] PID 142908  →  logs/hpt_parallel_20260529_223607_movielens_10m_p4_n2_w89.log
  [w90] PID 142910  →  logs/hpt_parallel_20260529_223607_movielens_10m_p4_n2_w90.log
  [w91] PID 142911  →  logs/hpt_parallel_20260529_223607_movielens_10m_p4_n2_w91.log
  [w92] PID 142912  →  logs/hpt_parallel_20260529_223607_movielens_10m_p4_n2_w92.log
  [w93] PID 142914  →  logs/hpt_parallel_20260529_223607_movielens_10m_p4_n2_w93.log
  [w94] PID 142915  →  logs/hpt_parallel_20260529_223607_movielens_10m_p4_n2_w94.log
  [w95] PID 142916  →  logs/hpt_parallel_20260529_223607_movielens_10m_p4_n2_w95.log
  [w96] PID 142917  →  logs/hpt_parallel_20260529_223607_movielens_10m_p4_n2_w96.log
  [w97] PID 142918  →  logs/hpt_parallel_20260529_223607_movielens_10m_p4_n2_w97.log
  [w98] PID 142919  →  logs/hpt_parallel_20260529_223607_movielens_10m_p4_n2_w98.log
  [w99] PID 142922  →  logs/hpt_parallel_20260529_223607_movielens_10m_p4_n2_w99.log
  [w100] PID 142925  →  logs/hpt_parallel_20260529_223607_movielens_10m_p4_n2_w100.log
  [w101] PID 142926  →  logs/hpt_parallel_20260529_223607_movielens_10m_p4_n2_w101.log
  [w102] PID 142927  →  logs/hpt_parallel_20260529_223607_movielens_10m_p4_n2_w102.log
  [w103] PID 142928  →  logs/hpt_parallel_20260529_223607_movielens_10m_p4_n2_w103.log
  [w104] PID 142929  →  logs/hpt_parallel_20260529_223607_movielens_10m_p4_n2_w104.log
  [w105] PID 142934  →  logs/hpt_parallel_20260529_223607_movielens_10m_p4_n2_w105.log
  [w106] PID 142935  →  logs/hpt_parallel_20260529_223607_movielens_10m_p4_n2_w106.log
  [w107] PID 142936  →  logs/hpt_parallel_20260529_223607_movielens_10m_p4_n2_w107.log
  [w108] PID 142937  →  logs/hpt_parallel_20260529_223607_movielens_10m_p4_n2_w108.log
  [w109] PID 142938  →  logs/hpt_parallel_20260529_223607_movielens_10m_p4_n2_w109.log
  [w110] PID 142942  →  logs/hpt_parallel_20260529_223607_movielens_10m_p4_n2_w110.log
  [w111] PID 142943  →  logs/hpt_parallel_20260529_223607_movielens_10m_p4_n2_w111.log
  [w112] PID 142944  →  logs/hpt_parallel_20260529_223607_movielens_10m_p4_n2_w112.log
  [w113] PID 142946  →  logs/hpt_parallel_20260529_223607_movielens_10m_p4_n2_w113.log
  [w114] PID 142947  →  logs/hpt_parallel_20260529_223607_movielens_10m_p4_n2_w114.log
  [w115] PID 142948  →  logs/hpt_parallel_20260529_223607_movielens_10m_p4_n2_w115.log
  [w116] PID 142950  →  logs/hpt_parallel_20260529_223607_movielens_10m_p4_n2_w116.log
  [w117] PID 142951  →  logs/hpt_parallel_20260529_223607_movielens_10m_p4_n2_w117.log
  [w118] PID 142952  →  logs/hpt_parallel_20260529_223607_movielens_10m_p4_n2_w118.log
  [w119] PID 142954  →  logs/hpt_parallel_20260529_223607_movielens_10m_p4_n2_w119.log
  [w120] PID 142955  →  logs/hpt_parallel_20260529_223607_movielens_10m_p4_n2_w120.log
  [w121] PID 142958  →  logs/hpt_parallel_20260529_223607_movielens_10m_p4_n2_w121.log
  [w122] PID 142960  →  logs/hpt_parallel_20260529_223607_movielens_10m_p4_n2_w122.log
  [w123] PID 142961  →  logs/hpt_parallel_20260529_223607_movielens_10m_p4_n2_w123.log
  [w124] PID 142962  →  logs/hpt_parallel_20260529_223607_movielens_10m_p4_n2_w124.log
  [w125] PID 142963  →  logs/hpt_parallel_20260529_223607_movielens_10m_p4_n2_w125.log
  [w126] PID 142966  →  logs/hpt_parallel_20260529_223607_movielens_10m_p4_n2_w126.log
  [w127] PID 142967  →  logs/hpt_parallel_20260529_223607_movielens_10m_p4_n2_w127.log
  [w128] PID 142968  →  logs/hpt_parallel_20260529_223607_movielens_10m_p4_n2_w128.log
  [w129] PID 142969  →  logs/hpt_parallel_20260529_223607_movielens_10m_p4_n2_w129.log
  [w130] PID 142971  →  logs/hpt_parallel_20260529_223607_movielens_10m_p4_n2_w130.log
  [w131] PID 142972  →  logs/hpt_parallel_20260529_223607_movielens_10m_p4_n2_w131.log
  [w132] PID 142973  →  logs/hpt_parallel_20260529_223607_movielens_10m_p4_n2_w132.log
  [w133] PID 142974  →  logs/hpt_parallel_20260529_223607_movielens_10m_p4_n2_w133.log
  [w134] PID 142975  →  logs/hpt_parallel_20260529_223607_movielens_10m_p4_n2_w134.log
  [w135] PID 142976  →  logs/hpt_parallel_20260529_223607_movielens_10m_p4_n2_w135.log
  [w136] PID 142977  →  logs/hpt_parallel_20260529_223607_movielens_10m_p4_n2_w136.log
  [w137] PID 142980  →  logs/hpt_parallel_20260529_223607_movielens_10m_p4_n2_w137.log
  [w138] PID 142981  →  logs/hpt_parallel_20260529_223607_movielens_10m_p4_n2_w138.log
  [w139] PID 142985  →  logs/hpt_parallel_20260529_223607_movielens_10m_p4_n2_w139.log
  [w140] PID 142986  →  logs/hpt_parallel_20260529_223607_movielens_10m_p4_n2_w140.log
  [w141] PID 142987  →  logs/hpt_parallel_20260529_223607_movielens_10m_p4_n2_w141.log
  [w142] PID 142988  →  logs/hpt_parallel_20260529_223607_movielens_10m_p4_n2_w142.log
  [w143] PID 142989  →  logs/hpt_parallel_20260529_223607_movielens_10m_p4_n2_w143.log
  [w144] PID 142991  →  logs/hpt_parallel_20260529_223607_movielens_10m_p4_n2_w144.log
  [w145] PID 142992  →  logs/hpt_parallel_20260529_223607_movielens_10m_p4_n2_w145.log
  [w146] PID 142994  →  logs/hpt_parallel_20260529_223607_movielens_10m_p4_n2_w146.log
  [w147] PID 142995  →  logs/hpt_parallel_20260529_223607_movielens_10m_p4_n2_w147.log
  [w148] PID 142996  →  logs/hpt_parallel_20260529_223607_movielens_10m_p4_n2_w148.log
  [w149] PID 142997  →  logs/hpt_parallel_20260529_223607_movielens_10m_p4_n2_w149.log
  [w150] PID 143001  →  logs/hpt_parallel_20260529_223607_movielens_10m_p4_n2_w150.log
  [w151] PID 143002  →  logs/hpt_parallel_20260529_223607_movielens_10m_p4_n2_w151.log
  [w152] PID 143003  →  logs/hpt_parallel_20260529_223607_movielens_10m_p4_n2_w152.log
  [w153] PID 143004  →  logs/hpt_parallel_20260529_223607_movielens_10m_p4_n2_w153.log
  [w154] PID 143005  →  logs/hpt_parallel_20260529_223607_movielens_10m_p4_n2_w154.log
  [w155] PID 143010  →  logs/hpt_parallel_20260529_223607_movielens_10m_p4_n2_w155.log
  [w156] PID 143011  →  logs/hpt_parallel_20260529_223607_movielens_10m_p4_n2_w156.log
  [w157] PID 143012  →  logs/hpt_parallel_20260529_223607_movielens_10m_p4_n2_w157.log
  [w158] PID 143014  →  logs/hpt_parallel_20260529_223607_movielens_10m_p4_n2_w158.log
  [w159] PID 143015  →  logs/hpt_parallel_20260529_223607_movielens_10m_p4_n2_w159.log
  [w160] PID 143016  →  logs/hpt_parallel_20260529_223607_movielens_10m_p4_n2_w160.log
  [w161] PID 143017  →  logs/hpt_parallel_20260529_223607_movielens_10m_p4_n2_w161.log
  [w162] PID 143019  →  logs/hpt_parallel_20260529_223607_movielens_10m_p4_n2_w162.log
  [w163] PID 143020  →  logs/hpt_parallel_20260529_223607_movielens_10m_p4_n2_w163.log
  [w164] PID 143021  →  logs/hpt_parallel_20260529_223607_movielens_10m_p4_n2_w164.log
  [w165] PID 143022  →  logs/hpt_parallel_20260529_223607_movielens_10m_p4_n2_w165.log
  [w166] PID 143023  →  logs/hpt_parallel_20260529_223607_movielens_10m_p4_n2_w166.log
  [w167] PID 143025  →  logs/hpt_parallel_20260529_223607_movielens_10m_p4_n2_w167.log
  [w168] PID 143026  →  logs/hpt_parallel_20260529_223607_movielens_10m_p4_n2_w168.log
  [w169] PID 143027  →  logs/hpt_parallel_20260529_223607_movielens_10m_p4_n2_w169.log
  [w170] PID 143028  →  logs/hpt_parallel_20260529_223607_movielens_10m_p4_n2_w170.log
  [w171] PID 143029  →  logs/hpt_parallel_20260529_223607_movielens_10m_p4_n2_w171.log
  [w172] PID 143030  →  logs/hpt_parallel_20260529_223607_movielens_10m_p4_n2_w172.log
  [w173] PID 143031  →  logs/hpt_parallel_20260529_223607_movielens_10m_p4_n2_w173.log
  [w174] PID 143033  →  logs/hpt_parallel_20260529_223607_movielens_10m_p4_n2_w174.log
  [w175] PID 143034  →  logs/hpt_parallel_20260529_223607_movielens_10m_p4_n2_w175.log
  [w176] PID 143035  →  logs/hpt_parallel_20260529_223607_movielens_10m_p4_n2_w176.log
  [w177] PID 143036  →  logs/hpt_parallel_20260529_223607_movielens_10m_p4_n2_w177.log
  [w178] PID 143037  →  logs/hpt_parallel_20260529_223607_movielens_10m_p4_n2_w178.log
  [w179] PID 143041  →  logs/hpt_parallel_20260529_223607_movielens_10m_p4_n2_w179.log
  [w180] PID 143042  →  logs/hpt_parallel_20260529_223607_movielens_10m_p4_n2_w180.log
  [w181] PID 143043  →  logs/hpt_parallel_20260529_223607_movielens_10m_p4_n2_w181.log
  [w182] PID 143044  →  logs/hpt_parallel_20260529_223607_movielens_10m_p4_n2_w182.log
  [w183] PID 143045  →  logs/hpt_parallel_20260529_223607_movielens_10m_p4_n2_w183.log
  [w184] PID 143046  →  logs/hpt_parallel_20260529_223607_movielens_10m_p4_n2_w184.log
  [w185] PID 143048  →  logs/hpt_parallel_20260529_223607_movielens_10m_p4_n2_w185.log
  [w186] PID 143049  →  logs/hpt_parallel_20260529_223607_movielens_10m_p4_n2_w186.log
  [w187] PID 143050  →  logs/hpt_parallel_20260529_223607_movielens_10m_p4_n2_w187.log
  [w188] PID 143051  →  logs/hpt_parallel_20260529_223607_movielens_10m_p4_n2_w188.log
  [w189] PID 143052  →  logs/hpt_parallel_20260529_223607_movielens_10m_p4_n2_w189.log
  [w190] PID 143056  →  logs/hpt_parallel_20260529_223607_movielens_10m_p4_n2_w190.log
  [w191] PID 143057  →  logs/hpt_parallel_20260529_223607_movielens_10m_p4_n2_w191.log
  [w192] PID 143058  →  logs/hpt_parallel_20260529_223607_movielens_10m_p4_n2_w192.log
  [w193] PID 143059  →  logs/hpt_parallel_20260529_223607_movielens_10m_p4_n2_w193.log
  [w194] PID 143060  →  logs/hpt_parallel_20260529_223607_movielens_10m_p4_n2_w194.log
  [w195] PID 143062  →  logs/hpt_parallel_20260529_223607_movielens_10m_p4_n2_w195.log
  [w196] PID 143064  →  logs/hpt_parallel_20260529_223607_movielens_10m_p4_n2_w196.log
  [w197] PID 143066  →  logs/hpt_parallel_20260529_223607_movielens_10m_p4_n2_w197.log
  [w198] PID 143067  →  logs/hpt_parallel_20260529_223607_movielens_10m_p4_n2_w198.log
  [w199] PID 143068  →  logs/hpt_parallel_20260529_223607_movielens_10m_p4_n2_w199.log
  [w200] PID 143071  →  logs/hpt_parallel_20260529_223607_movielens_10m_p4_n2_w200.log
  Waiting for all 200 workers to finish...
./run_hpt_parallel.sh: line 111: 142817 Killed                  nohup python scripts/run_hyperparameter_tuning.py --config "$cfg" --arm d --threshold "$pos" --neg_threshold "$neg" --n_trials "$n_trials" --max_users "$MAX_USERS" --overwrite > "$wlog" 2>&1
./run_hpt_parallel.sh: line 111: 142827 Killed                  nohup python scripts/run_hyperparameter_tuning.py --config "$cfg" --arm d --threshold "$pos" --neg_threshold "$neg" --n_trials "$n_trials" --max_users "$MAX_USERS" --overwrite > "$wlog" 2>&1
./run_hpt_parallel.sh: line 111: 142837 Killed                  nohup python scripts/run_hyperparameter_tuning.py --config "$cfg" --arm d --threshold "$pos" --neg_threshold "$neg" --n_trials "$n_trials" --max_users "$MAX_USERS" --overwrite > "$wlog" 2>&1
./run_hpt_parallel.sh: line 111: 142839 Killed                  nohup python scripts/run_hyperparameter_tuning.py --config "$cfg" --arm d --threshold "$pos" --neg_threshold "$neg" --n_trials "$n_trials" --max_users "$MAX_USERS" --overwrite > "$wlog" 2>&1
./run_hpt_parallel.sh: line 111: 142841 Killed                  nohup python scripts/run_hyperparameter_tuning.py --config "$cfg" --arm d --threshold "$pos" --neg_threshold "$neg" --n_trials "$n_trials" --max_users "$MAX_USERS" --overwrite > "$wlog" 2>&1
./run_hpt_parallel.sh: line 111: 142842 Killed                  nohup python scripts/run_hyperparameter_tuning.py --config "$cfg" --arm d --threshold "$pos" --neg_threshold "$neg" --n_trials "$n_trials" --max_users "$MAX_USERS" --overwrite > "$wlog" 2>&1
./run_hpt_parallel.sh: line 111: 142855 Killed                  nohup python scripts/run_hyperparameter_tuning.py --config "$cfg" --arm d --threshold "$pos" --neg_threshold "$neg" --n_trials "$n_trials" --max_users "$MAX_USERS" --overwrite > "$wlog" 2>&1
./run_hpt_parallel.sh: line 111: 142856 Killed                  nohup python scripts/run_hyperparameter_tuning.py --config "$cfg" --arm d --threshold "$pos" --neg_threshold "$neg" --n_trials "$n_trials" --max_users "$MAX_USERS" --overwrite > "$wlog" 2>&1
./run_hpt_parallel.sh: line 111: 142860 Killed                  nohup python scripts/run_hyperparameter_tuning.py --config "$cfg" --arm d --threshold "$pos" --neg_threshold "$neg" --n_trials "$n_trials" --max_users "$MAX_USERS" --overwrite > "$wlog" 2>&1
./run_hpt_parallel.sh: line 111: 142867 Killed                  nohup python scripts/run_hyperparameter_tuning.py --config "$cfg" --arm d --threshold "$pos" --neg_threshold "$neg" --n_trials "$n_trials" --max_users "$MAX_USERS" --overwrite > "$wlog" 2>&1
./run_hpt_parallel.sh: line 111: 142871 Killed                  nohup python scripts/run_hyperparameter_tuning.py --config "$cfg" --arm d --threshold "$pos" --neg_threshold "$neg" --n_trials "$n_trials" --max_users "$MAX_USERS" --overwrite > "$wlog" 2>&1
./run_hpt_parallel.sh: line 111: 142880 Killed                  nohup python scripts/run_hyperparameter_tuning.py --config "$cfg" --arm d --threshold "$pos" --neg_threshold "$neg" --n_trials "$n_trials" --max_users "$MAX_USERS" --overwrite > "$wlog" 2>&1
./run_hpt_parallel.sh: line 111: 142881 Killed                  nohup python scripts/run_hyperparameter_tuning.py --config "$cfg" --arm d --threshold "$pos" --neg_threshold "$neg" --n_trials "$n_trials" --max_users "$MAX_USERS" --overwrite > "$wlog" 2>&1
./run_hpt_parallel.sh: line 111: 142887 Killed                  nohup python scripts/run_hyperparameter_tuning.py --config "$cfg" --arm d --threshold "$pos" --neg_threshold "$neg" --n_trials "$n_trials" --max_users "$MAX_USERS" --overwrite > "$wlog" 2>&1
./run_hpt_parallel.sh: line 111: 142888 Killed                  nohup python scripts/run_hyperparameter_tuning.py --config "$cfg" --arm d --threshold "$pos" --neg_threshold "$neg" --n_trials "$n_trials" --max_users "$MAX_USERS" --overwrite > "$wlog" 2>&1
./run_hpt_parallel.sh: line 111: 142891 Killed                  nohup python scripts/run_hyperparameter_tuning.py --config "$cfg" --arm d --threshold "$pos" --neg_threshold "$neg" --n_trials "$n_trials" --max_users "$MAX_USERS" --overwrite > "$wlog" 2>&1
./run_hpt_parallel.sh: line 111: 142894 Killed                  nohup python scripts/run_hyperparameter_tuning.py --config "$cfg" --arm d --threshold "$pos" --neg_threshold "$neg" --n_trials "$n_trials" --max_users "$MAX_USERS" --overwrite > "$wlog" 2>&1
./run_hpt_parallel.sh: line 111: 142898 Killed                  nohup python scripts/run_hyperparameter_tuning.py --config "$cfg" --arm d --threshold "$pos" --neg_threshold "$neg" --n_trials "$n_trials" --max_users "$MAX_USERS" --overwrite > "$wlog" 2>&1
./run_hpt_parallel.sh: line 111: 142900 Killed                  nohup python scripts/run_hyperparameter_tuning.py --config "$cfg" --arm d --threshold "$pos" --neg_threshold "$neg" --n_trials "$n_trials" --max_users "$MAX_USERS" --overwrite > "$wlog" 2>&1
./run_hpt_parallel.sh: line 111: 142927 Killed                  nohup python scripts/run_hyperparameter_tuning.py --config "$cfg" --arm d --threshold "$pos" --neg_threshold "$neg" --n_trials "$n_trials" --max_users "$MAX_USERS" --overwrite > "$wlog" 2>&1
./run_hpt_parallel.sh: line 111: 142928 Killed                  nohup python scripts/run_hyperparameter_tuning.py --config "$cfg" --arm d --threshold "$pos" --neg_threshold "$neg" --n_trials "$n_trials" --max_users "$MAX_USERS" --overwrite > "$wlog" 2>&1
./run_hpt_parallel.sh: line 111: 142929 Killed                  nohup python scripts/run_hyperparameter_tuning.py --config "$cfg" --arm d --threshold "$pos" --neg_threshold "$neg" --n_trials "$n_trials" --max_users "$MAX_USERS" --overwrite > "$wlog" 2>&1
./run_hpt_parallel.sh: line 111: 142937 Killed                  nohup python scripts/run_hyperparameter_tuning.py --config "$cfg" --arm d --threshold "$pos" --neg_threshold "$neg" --n_trials "$n_trials" --max_users "$MAX_USERS" --overwrite > "$wlog" 2>&1
./run_hpt_parallel.sh: line 111: 142943 Killed                  nohup python scripts/run_hyperparameter_tuning.py --config "$cfg" --arm d --threshold "$pos" --neg_threshold "$neg" --n_trials "$n_trials" --max_users "$MAX_USERS" --overwrite > "$wlog" 2>&1
./run_hpt_parallel.sh: line 111: 142944 Killed                  nohup python scripts/run_hyperparameter_tuning.py --config "$cfg" --arm d --threshold "$pos" --neg_threshold "$neg" --n_trials "$n_trials" --max_users "$MAX_USERS" --overwrite > "$wlog" 2>&1
./run_hpt_parallel.sh: line 111: 142946 Killed                  nohup python scripts/run_hyperparameter_tuning.py --config "$cfg" --arm d --threshold "$pos" --neg_threshold "$neg" --n_trials "$n_trials" --max_users "$MAX_USERS" --overwrite > "$wlog" 2>&1
./run_hpt_parallel.sh: line 111: 142948 Killed                  nohup python scripts/run_hyperparameter_tuning.py --config "$cfg" --arm d --threshold "$pos" --neg_threshold "$neg" --n_trials "$n_trials" --max_users "$MAX_USERS" --overwrite > "$wlog" 2>&1
./run_hpt_parallel.sh: line 111: 142950 Killed                  nohup python scripts/run_hyperparameter_tuning.py --config "$cfg" --arm d --threshold "$pos" --neg_threshold "$neg" --n_trials "$n_trials" --max_users "$MAX_USERS" --overwrite > "$wlog" 2>&1
./run_hpt_parallel.sh: line 111: 142952 Killed                  nohup python scripts/run_hyperparameter_tuning.py --config "$cfg" --arm d --threshold "$pos" --neg_threshold "$neg" --n_trials "$n_trials" --max_users "$MAX_USERS" --overwrite > "$wlog" 2>&1
./run_hpt_parallel.sh: line 111: 142962 Killed                  nohup python scripts/run_hyperparameter_tuning.py --config "$cfg" --arm d --threshold "$pos" --neg_threshold "$neg" --n_trials "$n_trials" --max_users "$MAX_USERS" --overwrite > "$wlog" 2>&1
./run_hpt_parallel.sh: line 111: 142971 Killed                  nohup python scripts/run_hyperparameter_tuning.py --config "$cfg" --arm d --threshold "$pos" --neg_threshold "$neg" --n_trials "$n_trials" --max_users "$MAX_USERS" --overwrite > "$wlog" 2>&1
./run_hpt_parallel.sh: line 111: 142972 Killed                  nohup python scripts/run_hyperparameter_tuning.py --config "$cfg" --arm d --threshold "$pos" --neg_threshold "$neg" --n_trials "$n_trials" --max_users "$MAX_USERS" --overwrite > "$wlog" 2>&1
./run_hpt_parallel.sh: line 111: 142986 Killed                  nohup python scripts/run_hyperparameter_tuning.py --config "$cfg" --arm d --threshold "$pos" --neg_threshold "$neg" --n_trials "$n_trials" --max_users "$MAX_USERS" --overwrite > "$wlog" 2>&1
./run_hpt_parallel.sh: line 111: 142987 Killed                  nohup python scripts/run_hyperparameter_tuning.py --config "$cfg" --arm d --threshold "$pos" --neg_threshold "$neg" --n_trials "$n_trials" --max_users "$MAX_USERS" --overwrite > "$wlog" 2>&1
./run_hpt_parallel.sh: line 111: 142992 Killed                  nohup python scripts/run_hyperparameter_tuning.py --config "$cfg" --arm d --threshold "$pos" --neg_threshold "$neg" --n_trials "$n_trials" --max_users "$MAX_USERS" --overwrite > "$wlog" 2>&1
./run_hpt_parallel.sh: line 111: 143001 Killed                  nohup python scripts/run_hyperparameter_tuning.py --config "$cfg" --arm d --threshold "$pos" --neg_threshold "$neg" --n_trials "$n_trials" --max_users "$MAX_USERS" --overwrite > "$wlog" 2>&1
./run_hpt_parallel.sh: line 111: 143011 Killed                  nohup python scripts/run_hyperparameter_tuning.py --config "$cfg" --arm d --threshold "$pos" --neg_threshold "$neg" --n_trials "$n_trials" --max_users "$MAX_USERS" --overwrite > "$wlog" 2>&1
./run_hpt_parallel.sh: line 111: 143014 Killed                  nohup python scripts/run_hyperparameter_tuning.py --config "$cfg" --arm d --threshold "$pos" --neg_threshold "$neg" --n_trials "$n_trials" --max_users "$MAX_USERS" --overwrite > "$wlog" 2>&1
./run_hpt_parallel.sh: line 111: 143015 Killed                  nohup python scripts/run_hyperparameter_tuning.py --config "$cfg" --arm d --threshold "$pos" --neg_threshold "$neg" --n_trials "$n_trials" --max_users "$MAX_USERS" --overwrite > "$wlog" 2>&1
./run_hpt_parallel.sh: line 111: 143019 Killed                  nohup python scripts/run_hyperparameter_tuning.py --config "$cfg" --arm d --threshold "$pos" --neg_threshold "$neg" --n_trials "$n_trials" --max_users "$MAX_USERS" --overwrite > "$wlog" 2>&1
./run_hpt_parallel.sh: line 111: 143021 Killed                  nohup python scripts/run_hyperparameter_tuning.py --config "$cfg" --arm d --threshold "$pos" --neg_threshold "$neg" --n_trials "$n_trials" --max_users "$MAX_USERS" --overwrite > "$wlog" 2>&1
./run_hpt_parallel.sh: line 111: 143022 Killed                  nohup python scripts/run_hyperparameter_tuning.py --config "$cfg" --arm d --threshold "$pos" --neg_threshold "$neg" --n_trials "$n_trials" --max_users "$MAX_USERS" --overwrite > "$wlog" 2>&1
./run_hpt_parallel.sh: line 111: 143025 Killed                  nohup python scripts/run_hyperparameter_tuning.py --config "$cfg" --arm d --threshold "$pos" --neg_threshold "$neg" --n_trials "$n_trials" --max_users "$MAX_USERS" --overwrite > "$wlog" 2>&1
./run_hpt_parallel.sh: line 111: 143029 Killed                  nohup python scripts/run_hyperparameter_tuning.py --config "$cfg" --arm d --threshold "$pos" --neg_threshold "$neg" --n_trials "$n_trials" --max_users "$MAX_USERS" --overwrite > "$wlog" 2>&1
./run_hpt_parallel.sh: line 111: 143033 Killed                  nohup python scripts/run_hyperparameter_tuning.py --config "$cfg" --arm d --threshold "$pos" --neg_threshold "$neg" --n_trials "$n_trials" --max_users "$MAX_USERS" --overwrite > "$wlog" 2>&1
./run_hpt_parallel.sh: line 111: 143042 Killed                  nohup python scripts/run_hyperparameter_tuning.py --config "$cfg" --arm d --threshold "$pos" --neg_threshold "$neg" --n_trials "$n_trials" --max_users "$MAX_USERS" --overwrite > "$wlog" 2>&1
./run_hpt_parallel.sh: line 111: 143058 Killed                  nohup python scripts/run_hyperparameter_tuning.py --config "$cfg" --arm d --threshold "$pos" --neg_threshold "$neg" --n_trials "$n_trials" --max_users "$MAX_USERS" --overwrite > "$wlog" 2>&1
./run_hpt_parallel.sh: line 111: 143060 Killed                  nohup python scripts/run_hyperparameter_tuning.py --config "$cfg" --arm d --threshold "$pos" --neg_threshold "$neg" --n_trials "$n_trials" --max_users "$MAX_USERS" --overwrite > "$wlog" 2>&1
./run_hpt_parallel.sh: line 111: 143062 Killed                  nohup python scripts/run_hyperparameter_tuning.py --config "$cfg" --arm d --threshold "$pos" --neg_threshold "$neg" --n_trials "$n_trials" --max_users "$MAX_USERS" --overwrite > "$wlog" 2>&1
./run_hpt_parallel.sh: line 111: 143067 Killed                  nohup python scripts/run_hyperparameter_tuning.py --config "$cfg" --arm d --threshold "$pos" --neg_threshold "$neg" --n_trials "$n_trials" --max_users "$MAX_USERS" --overwrite > "$wlog" 2>&1
./run_hpt_parallel.sh: line 111: 143068 Killed                  nohup python scripts/run_hyperparameter_tuning.py --config "$cfg" --arm d --threshold "$pos" --neg_threshold "$neg" --n_trials "$n_trials" --max_users "$MAX_USERS" --overwrite > "$wlog" 2>&1
./run_hpt_parallel.sh: line 111: 142818 Killed                  nohup python scripts/run_hyperparameter_tuning.py --config "$cfg" --arm d --threshold "$pos" --neg_threshold "$neg" --n_trials "$n_trials" --max_users "$MAX_USERS" --overwrite > "$wlog" 2>&1
./run_hpt_parallel.sh: line 111: 142828 Killed                  nohup python scripts/run_hyperparameter_tuning.py --config "$cfg" --arm d --threshold "$pos" --neg_threshold "$neg" --n_trials "$n_trials" --max_users "$MAX_USERS" --overwrite > "$wlog" 2>&1
./run_hpt_parallel.sh: line 111: 142831 Killed                  nohup python scripts/run_hyperparameter_tuning.py --config "$cfg" --arm d --threshold "$pos" --neg_threshold "$neg" --n_trials "$n_trials" --max_users "$MAX_USERS" --overwrite > "$wlog" 2>&1
./run_hpt_parallel.sh: line 111: 142832 Killed                  nohup python scripts/run_hyperparameter_tuning.py --config "$cfg" --arm d --threshold "$pos" --neg_threshold "$neg" --n_trials "$n_trials" --max_users "$MAX_USERS" --overwrite > "$wlog" 2>&1
./run_hpt_parallel.sh: line 111: 142844 Killed                  nohup python scripts/run_hyperparameter_tuning.py --config "$cfg" --arm d --threshold "$pos" --neg_threshold "$neg" --n_trials "$n_trials" --max_users "$MAX_USERS" --overwrite > "$wlog" 2>&1
./run_hpt_parallel.sh: line 111: 142846 Killed                  nohup python scripts/run_hyperparameter_tuning.py --config "$cfg" --arm d --threshold "$pos" --neg_threshold "$neg" --n_trials "$n_trials" --max_users "$MAX_USERS" --overwrite > "$wlog" 2>&1
./run_hpt_parallel.sh: line 111: 142850 Killed                  nohup python scripts/run_hyperparameter_tuning.py --config "$cfg" --arm d --threshold "$pos" --neg_threshold "$neg" --n_trials "$n_trials" --max_users "$MAX_USERS" --overwrite > "$wlog" 2>&1
./run_hpt_parallel.sh: line 111: 142869 Killed                  nohup python scripts/run_hyperparameter_tuning.py --config "$cfg" --arm d --threshold "$pos" --neg_threshold "$neg" --n_trials "$n_trials" --max_users "$MAX_USERS" --overwrite > "$wlog" 2>&1
./run_hpt_parallel.sh: line 111: 142875 Killed                  nohup python scripts/run_hyperparameter_tuning.py --config "$cfg" --arm d --threshold "$pos" --neg_threshold "$neg" --n_trials "$n_trials" --max_users "$MAX_USERS" --overwrite > "$wlog" 2>&1
./run_hpt_parallel.sh: line 111: 142925 Killed                  nohup python scripts/run_hyperparameter_tuning.py --config "$cfg" --arm d --threshold "$pos" --neg_threshold "$neg" --n_trials "$n_trials" --max_users "$MAX_USERS" --overwrite > "$wlog" 2>&1
./run_hpt_parallel.sh: line 111: 142934 Killed                  nohup python scripts/run_hyperparameter_tuning.py --config "$cfg" --arm d --threshold "$pos" --neg_threshold "$neg" --n_trials "$n_trials" --max_users "$MAX_USERS" --overwrite > "$wlog" 2>&1
./run_hpt_parallel.sh: line 111: 142961 Killed                  nohup python scripts/run_hyperparameter_tuning.py --config "$cfg" --arm d --threshold "$pos" --neg_threshold "$neg" --n_trials "$n_trials" --max_users "$MAX_USERS" --overwrite > "$wlog" 2>&1
./run_hpt_parallel.sh: line 111: 142968 Killed                  nohup python scripts/run_hyperparameter_tuning.py --config "$cfg" --arm d --threshold "$pos" --neg_threshold "$neg" --n_trials "$n_trials" --max_users "$MAX_USERS" --overwrite > "$wlog" 2>&1
./run_hpt_parallel.sh: line 111: 142980 Killed                  nohup python scripts/run_hyperparameter_tuning.py --config "$cfg" --arm d --threshold "$pos" --neg_threshold "$neg" --n_trials "$n_trials" --max_users "$MAX_USERS" --overwrite > "$wlog" 2>&1
./run_hpt_parallel.sh: line 111: 142996 Killed                  nohup python scripts/run_hyperparameter_tuning.py --config "$cfg" --arm d --threshold "$pos" --neg_threshold "$neg" --n_trials "$n_trials" --max_users "$MAX_USERS" --overwrite > "$wlog" 2>&1
./run_hpt_parallel.sh: line 111: 143026 Killed                  nohup python scripts/run_hyperparameter_tuning.py --config "$cfg" --arm d --threshold "$pos" --neg_threshold "$neg" --n_trials "$n_trials" --max_users "$MAX_USERS" --overwrite > "$wlog" 2>&1
./run_hpt_parallel.sh: line 111: 143027 Killed                  nohup python scripts/run_hyperparameter_tuning.py --config "$cfg" --arm d --threshold "$pos" --neg_threshold "$neg" --n_trials "$n_trials" --max_users "$MAX_USERS" --overwrite > "$wlog" 2>&1
./run_hpt_parallel.sh: line 111: 143049 Killed                  nohup python scripts/run_hyperparameter_tuning.py --config "$cfg" --arm d --threshold "$pos" --neg_threshold "$neg" --n_trials "$n_trials" --max_users "$MAX_USERS" --overwrite > "$wlog" 2>&1
./run_hpt_parallel.sh: line 111: 142819 Killed                  nohup python scripts/run_hyperparameter_tuning.py --config "$cfg" --arm d --threshold "$pos" --neg_threshold "$neg" --n_trials "$n_trials" --max_users "$MAX_USERS" --overwrite > "$wlog" 2>&1
./run_hpt_parallel.sh: line 111: 142820 Killed                  nohup python scripts/run_hyperparameter_tuning.py --config "$cfg" --arm d --threshold "$pos" --neg_threshold "$neg" --n_trials "$n_trials" --max_users "$MAX_USERS" --overwrite > "$wlog" 2>&1
./run_hpt_parallel.sh: line 111: 142822 Killed                  nohup python scripts/run_hyperparameter_tuning.py --config "$cfg" --arm d --threshold "$pos" --neg_threshold "$neg" --n_trials "$n_trials" --max_users "$MAX_USERS" --overwrite > "$wlog" 2>&1
./run_hpt_parallel.sh: line 111: 142823 Killed                  nohup python scripts/run_hyperparameter_tuning.py --config "$cfg" --arm d --threshold "$pos" --neg_threshold "$neg" --n_trials "$n_trials" --max_users "$MAX_USERS" --overwrite > "$wlog" 2>&1
./run_hpt_parallel.sh: line 111: 142824 Killed                  nohup python scripts/run_hyperparameter_tuning.py --config "$cfg" --arm d --threshold "$pos" --neg_threshold "$neg" --n_trials "$n_trials" --max_users "$MAX_USERS" --overwrite > "$wlog" 2>&1
./run_hpt_parallel.sh: line 111: 142826 Killed                  nohup python scripts/run_hyperparameter_tuning.py --config "$cfg" --arm d --threshold "$pos" --neg_threshold "$neg" --n_trials "$n_trials" --max_users "$MAX_USERS" --overwrite > "$wlog" 2>&1
./run_hpt_parallel.sh: line 111: 142829 Killed                  nohup python scripts/run_hyperparameter_tuning.py --config "$cfg" --arm d --threshold "$pos" --neg_threshold "$neg" --n_trials "$n_trials" --max_users "$MAX_USERS" --overwrite > "$wlog" 2>&1
./run_hpt_parallel.sh: line 111: 142830 Killed                  nohup python scripts/run_hyperparameter_tuning.py --config "$cfg" --arm d --threshold "$pos" --neg_threshold "$neg" --n_trials "$n_trials" --max_users "$MAX_USERS" --overwrite > "$wlog" 2>&1
./run_hpt_parallel.sh: line 111: 142834 Killed                  nohup python scripts/run_hyperparameter_tuning.py --config "$cfg" --arm d --threshold "$pos" --neg_threshold "$neg" --n_trials "$n_trials" --max_users "$MAX_USERS" --overwrite > "$wlog" 2>&1
./run_hpt_parallel.sh: line 111: 142835 Killed                  nohup python scripts/run_hyperparameter_tuning.py --config "$cfg" --arm d --threshold "$pos" --neg_threshold "$neg" --n_trials "$n_trials" --max_users "$MAX_USERS" --overwrite > "$wlog" 2>&1
./run_hpt_parallel.sh: line 111: 142838 Killed                  nohup python scripts/run_hyperparameter_tuning.py --config "$cfg" --arm d --threshold "$pos" --neg_threshold "$neg" --n_trials "$n_trials" --max_users "$MAX_USERS" --overwrite > "$wlog" 2>&1
./run_hpt_parallel.sh: line 111: 142843 Killed                  nohup python scripts/run_hyperparameter_tuning.py --config "$cfg" --arm d --threshold "$pos" --neg_threshold "$neg" --n_trials "$n_trials" --max_users "$MAX_USERS" --overwrite > "$wlog" 2>&1
./run_hpt_parallel.sh: line 111: 142845 Killed                  nohup python scripts/run_hyperparameter_tuning.py --config "$cfg" --arm d --threshold "$pos" --neg_threshold "$neg" --n_trials "$n_trials" --max_users "$MAX_USERS" --overwrite > "$wlog" 2>&1
./run_hpt_parallel.sh: line 111: 142847 Killed                  nohup python scripts/run_hyperparameter_tuning.py --config "$cfg" --arm d --threshold "$pos" --neg_threshold "$neg" --n_trials "$n_trials" --max_users "$MAX_USERS" --overwrite > "$wlog" 2>&1
./run_hpt_parallel.sh: line 111: 142849 Killed                  nohup python scripts/run_hyperparameter_tuning.py --config "$cfg" --arm d --threshold "$pos" --neg_threshold "$neg" --n_trials "$n_trials" --max_users "$MAX_USERS" --overwrite > "$wlog" 2>&1
./run_hpt_parallel.sh: line 111: 142851 Killed                  nohup python scripts/run_hyperparameter_tuning.py --config "$cfg" --arm d --threshold "$pos" --neg_threshold "$neg" --n_trials "$n_trials" --max_users "$MAX_USERS" --overwrite > "$wlog" 2>&1
./run_hpt_parallel.sh: line 111: 142853 Killed                  nohup python scripts/run_hyperparameter_tuning.py --config "$cfg" --arm d --threshold "$pos" --neg_threshold "$neg" --n_trials "$n_trials" --max_users "$MAX_USERS" --overwrite > "$wlog" 2>&1
./run_hpt_parallel.sh: line 111: 142854 Killed                  nohup python scripts/run_hyperparameter_tuning.py --config "$cfg" --arm d --threshold "$pos" --neg_threshold "$neg" --n_trials "$n_trials" --max_users "$MAX_USERS" --overwrite > "$wlog" 2>&1
./run_hpt_parallel.sh: line 111: 142857 Killed                  nohup python scripts/run_hyperparameter_tuning.py --config "$cfg" --arm d --threshold "$pos" --neg_threshold "$neg" --n_trials "$n_trials" --max_users "$MAX_USERS" --overwrite > "$wlog" 2>&1
./run_hpt_parallel.sh: line 111: 142858 Killed                  nohup python scripts/run_hyperparameter_tuning.py --config "$cfg" --arm d --threshold "$pos" --neg_threshold "$neg" --n_trials "$n_trials" --max_users "$MAX_USERS" --overwrite > "$wlog" 2>&1
./run_hpt_parallel.sh: line 111: 142861 Killed                  nohup python scripts/run_hyperparameter_tuning.py --config "$cfg" --arm d --threshold "$pos" --neg_threshold "$neg" --n_trials "$n_trials" --max_users "$MAX_USERS" --overwrite > "$wlog" 2>&1
./run_hpt_parallel.sh: line 111: 142862 Killed                  nohup python scripts/run_hyperparameter_tuning.py --config "$cfg" --arm d --threshold "$pos" --neg_threshold "$neg" --n_trials "$n_trials" --max_users "$MAX_USERS" --overwrite > "$wlog" 2>&1
./run_hpt_parallel.sh: line 111: 142863 Killed                  nohup python scripts/run_hyperparameter_tuning.py --config "$cfg" --arm d --threshold "$pos" --neg_threshold "$neg" --n_trials "$n_trials" --max_users "$MAX_USERS" --overwrite > "$wlog" 2>&1
./run_hpt_parallel.sh: line 111: 142864 Killed                  nohup python scripts/run_hyperparameter_tuning.py --config "$cfg" --arm d --threshold "$pos" --neg_threshold "$neg" --n_trials "$n_trials" --max_users "$MAX_USERS" --overwrite > "$wlog" 2>&1
./run_hpt_parallel.sh: line 111: 142865 Killed                  nohup python scripts/run_hyperparameter_tuning.py --config "$cfg" --arm d --threshold "$pos" --neg_threshold "$neg" --n_trials "$n_trials" --max_users "$MAX_USERS" --overwrite > "$wlog" 2>&1
./run_hpt_parallel.sh: line 111: 142868 Killed                  nohup python scripts/run_hyperparameter_tuning.py --config "$cfg" --arm d --threshold "$pos" --neg_threshold "$neg" --n_trials "$n_trials" --max_users "$MAX_USERS" --overwrite > "$wlog" 2>&1
./run_hpt_parallel.sh: line 111: 142870 Killed                  nohup python scripts/run_hyperparameter_tuning.py --config "$cfg" --arm d --threshold "$pos" --neg_threshold "$neg" --n_trials "$n_trials" --max_users "$MAX_USERS" --overwrite > "$wlog" 2>&1
./run_hpt_parallel.sh: line 111: 142873 Killed                  nohup python scripts/run_hyperparameter_tuning.py --config "$cfg" --arm d --threshold "$pos" --neg_threshold "$neg" --n_trials "$n_trials" --max_users "$MAX_USERS" --overwrite > "$wlog" 2>&1
./run_hpt_parallel.sh: line 111: 142874 Killed                  nohup python scripts/run_hyperparameter_tuning.py --config "$cfg" --arm d --threshold "$pos" --neg_threshold "$neg" --n_trials "$n_trials" --max_users "$MAX_USERS" --overwrite > "$wlog" 2>&1
./run_hpt_parallel.sh: line 111: 142878 Killed                  nohup python scripts/run_hyperparameter_tuning.py --config "$cfg" --arm d --threshold "$pos" --neg_threshold "$neg" --n_trials "$n_trials" --max_users "$MAX_USERS" --overwrite > "$wlog" 2>&1
./run_hpt_parallel.sh: line 111: 142879 Killed                  nohup python scripts/run_hyperparameter_tuning.py --config "$cfg" --arm d --threshold "$pos" --neg_threshold "$neg" --n_trials "$n_trials" --max_users "$MAX_USERS" --overwrite > "$wlog" 2>&1
./run_hpt_parallel.sh: line 111: 142882 Killed                  nohup python scripts/run_hyperparameter_tuning.py --config "$cfg" --arm d --threshold "$pos" --neg_threshold "$neg" --n_trials "$n_trials" --max_users "$MAX_USERS" --overwrite > "$wlog" 2>&1
./run_hpt_parallel.sh: line 111: 142883 Killed                  nohup python scripts/run_hyperparameter_tuning.py --config "$cfg" --arm d --threshold "$pos" --neg_threshold "$neg" --n_trials "$n_trials" --max_users "$MAX_USERS" --overwrite > "$wlog" 2>&1
./run_hpt_parallel.sh: line 111: 142884 Killed                  nohup python scripts/run_hyperparameter_tuning.py --config "$cfg" --arm d --threshold "$pos" --neg_threshold "$neg" --n_trials "$n_trials" --max_users "$MAX_USERS" --overwrite > "$wlog" 2>&1
./run_hpt_parallel.sh: line 111: 142889 Killed                  nohup python scripts/run_hyperparameter_tuning.py --config "$cfg" --arm d --threshold "$pos" --neg_threshold "$neg" --n_trials "$n_trials" --max_users "$MAX_USERS" --overwrite > "$wlog" 2>&1
./run_hpt_parallel.sh: line 111: 142890 Killed                  nohup python scripts/run_hyperparameter_tuning.py --config "$cfg" --arm d --threshold "$pos" --neg_threshold "$neg" --n_trials "$n_trials" --max_users "$MAX_USERS" --overwrite > "$wlog" 2>&1
./run_hpt_parallel.sh: line 111: 142892 Killed                  nohup python scripts/run_hyperparameter_tuning.py --config "$cfg" --arm d --threshold "$pos" --neg_threshold "$neg" --n_trials "$n_trials" --max_users "$MAX_USERS" --overwrite > "$wlog" 2>&1
./run_hpt_parallel.sh: line 111: 142893 Killed                  nohup python scripts/run_hyperparameter_tuning.py --config "$cfg" --arm d --threshold "$pos" --neg_threshold "$neg" --n_trials "$n_trials" --max_users "$MAX_USERS" --overwrite > "$wlog" 2>&1
./run_hpt_parallel.sh: line 111: 142895 Killed                  nohup python scripts/run_hyperparameter_tuning.py --config "$cfg" --arm d --threshold "$pos" --neg_threshold "$neg" --n_trials "$n_trials" --max_users "$MAX_USERS" --overwrite > "$wlog" 2>&1
./run_hpt_parallel.sh: line 111: 142896 Killed                  nohup python scripts/run_hyperparameter_tuning.py --config "$cfg" --arm d --threshold "$pos" --neg_threshold "$neg" --n_trials "$n_trials" --max_users "$MAX_USERS" --overwrite > "$wlog" 2>&1
./run_hpt_parallel.sh: line 111: 142899 Killed                  nohup python scripts/run_hyperparameter_tuning.py --config "$cfg" --arm d --threshold "$pos" --neg_threshold "$neg" --n_trials "$n_trials" --max_users "$MAX_USERS" --overwrite > "$wlog" 2>&1
./run_hpt_parallel.sh: line 111: 142901 Killed                  nohup python scripts/run_hyperparameter_tuning.py --config "$cfg" --arm d --threshold "$pos" --neg_threshold "$neg" --n_trials "$n_trials" --max_users "$MAX_USERS" --overwrite > "$wlog" 2>&1
./run_hpt_parallel.sh: line 111: 142902 Killed                  nohup python scripts/run_hyperparameter_tuning.py --config "$cfg" --arm d --threshold "$pos" --neg_threshold "$neg" --n_trials "$n_trials" --max_users "$MAX_USERS" --overwrite > "$wlog" 2>&1
./run_hpt_parallel.sh: line 111: 142907 Killed                  nohup python scripts/run_hyperparameter_tuning.py --config "$cfg" --arm d --threshold "$pos" --neg_threshold "$neg" --n_trials "$n_trials" --max_users "$MAX_USERS" --overwrite > "$wlog" 2>&1
./run_hpt_parallel.sh: line 111: 142908 Killed                  nohup python scripts/run_hyperparameter_tuning.py --config "$cfg" --arm d --threshold "$pos" --neg_threshold "$neg" --n_trials "$n_trials" --max_users "$MAX_USERS" --overwrite > "$wlog" 2>&1
./run_hpt_parallel.sh: line 111: 142910 Killed                  nohup python scripts/run_hyperparameter_tuning.py --config "$cfg" --arm d --threshold "$pos" --neg_threshold "$neg" --n_trials "$n_trials" --max_users "$MAX_USERS" --overwrite > "$wlog" 2>&1
./run_hpt_parallel.sh: line 111: 142911 Killed                  nohup python scripts/run_hyperparameter_tuning.py --config "$cfg" --arm d --threshold "$pos" --neg_threshold "$neg" --n_trials "$n_trials" --max_users "$MAX_USERS" --overwrite > "$wlog" 2>&1
./run_hpt_parallel.sh: line 111: 142912 Killed                  nohup python scripts/run_hyperparameter_tuning.py --config "$cfg" --arm d --threshold "$pos" --neg_threshold "$neg" --n_trials "$n_trials" --max_users "$MAX_USERS" --overwrite > "$wlog" 2>&1
./run_hpt_parallel.sh: line 111: 142914 Killed                  nohup python scripts/run_hyperparameter_tuning.py --config "$cfg" --arm d --threshold "$pos" --neg_threshold "$neg" --n_trials "$n_trials" --max_users "$MAX_USERS" --overwrite > "$wlog" 2>&1
./run_hpt_parallel.sh: line 111: 142915 Killed                  nohup python scripts/run_hyperparameter_tuning.py --config "$cfg" --arm d --threshold "$pos" --neg_threshold "$neg" --n_trials "$n_trials" --max_users "$MAX_USERS" --overwrite > "$wlog" 2>&1
./run_hpt_parallel.sh: line 111: 142916 Killed                  nohup python scripts/run_hyperparameter_tuning.py --config "$cfg" --arm d --threshold "$pos" --neg_threshold "$neg" --n_trials "$n_trials" --max_users "$MAX_USERS" --overwrite > "$wlog" 2>&1
./run_hpt_parallel.sh: line 111: 142917 Killed                  nohup python scripts/run_hyperparameter_tuning.py --config "$cfg" --arm d --threshold "$pos" --neg_threshold "$neg" --n_trials "$n_trials" --max_users "$MAX_USERS" --overwrite > "$wlog" 2>&1
./run_hpt_parallel.sh: line 111: 142918 Killed                  nohup python scripts/run_hyperparameter_tuning.py --config "$cfg" --arm d --threshold "$pos" --neg_threshold "$neg" --n_trials "$n_trials" --max_users "$MAX_USERS" --overwrite > "$wlog" 2>&1
./run_hpt_parallel.sh: line 111: 142919 Killed                  nohup python scripts/run_hyperparameter_tuning.py --config "$cfg" --arm d --threshold "$pos" --neg_threshold "$neg" --n_trials "$n_trials" --max_users "$MAX_USERS" --overwrite > "$wlog" 2>&1
./run_hpt_parallel.sh: line 111: 142922 Killed                  nohup python scripts/run_hyperparameter_tuning.py --config "$cfg" --arm d --threshold "$pos" --neg_threshold "$neg" --n_trials "$n_trials" --max_users "$MAX_USERS" --overwrite > "$wlog" 2>&1
./run_hpt_parallel.sh: line 111: 142935 Killed                  nohup python scripts/run_hyperparameter_tuning.py --config "$cfg" --arm d --threshold "$pos" --neg_threshold "$neg" --n_trials "$n_trials" --max_users "$MAX_USERS" --overwrite > "$wlog" 2>&1
./run_hpt_parallel.sh: line 111: 142936 Killed                  nohup python scripts/run_hyperparameter_tuning.py --config "$cfg" --arm d --threshold "$pos" --neg_threshold "$neg" --n_trials "$n_trials" --max_users "$MAX_USERS" --overwrite > "$wlog" 2>&1
./run_hpt_parallel.sh: line 111: 142938 Killed                  nohup python scripts/run_hyperparameter_tuning.py --config "$cfg" --arm d --threshold "$pos" --neg_threshold "$neg" --n_trials "$n_trials" --max_users "$MAX_USERS" --overwrite > "$wlog" 2>&1
./run_hpt_parallel.sh: line 111: 142942 Killed                  nohup python scripts/run_hyperparameter_tuning.py --config "$cfg" --arm d --threshold "$pos" --neg_threshold "$neg" --n_trials "$n_trials" --max_users "$MAX_USERS" --overwrite > "$wlog" 2>&1
./run_hpt_parallel.sh: line 111: 142951 Killed                  nohup python scripts/run_hyperparameter_tuning.py --config "$cfg" --arm d --threshold "$pos" --neg_threshold "$neg" --n_trials "$n_trials" --max_users "$MAX_USERS" --overwrite > "$wlog" 2>&1
./run_hpt_parallel.sh: line 111: 142954 Killed                  nohup python scripts/run_hyperparameter_tuning.py --config "$cfg" --arm d --threshold "$pos" --neg_threshold "$neg" --n_trials "$n_trials" --max_users "$MAX_USERS" --overwrite > "$wlog" 2>&1
./run_hpt_parallel.sh: line 111: 142955 Killed                  nohup python scripts/run_hyperparameter_tuning.py --config "$cfg" --arm d --threshold "$pos" --neg_threshold "$neg" --n_trials "$n_trials" --max_users "$MAX_USERS" --overwrite > "$wlog" 2>&1
./run_hpt_parallel.sh: line 111: 142958 Killed                  nohup python scripts/run_hyperparameter_tuning.py --config "$cfg" --arm d --threshold "$pos" --neg_threshold "$neg" --n_trials "$n_trials" --max_users "$MAX_USERS" --overwrite > "$wlog" 2>&1
./run_hpt_parallel.sh: line 111: 142960 Killed                  nohup python scripts/run_hyperparameter_tuning.py --config "$cfg" --arm d --threshold "$pos" --neg_threshold "$neg" --n_trials "$n_trials" --max_users "$MAX_USERS" --overwrite > "$wlog" 2>&1
./run_hpt_parallel.sh: line 111: 142963 Killed                  nohup python scripts/run_hyperparameter_tuning.py --config "$cfg" --arm d --threshold "$pos" --neg_threshold "$neg" --n_trials "$n_trials" --max_users "$MAX_USERS" --overwrite > "$wlog" 2>&1
./run_hpt_parallel.sh: line 111: 142967 Killed                  nohup python scripts/run_hyperparameter_tuning.py --config "$cfg" --arm d --threshold "$pos" --neg_threshold "$neg" --n_trials "$n_trials" --max_users "$MAX_USERS" --overwrite > "$wlog" 2>&1
./run_hpt_parallel.sh: line 111: 142969 Killed                  nohup python scripts/run_hyperparameter_tuning.py --config "$cfg" --arm d --threshold "$pos" --neg_threshold "$neg" --n_trials "$n_trials" --max_users "$MAX_USERS" --overwrite > "$wlog" 2>&1
./run_hpt_parallel.sh: line 111: 142973 Killed                  nohup python scripts/run_hyperparameter_tuning.py --config "$cfg" --arm d --threshold "$pos" --neg_threshold "$neg" --n_trials "$n_trials" --max_users "$MAX_USERS" --overwrite > "$wlog" 2>&1
./run_hpt_parallel.sh: line 111: 142975 Killed                  nohup python scripts/run_hyperparameter_tuning.py --config "$cfg" --arm d --threshold "$pos" --neg_threshold "$neg" --n_trials "$n_trials" --max_users "$MAX_USERS" --overwrite > "$wlog" 2>&1
./run_hpt_parallel.sh: line 111: 142976 Killed                  nohup python scripts/run_hyperparameter_tuning.py --config "$cfg" --arm d --threshold "$pos" --neg_threshold "$neg" --n_trials "$n_trials" --max_users "$MAX_USERS" --overwrite > "$wlog" 2>&1
./run_hpt_parallel.sh: line 111: 142977 Killed                  nohup python scripts/run_hyperparameter_tuning.py --config "$cfg" --arm d --threshold "$pos" --neg_threshold "$neg" --n_trials "$n_trials" --max_users "$MAX_USERS" --overwrite > "$wlog" 2>&1
./run_hpt_parallel.sh: line 111: 142981 Killed                  nohup python scripts/run_hyperparameter_tuning.py --config "$cfg" --arm d --threshold "$pos" --neg_threshold "$neg" --n_trials "$n_trials" --max_users "$MAX_USERS" --overwrite > "$wlog" 2>&1
./run_hpt_parallel.sh: line 111: 142985 Killed                  nohup python scripts/run_hyperparameter_tuning.py --config "$cfg" --arm d --threshold "$pos" --neg_threshold "$neg" --n_trials "$n_trials" --max_users "$MAX_USERS" --overwrite > "$wlog" 2>&1
./run_hpt_parallel.sh: line 111: 142988 Killed                  nohup python scripts/run_hyperparameter_tuning.py --config "$cfg" --arm d --threshold "$pos" --neg_threshold "$neg" --n_trials "$n_trials" --max_users "$MAX_USERS" --overwrite > "$wlog" 2>&1
./run_hpt_parallel.sh: line 111: 142989 Killed                  nohup python scripts/run_hyperparameter_tuning.py --config "$cfg" --arm d --threshold "$pos" --neg_threshold "$neg" --n_trials "$n_trials" --max_users "$MAX_USERS" --overwrite > "$wlog" 2>&1
./run_hpt_parallel.sh: line 111: 142991 Killed                  nohup python scripts/run_hyperparameter_tuning.py --config "$cfg" --arm d --threshold "$pos" --neg_threshold "$neg" --n_trials "$n_trials" --max_users "$MAX_USERS" --overwrite > "$wlog" 2>&1
./run_hpt_parallel.sh: line 111: 142995 Killed                  nohup python scripts/run_hyperparameter_tuning.py --config "$cfg" --arm d --threshold "$pos" --neg_threshold "$neg" --n_trials "$n_trials" --max_users "$MAX_USERS" --overwrite > "$wlog" 2>&1
./run_hpt_parallel.sh: line 111: 142997 Killed                  nohup python scripts/run_hyperparameter_tuning.py --config "$cfg" --arm d --threshold "$pos" --neg_threshold "$neg" --n_trials "$n_trials" --max_users "$MAX_USERS" --overwrite > "$wlog" 2>&1
./run_hpt_parallel.sh: line 111: 143002 Killed                  nohup python scripts/run_hyperparameter_tuning.py --config "$cfg" --arm d --threshold "$pos" --neg_threshold "$neg" --n_trials "$n_trials" --max_users "$MAX_USERS" --overwrite > "$wlog" 2>&1
./run_hpt_parallel.sh: line 111: 143003 Killed                  nohup python scripts/run_hyperparameter_tuning.py --config "$cfg" --arm d --threshold "$pos" --neg_threshold "$neg" --n_trials "$n_trials" --max_users "$MAX_USERS" --overwrite > "$wlog" 2>&1
./run_hpt_parallel.sh: line 111: 143004 Killed                  nohup python scripts/run_hyperparameter_tuning.py --config "$cfg" --arm d --threshold "$pos" --neg_threshold "$neg" --n_trials "$n_trials" --max_users "$MAX_USERS" --overwrite > "$wlog" 2>&1
./run_hpt_parallel.sh: line 111: 143010 Killed                  nohup python scripts/run_hyperparameter_tuning.py --config "$cfg" --arm d --threshold "$pos" --neg_threshold "$neg" --n_trials "$n_trials" --max_users "$MAX_USERS" --overwrite > "$wlog" 2>&1
./run_hpt_parallel.sh: line 111: 143012 Killed                  nohup python scripts/run_hyperparameter_tuning.py --config "$cfg" --arm d --threshold "$pos" --neg_threshold "$neg" --n_trials "$n_trials" --max_users "$MAX_USERS" --overwrite > "$wlog" 2>&1
./run_hpt_parallel.sh: line 111: 143017 Killed                  nohup python scripts/run_hyperparameter_tuning.py --config "$cfg" --arm d --threshold "$pos" --neg_threshold "$neg" --n_trials "$n_trials" --max_users "$MAX_USERS" --overwrite > "$wlog" 2>&1
./run_hpt_parallel.sh: line 111: 143020 Killed                  nohup python scripts/run_hyperparameter_tuning.py --config "$cfg" --arm d --threshold "$pos" --neg_threshold "$neg" --n_trials "$n_trials" --max_users "$MAX_USERS" --overwrite > "$wlog" 2>&1
./run_hpt_parallel.sh: line 111: 143023 Killed                  nohup python scripts/run_hyperparameter_tuning.py --config "$cfg" --arm d --threshold "$pos" --neg_threshold "$neg" --n_trials "$n_trials" --max_users "$MAX_USERS" --overwrite > "$wlog" 2>&1
./run_hpt_parallel.sh: line 111: 143028 Killed                  nohup python scripts/run_hyperparameter_tuning.py --config "$cfg" --arm d --threshold "$pos" --neg_threshold "$neg" --n_trials "$n_trials" --max_users "$MAX_USERS" --overwrite > "$wlog" 2>&1
./run_hpt_parallel.sh: line 111: 143030 Killed                  nohup python scripts/run_hyperparameter_tuning.py --config "$cfg" --arm d --threshold "$pos" --neg_threshold "$neg" --n_trials "$n_trials" --max_users "$MAX_USERS" --overwrite > "$wlog" 2>&1
./run_hpt_parallel.sh: line 111: 143034 Killed                  nohup python scripts/run_hyperparameter_tuning.py --config "$cfg" --arm d --threshold "$pos" --neg_threshold "$neg" --n_trials "$n_trials" --max_users "$MAX_USERS" --overwrite > "$wlog" 2>&1
./run_hpt_parallel.sh: line 111: 143035 Killed                  nohup python scripts/run_hyperparameter_tuning.py --config "$cfg" --arm d --threshold "$pos" --neg_threshold "$neg" --n_trials "$n_trials" --max_users "$MAX_USERS" --overwrite > "$wlog" 2>&1
./run_hpt_parallel.sh: line 111: 143036 Killed                  nohup python scripts/run_hyperparameter_tuning.py --config "$cfg" --arm d --threshold "$pos" --neg_threshold "$neg" --n_trials "$n_trials" --max_users "$MAX_USERS" --overwrite > "$wlog" 2>&1
./run_hpt_parallel.sh: line 111: 143037 Killed                  nohup python scripts/run_hyperparameter_tuning.py --config "$cfg" --arm d --threshold "$pos" --neg_threshold "$neg" --n_trials "$n_trials" --max_users "$MAX_USERS" --overwrite > "$wlog" 2>&1
./run_hpt_parallel.sh: line 111: 143041 Killed                  nohup python scripts/run_hyperparameter_tuning.py --config "$cfg" --arm d --threshold "$pos" --neg_threshold "$neg" --n_trials "$n_trials" --max_users "$MAX_USERS" --overwrite > "$wlog" 2>&1
./run_hpt_parallel.sh: line 111: 143043 Killed                  nohup python scripts/run_hyperparameter_tuning.py --config "$cfg" --arm d --threshold "$pos" --neg_threshold "$neg" --n_trials "$n_trials" --max_users "$MAX_USERS" --overwrite > "$wlog" 2>&1
./run_hpt_parallel.sh: line 111: 143045 Killed                  nohup python scripts/run_hyperparameter_tuning.py --config "$cfg" --arm d --threshold "$pos" --neg_threshold "$neg" --n_trials "$n_trials" --max_users "$MAX_USERS" --overwrite > "$wlog" 2>&1
./run_hpt_parallel.sh: line 111: 143046 Killed                  nohup python scripts/run_hyperparameter_tuning.py --config "$cfg" --arm d --threshold "$pos" --neg_threshold "$neg" --n_trials "$n_trials" --max_users "$MAX_USERS" --overwrite > "$wlog" 2>&1
./run_hpt_parallel.sh: line 111: 143048 Killed                  nohup python scripts/run_hyperparameter_tuning.py --config "$cfg" --arm d --threshold "$pos" --neg_threshold "$neg" --n_trials "$n_trials" --max_users "$MAX_USERS" --overwrite > "$wlog" 2>&1
./run_hpt_parallel.sh: line 111: 143050 Killed                  nohup python scripts/run_hyperparameter_tuning.py --config "$cfg" --arm d --threshold "$pos" --neg_threshold "$neg" --n_trials "$n_trials" --max_users "$MAX_USERS" --overwrite > "$wlog" 2>&1
./run_hpt_parallel.sh: line 111: 143052 Killed                  nohup python scripts/run_hyperparameter_tuning.py --config "$cfg" --arm d --threshold "$pos" --neg_threshold "$neg" --n_trials "$n_trials" --max_users "$MAX_USERS" --overwrite > "$wlog" 2>&1
./run_hpt_parallel.sh: line 111: 143056 Killed                  nohup python scripts/run_hyperparameter_tuning.py --config "$cfg" --arm d --threshold "$pos" --neg_threshold "$neg" --n_trials "$n_trials" --max_users "$MAX_USERS" --overwrite > "$wlog" 2>&1
./run_hpt_parallel.sh: line 111: 143057 Killed                  nohup python scripts/run_hyperparameter_tuning.py --config "$cfg" --arm d --threshold "$pos" --neg_threshold "$neg" --n_trials "$n_trials" --max_users "$MAX_USERS" --overwrite > "$wlog" 2>&1
./run_hpt_parallel.sh: line 111: 143064 Killed                  nohup python scripts/run_hyperparameter_tuning.py --config "$cfg" --arm d --threshold "$pos" --neg_threshold "$neg" --n_trials "$n_trials" --max_users "$MAX_USERS" --overwrite > "$wlog" 2>&1
./run_hpt_parallel.sh: line 111: 143066 Killed                  nohup python scripts/run_hyperparameter_tuning.py --config "$cfg" --arm d --threshold "$pos" --neg_threshold "$neg" --n_trials "$n_trials" --max_users "$MAX_USERS" --overwrite > "$wlog" 2>&1
./run_hpt_parallel.sh: line 111: 143071 Killed                  nohup python scripts/run_hyperparameter_tuning.py --config "$cfg" --arm d --threshold "$pos" --neg_threshold "$neg" --n_trials "$n_trials" --max_users "$MAX_USERS" --overwrite > "$wlog" 2>&1
./run_hpt_parallel.sh: line 111: 142821 Killed                  nohup python scripts/run_hyperparameter_tuning.py --config "$cfg" --arm d --threshold "$pos" --neg_threshold "$neg" --n_trials "$n_trials" --max_users "$MAX_USERS" --overwrite > "$wlog" 2>&1
./run_hpt_parallel.sh: line 111: 142825 Killed                  nohup python scripts/run_hyperparameter_tuning.py --config "$cfg" --arm d --threshold "$pos" --neg_threshold "$neg" --n_trials "$n_trials" --max_users "$MAX_USERS" --overwrite > "$wlog" 2>&1
./run_hpt_parallel.sh: line 111: 142848 Killed                  nohup python scripts/run_hyperparameter_tuning.py --config "$cfg" --arm d --threshold "$pos" --neg_threshold "$neg" --n_trials "$n_trials" --max_users "$MAX_USERS" --overwrite > "$wlog" 2>&1
./run_hpt_parallel.sh: line 111: 142852 Killed                  nohup python scripts/run_hyperparameter_tuning.py --config "$cfg" --arm d --threshold "$pos" --neg_threshold "$neg" --n_trials "$n_trials" --max_users "$MAX_USERS" --overwrite > "$wlog" 2>&1
./run_hpt_parallel.sh: line 111: 142866 Killed                  nohup python scripts/run_hyperparameter_tuning.py --config "$cfg" --arm d --threshold "$pos" --neg_threshold "$neg" --n_trials "$n_trials" --max_users "$MAX_USERS" --overwrite > "$wlog" 2>&1
./run_hpt_parallel.sh: line 111: 142876 Killed                  nohup python scripts/run_hyperparameter_tuning.py --config "$cfg" --arm d --threshold "$pos" --neg_threshold "$neg" --n_trials "$n_trials" --max_users "$MAX_USERS" --overwrite > "$wlog" 2>&1
./run_hpt_parallel.sh: line 111: 142877 Killed                  nohup python scripts/run_hyperparameter_tuning.py --config "$cfg" --arm d --threshold "$pos" --neg_threshold "$neg" --n_trials "$n_trials" --max_users "$MAX_USERS" --overwrite > "$wlog" 2>&1
./run_hpt_parallel.sh: line 111: 142974 Killed                  nohup python scripts/run_hyperparameter_tuning.py --config "$cfg" --arm d --threshold "$pos" --neg_threshold "$neg" --n_trials "$n_trials" --max_users "$MAX_USERS" --overwrite > "$wlog" 2>&1
./run_hpt_parallel.sh: line 111: 142994 Killed                  nohup python scripts/run_hyperparameter_tuning.py --config "$cfg" --arm d --threshold "$pos" --neg_threshold "$neg" --n_trials "$n_trials" --max_users "$MAX_USERS" --overwrite > "$wlog" 2>&1
./run_hpt_parallel.sh: line 111: 142833 Killed                  nohup python scripts/run_hyperparameter_tuning.py --config "$cfg" --arm d --threshold "$pos" --neg_threshold "$neg" --n_trials "$n_trials" --max_users "$MAX_USERS" --overwrite > "$wlog" 2>&1
./run_hpt_parallel.sh: line 111: 142836 Killed                  nohup python scripts/run_hyperparameter_tuning.py --config "$cfg" --arm d --threshold "$pos" --neg_threshold "$neg" --n_trials "$n_trials" --max_users "$MAX_USERS" --overwrite > "$wlog" 2>&1
./run_hpt_parallel.sh: line 111: 142904 Killed                  nohup python scripts/run_hyperparameter_tuning.py --config "$cfg" --arm d --threshold "$pos" --neg_threshold "$neg" --n_trials "$n_trials" --max_users "$MAX_USERS" --overwrite > "$wlog" 2>&1
./run_hpt_parallel.sh: line 111: 142947 Killed                  nohup python scripts/run_hyperparameter_tuning.py --config "$cfg" --arm d --threshold "$pos" --neg_threshold "$neg" --n_trials "$n_trials" --max_users "$MAX_USERS" --overwrite > "$wlog" 2>&1
./run_hpt_parallel.sh: line 111: 143005 Killed                  nohup python scripts/run_hyperparameter_tuning.py --config "$cfg" --arm d --threshold "$pos" --neg_threshold "$neg" --n_trials "$n_trials" --max_users "$MAX_USERS" --overwrite > "$wlog" 2>&1
./run_hpt_parallel.sh: line 111: 143051 Killed                  nohup python scripts/run_hyperparameter_tuning.py --config "$cfg" --arm d --threshold "$pos" --neg_threshold "$neg" --n_trials "$n_trials" --max_users "$MAX_USERS" --overwrite > "$wlog" 2>&1
./run_hpt_parallel.sh: line 111: 143059 Killed                  nohup python scripts/run_hyperparameter_tuning.py --config "$cfg" --arm d --threshold "$pos" --neg_threshold "$neg" --n_trials "$n_trials" --max_users "$MAX_USERS" --overwrite > "$wlog" 2>&1
./run_hpt_parallel.sh: line 111: 142840 Killed                  nohup python scripts/run_hyperparameter_tuning.py --config "$cfg" --arm d --threshold "$pos" --neg_threshold "$neg" --n_trials "$n_trials" --max_users "$MAX_USERS" --overwrite > "$wlog" 2>&1
./run_hpt_parallel.sh: line 111: 142966 Killed                  nohup python scripts/run_hyperparameter_tuning.py --config "$cfg" --arm d --threshold "$pos" --neg_threshold "$neg" --n_trials "$n_trials" --max_users "$MAX_USERS" --overwrite > "$wlog" 2>&1
./run_hpt_parallel.sh: line 111: 143031 Killed                  nohup python scripts/run_hyperparameter_tuning.py --config "$cfg" --arm d --threshold "$pos" --neg_threshold "$neg" --n_trials "$n_trials" --max_users "$MAX_USERS" --overwrite > "$wlog" 2>&1
./run_hpt_parallel.sh: line 111: 142859 Killed                  nohup python scripts/run_hyperparameter_tuning.py --config "$cfg" --arm d --threshold "$pos" --neg_threshold "$neg" --n_trials "$n_trials" --max_users "$MAX_USERS" --overwrite > "$wlog" 2>&1
./run_hpt_parallel.sh: line 111: 142872 Killed                  nohup python scripts/run_hyperparameter_tuning.py --config "$cfg" --arm d --threshold "$pos" --neg_threshold "$neg" --n_trials "$n_trials" --max_users "$MAX_USERS" --overwrite > "$wlog" 2>&1
./run_hpt_parallel.sh: line 111: 142926 Killed                  nohup python scripts/run_hyperparameter_tuning.py --config "$cfg" --arm d --threshold "$pos" --neg_threshold "$neg" --n_trials "$n_trials" --max_users "$MAX_USERS" --overwrite > "$wlog" 2>&1
./run_hpt_parallel.sh: line 111: 143044 Killed                  nohup python scripts/run_hyperparameter_tuning.py --config "$cfg" --arm d --threshold "$pos" --neg_threshold "$neg" --n_trials "$n_trials" --max_users "$MAX_USERS" --overwrite > "$wlog" 2>&1
./run_hpt_parallel.sh: line 111: 142885 Killed                  nohup python scripts/run_hyperparameter_tuning.py --config "$cfg" --arm d --threshold "$pos" --neg_threshold "$neg" --n_trials "$n_trials" --max_users "$MAX_USERS" --overwrite > "$wlog" 2>&1
./run_hpt_parallel.sh: line 111: 142886 Killed                  nohup python scripts/run_hyperparameter_tuning.py --config "$cfg" --arm d --threshold "$pos" --neg_threshold "$neg" --n_trials "$n_trials" --max_users "$MAX_USERS" --overwrite > "$wlog" 2>&1
./run_hpt_parallel.sh: line 111: 142897 Killed                  nohup python scripts/run_hyperparameter_tuning.py --config "$cfg" --arm d --threshold "$pos" --neg_threshold "$neg" --n_trials "$n_trials" --max_users "$MAX_USERS" --overwrite > "$wlog" 2>&1
./run_hpt_parallel.sh: line 111: 143016 Killed                  nohup python scripts/run_hyperparameter_tuning.py --config "$cfg" --arm d --threshold "$pos" --neg_threshold "$neg" --n_trials "$n_trials" --max_users "$MAX_USERS" --overwrite > "$wlog" 2>&1
  WARNING: one or more workers exited non-zero — check logs
  Results:
    w1: 
    w2: 
    w3: 
    w4: 
    w5: 
    w6: 
    w7: 
    w8: 
    w9: 
    w10: 
    w11: 
    w12: 
    w13: 
    w14: 
    w15: 
    w16: 
    w17: 
    w18: 
    w19: 
    w20: 
    w21: 
    w22: 
    w23: 
    w24: 
    w25: 
    w26: 
    w27: 
    w28: 
    w29: 
    w30: 
    w31: 
    w32: 
    w33: 
    w34: 
    w35: 
    w36: 
    w37: 
    w38: 
    w39: 
    w40: 
    w41: 
    w42: 
    w43: 
    w44: 
    w45: 
    w46: 
    w47: 
    w48: 
    w49: 
    w50: 
    w51: 
    w52: 
    w53: 
    w54: 
    w55: 
    w56: 
    w57: 
    w58: 
    w59: 
    w60: 
    w61: 
    w62: 
    w63: 
    w64: 
    w65: 
    w66: 
    w67: 
    w68: 
    w69: 
    w70: 
    w71: 
    w72: 
    w73: 
    w74: 
    w75: 
    w76: 
    w77: 
    w78: 
    w79: 
    w80: 
    w81: 
    w82: 
    w83: 
    w84: 
    w85: 
    w86: 
    w87: 
    w88: 
    w89: 
    w90: 
    w91: 
    w92: 
    w93: 
    w94: 
    w95: 
    w96: 
    w97: 
    w98: 
    w99: 
    w100: 
    w101: 
    w102: 
    w103: 
    w104: 
    w105: 
    w106: 
    w107: 
    w108: 
    w109: 
    w110: 
    w111: 
    w112: 
    w113: 
    w114: 
    w115: 
    w116: 
    w117: 
    w118: 
    w119: 
    w120: 
    w121: 
    w122: 
    w123: 
    w124: 
    w125: 
    w126: 
    w127: 
    w128: 
    w129: 
    w130: 
    w131: 
    w132: 
    w133: 
    w134: 
    w135: 
    w136: 
    w137: 
    w138: 
    w139: 
    w140: 
    w141: 
    w142: 
    w143: 
    w144: 
    w145: 
    w146: 
    w147: 
    w148: 
    w149: 
    w150: 
    w151: 
    w152: 
    w153: 
    w154: 
    w155: 
    w156: 
    w157: 
    w158: 
    w159: 
    w160: 
    w161: 
    w162: 
    w163: 
    w164: 
    w165: 
    w166: 
    w167: 
    w168: 
    w169: 
    w170: 
    w171: 
    w172: 
    w173: 
    w174: 
    w175: 
    w176: 
    w177: 
    w178: 
    w179: 
    w180: 
    w181: 
    w182: 
    w183: 
    w184: 
    w185: 
    w186: 
    w187: 
    w188: 
    w189: 
    w190: 
    w191: 
    w192: 
    w193: 
    w194: 
    w195: 
    w196: 
    w197: 
    w198: 
    w199: 
    w200: 

══════════════════════════════════════════════════════════════
  Launching 200 workers: movielens_10m / p3_n2
  Config: configs/movielens_10m.yaml  |  pos≥3 neg≤2
  Total target trials: 150  |  MAX_USERS: 5000
  Workers share: outputs/movielens/10m/tuning/arm_d/pos_ge_3_neg_le_2/study.db
══════════════════════════════════════════════════════════════
  [w1] PID 144680  →  logs/hpt_parallel_20260529_223607_movielens_10m_p3_n2_w1.log
  [w2] PID 144681  →  logs/hpt_parallel_20260529_223607_movielens_10m_p3_n2_w2.log
  [w3] PID 144682  →  logs/hpt_parallel_20260529_223607_movielens_10m_p3_n2_w3.log
  [w4] PID 144683  →  logs/hpt_parallel_20260529_223607_movielens_10m_p3_n2_w4.log
  [w5] PID 144684  →  logs/hpt_parallel_20260529_223607_movielens_10m_p3_n2_w5.log
  [w6] PID 144685  →  logs/hpt_parallel_20260529_223607_movielens_10m_p3_n2_w6.log
  [w7] PID 144686  →  logs/hpt_parallel_20260529_223607_movielens_10m_p3_n2_w7.log
  [w8] PID 144687  →  logs/hpt_parallel_20260529_223607_movielens_10m_p3_n2_w8.log
  [w9] PID 144688  →  logs/hpt_parallel_20260529_223607_movielens_10m_p3_n2_w9.log
  [w10] PID 144689  →  logs/hpt_parallel_20260529_223607_movielens_10m_p3_n2_w10.log
  [w11] PID 144690  →  logs/hpt_parallel_20260529_223607_movielens_10m_p3_n2_w11.log
  [w12] PID 144691  →  logs/hpt_parallel_20260529_223607_movielens_10m_p3_n2_w12.log
  [w13] PID 144692  →  logs/hpt_parallel_20260529_223607_movielens_10m_p3_n2_w13.log
  [w14] PID 144693  →  logs/hpt_parallel_20260529_223607_movielens_10m_p3_n2_w14.log
  [w15] PID 144694  →  logs/hpt_parallel_20260529_223607_movielens_10m_p3_n2_w15.log
  [w16] PID 144695  →  logs/hpt_parallel_20260529_223607_movielens_10m_p3_n2_w16.log
  [w17] PID 144696  →  logs/hpt_parallel_20260529_223607_movielens_10m_p3_n2_w17.log
  [w18] PID 144697  →  logs/hpt_parallel_20260529_223607_movielens_10m_p3_n2_w18.log
  [w19] PID 144698  →  logs/hpt_parallel_20260529_223607_movielens_10m_p3_n2_w19.log
  [w20] PID 144699  →  logs/hpt_parallel_20260529_223607_movielens_10m_p3_n2_w20.log
  [w21] PID 144700  →  logs/hpt_parallel_20260529_223607_movielens_10m_p3_n2_w21.log
  [w22] PID 144701  →  logs/hpt_parallel_20260529_223607_movielens_10m_p3_n2_w22.log
  [w23] PID 144702  →  logs/hpt_parallel_20260529_223607_movielens_10m_p3_n2_w23.log
  [w24] PID 144703  →  logs/hpt_parallel_20260529_223607_movielens_10m_p3_n2_w24.log
  [w25] PID 144704  →  logs/hpt_parallel_20260529_223607_movielens_10m_p3_n2_w25.log
  [w26] PID 144705  →  logs/hpt_parallel_20260529_223607_movielens_10m_p3_n2_w26.log
  [w27] PID 144706  →  logs/hpt_parallel_20260529_223607_movielens_10m_p3_n2_w27.log
  [w28] PID 144707  →  logs/hpt_parallel_20260529_223607_movielens_10m_p3_n2_w28.log
  [w29] PID 144708  →  logs/hpt_parallel_20260529_223607_movielens_10m_p3_n2_w29.log
  [w30] PID 144709  →  logs/hpt_parallel_20260529_223607_movielens_10m_p3_n2_w30.log
  [w31] PID 144710  →  logs/hpt_parallel_20260529_223607_movielens_10m_p3_n2_w31.log
  [w32] PID 144711  →  logs/hpt_parallel_20260529_223607_movielens_10m_p3_n2_w32.log
  [w33] PID 144712  →  logs/hpt_parallel_20260529_223607_movielens_10m_p3_n2_w33.log
  [w34] PID 144713  →  logs/hpt_parallel_20260529_223607_movielens_10m_p3_n2_w34.log
  [w35] PID 144714  →  logs/hpt_parallel_20260529_223607_movielens_10m_p3_n2_w35.log
  [w36] PID 144715  →  logs/hpt_parallel_20260529_223607_movielens_10m_p3_n2_w36.log
  [w37] PID 144716  →  logs/hpt_parallel_20260529_223607_movielens_10m_p3_n2_w37.log
  [w38] PID 144717  →  logs/hpt_parallel_20260529_223607_movielens_10m_p3_n2_w38.log
  [w39] PID 144718  →  logs/hpt_parallel_20260529_223607_movielens_10m_p3_n2_w39.log
  [w40] PID 144719  →  logs/hpt_parallel_20260529_223607_movielens_10m_p3_n2_w40.log
  [w41] PID 144720  →  logs/hpt_parallel_20260529_223607_movielens_10m_p3_n2_w41.log
  [w42] PID 144721  →  logs/hpt_parallel_20260529_223607_movielens_10m_p3_n2_w42.log
  [w43] PID 144722  →  logs/hpt_parallel_20260529_223607_movielens_10m_p3_n2_w43.log
  [w44] PID 144723  →  logs/hpt_parallel_20260529_223607_movielens_10m_p3_n2_w44.log
  [w45] PID 144724  →  logs/hpt_parallel_20260529_223607_movielens_10m_p3_n2_w45.log
  [w46] PID 144725  →  logs/hpt_parallel_20260529_223607_movielens_10m_p3_n2_w46.log
  [w47] PID 144726  →  logs/hpt_parallel_20260529_223607_movielens_10m_p3_n2_w47.log
  [w48] PID 144727  →  logs/hpt_parallel_20260529_223607_movielens_10m_p3_n2_w48.log
  [w49] PID 144728  →  logs/hpt_parallel_20260529_223607_movielens_10m_p3_n2_w49.log
  [w50] PID 144729  →  logs/hpt_parallel_20260529_223607_movielens_10m_p3_n2_w50.log
  [w51] PID 144730  →  logs/hpt_parallel_20260529_223607_movielens_10m_p3_n2_w51.log
  [w52] PID 144731  →  logs/hpt_parallel_20260529_223607_movielens_10m_p3_n2_w52.log
  [w53] PID 144732  →  logs/hpt_parallel_20260529_223607_movielens_10m_p3_n2_w53.log
  [w54] PID 144733  →  logs/hpt_parallel_20260529_223607_movielens_10m_p3_n2_w54.log
  [w55] PID 144734  →  logs/hpt_parallel_20260529_223607_movielens_10m_p3_n2_w55.log
  [w56] PID 144735  →  logs/hpt_parallel_20260529_223607_movielens_10m_p3_n2_w56.log
  [w57] PID 144736  →  logs/hpt_parallel_20260529_223607_movielens_10m_p3_n2_w57.log
  [w58] PID 144737  →  logs/hpt_parallel_20260529_223607_movielens_10m_p3_n2_w58.log
  [w59] PID 144738  →  logs/hpt_parallel_20260529_223607_movielens_10m_p3_n2_w59.log
  [w60] PID 144739  →  logs/hpt_parallel_20260529_223607_movielens_10m_p3_n2_w60.log
  [w61] PID 144740  →  logs/hpt_parallel_20260529_223607_movielens_10m_p3_n2_w61.log
  [w62] PID 144741  →  logs/hpt_parallel_20260529_223607_movielens_10m_p3_n2_w62.log
  [w63] PID 144742  →  logs/hpt_parallel_20260529_223607_movielens_10m_p3_n2_w63.log
  [w64] PID 144743  →  logs/hpt_parallel_20260529_223607_movielens_10m_p3_n2_w64.log
  [w65] PID 144744  →  logs/hpt_parallel_20260529_223607_movielens_10m_p3_n2_w65.log
  [w66] PID 144745  →  logs/hpt_parallel_20260529_223607_movielens_10m_p3_n2_w66.log
  [w67] PID 144746  →  logs/hpt_parallel_20260529_223607_movielens_10m_p3_n2_w67.log
  [w68] PID 144748  →  logs/hpt_parallel_20260529_223607_movielens_10m_p3_n2_w68.log
  [w69] PID 144750  →  logs/hpt_parallel_20260529_223607_movielens_10m_p3_n2_w69.log
  [w70] PID 144751  →  logs/hpt_parallel_20260529_223607_movielens_10m_p3_n2_w70.log
  [w71] PID 144752  →  logs/hpt_parallel_20260529_223607_movielens_10m_p3_n2_w71.log
  [w72] PID 144753  →  logs/hpt_parallel_20260529_223607_movielens_10m_p3_n2_w72.log
  [w73] PID 144754  →  logs/hpt_parallel_20260529_223607_movielens_10m_p3_n2_w73.log
  [w74] PID 144755  →  logs/hpt_parallel_20260529_223607_movielens_10m_p3_n2_w74.log
  [w75] PID 144757  →  logs/hpt_parallel_20260529_223607_movielens_10m_p3_n2_w75.log
  [w76] PID 144758  →  logs/hpt_parallel_20260529_223607_movielens_10m_p3_n2_w76.log
  [w77] PID 144759  →  logs/hpt_parallel_20260529_223607_movielens_10m_p3_n2_w77.log
  [w78] PID 144761  →  logs/hpt_parallel_20260529_223607_movielens_10m_p3_n2_w78.log
  [w79] PID 144762  →  logs/hpt_parallel_20260529_223607_movielens_10m_p3_n2_w79.log
  [w80] PID 144763  →  logs/hpt_parallel_20260529_223607_movielens_10m_p3_n2_w80.log
  [w81] PID 144764  →  logs/hpt_parallel_20260529_223607_movielens_10m_p3_n2_w81.log
  [w82] PID 144765  →  logs/hpt_parallel_20260529_223607_movielens_10m_p3_n2_w82.log
  [w83] PID 144766  →  logs/hpt_parallel_20260529_223607_movielens_10m_p3_n2_w83.log
  [w84] PID 144769  →  logs/hpt_parallel_20260529_223607_movielens_10m_p3_n2_w84.log
  [w85] PID 144770  →  logs/hpt_parallel_20260529_223607_movielens_10m_p3_n2_w85.log
  [w86] PID 144772  →  logs/hpt_parallel_20260529_223607_movielens_10m_p3_n2_w86.log
  [w87] PID 144773  →  logs/hpt_parallel_20260529_223607_movielens_10m_p3_n2_w87.log
  [w88] PID 144774  →  logs/hpt_parallel_20260529_223607_movielens_10m_p3_n2_w88.log
  [w89] PID 144775  →  logs/hpt_parallel_20260529_223607_movielens_10m_p3_n2_w89.log
  [w90] PID 144776  →  logs/hpt_parallel_20260529_223607_movielens_10m_p3_n2_w90.log
  [w91] PID 144777  →  logs/hpt_parallel_20260529_223607_movielens_10m_p3_n2_w91.log
  [w92] PID 144778  →  logs/hpt_parallel_20260529_223607_movielens_10m_p3_n2_w92.log
  [w93] PID 144780  →  logs/hpt_parallel_20260529_223607_movielens_10m_p3_n2_w93.log
  [w94] PID 144781  →  logs/hpt_parallel_20260529_223607_movielens_10m_p3_n2_w94.log
  [w95] PID 144783  →  logs/hpt_parallel_20260529_223607_movielens_10m_p3_n2_w95.log
  [w96] PID 144785  →  logs/hpt_parallel_20260529_223607_movielens_10m_p3_n2_w96.log
  [w97] PID 144786  →  logs/hpt_parallel_20260529_223607_movielens_10m_p3_n2_w97.log
  [w98] PID 144788  →  logs/hpt_parallel_20260529_223607_movielens_10m_p3_n2_w98.log
  [w99] PID 144789  →  logs/hpt_parallel_20260529_223607_movielens_10m_p3_n2_w99.log
  [w100] PID 144790  →  logs/hpt_parallel_20260529_223607_movielens_10m_p3_n2_w100.log
  [w101] PID 144791  →  logs/hpt_parallel_20260529_223607_movielens_10m_p3_n2_w101.log
  [w102] PID 144792  →  logs/hpt_parallel_20260529_223607_movielens_10m_p3_n2_w102.log
  [w103] PID 144793  →  logs/hpt_parallel_20260529_223607_movielens_10m_p3_n2_w103.log
  [w104] PID 144794  →  logs/hpt_parallel_20260529_223607_movielens_10m_p3_n2_w104.log
  [w105] PID 144796  →  logs/hpt_parallel_20260529_223607_movielens_10m_p3_n2_w105.log
  [w106] PID 144797  →  logs/hpt_parallel_20260529_223607_movielens_10m_p3_n2_w106.log
  [w107] PID 144799  →  logs/hpt_parallel_20260529_223607_movielens_10m_p3_n2_w107.log
  [w108] PID 144800  →  logs/hpt_parallel_20260529_223607_movielens_10m_p3_n2_w108.log
  [w109] PID 144802  →  logs/hpt_parallel_20260529_223607_movielens_10m_p3_n2_w109.log
  [w110] PID 144803  →  logs/hpt_parallel_20260529_223607_movielens_10m_p3_n2_w110.log
  [w111] PID 144804  →  logs/hpt_parallel_20260529_223607_movielens_10m_p3_n2_w111.log
  [w112] PID 144806  →  logs/hpt_parallel_20260529_223607_movielens_10m_p3_n2_w112.log
  [w113] PID 144808  →  logs/hpt_parallel_20260529_223607_movielens_10m_p3_n2_w113.log
  [w114] PID 144810  →  logs/hpt_parallel_20260529_223607_movielens_10m_p3_n2_w114.log
  [w115] PID 144811  →  logs/hpt_parallel_20260529_223607_movielens_10m_p3_n2_w115.log
  [w116] PID 144816  →  logs/hpt_parallel_20260529_223607_movielens_10m_p3_n2_w116.log
  [w117] PID 144817  →  logs/hpt_parallel_20260529_223607_movielens_10m_p3_n2_w117.log
  [w118] PID 144819  →  logs/hpt_parallel_20260529_223607_movielens_10m_p3_n2_w118.log
  [w119] PID 144821  →  logs/hpt_parallel_20260529_223607_movielens_10m_p3_n2_w119.log
  [w120] PID 144823  →  logs/hpt_parallel_20260529_223607_movielens_10m_p3_n2_w120.log
  [w121] PID 144824  →  logs/hpt_parallel_20260529_223607_movielens_10m_p3_n2_w121.log
  [w122] PID 144825  →  logs/hpt_parallel_20260529_223607_movielens_10m_p3_n2_w122.log
  [w123] PID 144826  →  logs/hpt_parallel_20260529_223607_movielens_10m_p3_n2_w123.log
  [w124] PID 144827  →  logs/hpt_parallel_20260529_223607_movielens_10m_p3_n2_w124.log
  [w125] PID 144828  →  logs/hpt_parallel_20260529_223607_movielens_10m_p3_n2_w125.log
  [w126] PID 144829  →  logs/hpt_parallel_20260529_223607_movielens_10m_p3_n2_w126.log
  [w127] PID 144831  →  logs/hpt_parallel_20260529_223607_movielens_10m_p3_n2_w127.log
  [w128] PID 144833  →  logs/hpt_parallel_20260529_223607_movielens_10m_p3_n2_w128.log
  [w129] PID 144834  →  logs/hpt_parallel_20260529_223607_movielens_10m_p3_n2_w129.log
  [w130] PID 144835  →  logs/hpt_parallel_20260529_223607_movielens_10m_p3_n2_w130.log
  [w131] PID 144836  →  logs/hpt_parallel_20260529_223607_movielens_10m_p3_n2_w131.log
  [w132] PID 144837  →  logs/hpt_parallel_20260529_223607_movielens_10m_p3_n2_w132.log
  [w133] PID 144838  →  logs/hpt_parallel_20260529_223607_movielens_10m_p3_n2_w133.log
  [w134] PID 144839  →  logs/hpt_parallel_20260529_223607_movielens_10m_p3_n2_w134.log
  [w135] PID 144840  →  logs/hpt_parallel_20260529_223607_movielens_10m_p3_n2_w135.log
  [w136] PID 144841  →  logs/hpt_parallel_20260529_223607_movielens_10m_p3_n2_w136.log
  [w137] PID 144845  →  logs/hpt_parallel_20260529_223607_movielens_10m_p3_n2_w137.log
  [w138] PID 144848  →  logs/hpt_parallel_20260529_223607_movielens_10m_p3_n2_w138.log
  [w139] PID 144850  →  logs/hpt_parallel_20260529_223607_movielens_10m_p3_n2_w139.log
  [w140] PID 144851  →  logs/hpt_parallel_20260529_223607_movielens_10m_p3_n2_w140.log
  [w141] PID 144852  →  logs/hpt_parallel_20260529_223607_movielens_10m_p3_n2_w141.log
  [w142] PID 144853  →  logs/hpt_parallel_20260529_223607_movielens_10m_p3_n2_w142.log
  [w143] PID 144854  →  logs/hpt_parallel_20260529_223607_movielens_10m_p3_n2_w143.log
  [w144] PID 144855  →  logs/hpt_parallel_20260529_223607_movielens_10m_p3_n2_w144.log
  [w145] PID 144858  →  logs/hpt_parallel_20260529_223607_movielens_10m_p3_n2_w145.log
  [w146] PID 144859  →  logs/hpt_parallel_20260529_223607_movielens_10m_p3_n2_w146.log
  [w147] PID 144860  →  logs/hpt_parallel_20260529_223607_movielens_10m_p3_n2_w147.log
  [w148] PID 144861  →  logs/hpt_parallel_20260529_223607_movielens_10m_p3_n2_w148.log
  [w149] PID 144862  →  logs/hpt_parallel_20260529_223607_movielens_10m_p3_n2_w149.log
  [w150] PID 144865  →  logs/hpt_parallel_20260529_223607_movielens_10m_p3_n2_w150.log
  [w151] PID 144866  →  logs/hpt_parallel_20260529_223607_movielens_10m_p3_n2_w151.log
  [w152] PID 144867  →  logs/hpt_parallel_20260529_223607_movielens_10m_p3_n2_w152.log
  [w153] PID 144868  →  logs/hpt_parallel_20260529_223607_movielens_10m_p3_n2_w153.log
  [w154] PID 144869  →  logs/hpt_parallel_20260529_223607_movielens_10m_p3_n2_w154.log
  [w155] PID 144870  →  logs/hpt_parallel_20260529_223607_movielens_10m_p3_n2_w155.log
  [w156] PID 144873  →  logs/hpt_parallel_20260529_223607_movielens_10m_p3_n2_w156.log
  [w157] PID 144874  →  logs/hpt_parallel_20260529_223607_movielens_10m_p3_n2_w157.log
  [w158] PID 144875  →  logs/hpt_parallel_20260529_223607_movielens_10m_p3_n2_w158.log
  [w159] PID 144876  →  logs/hpt_parallel_20260529_223607_movielens_10m_p3_n2_w159.log
  [w160] PID 144877  →  logs/hpt_parallel_20260529_223607_movielens_10m_p3_n2_w160.log
  [w161] PID 144878  →  logs/hpt_parallel_20260529_223607_movielens_10m_p3_n2_w161.log
  [w162] PID 144879  →  logs/hpt_parallel_20260529_223607_movielens_10m_p3_n2_w162.log
  [w163] PID 144881  →  logs/hpt_parallel_20260529_223607_movielens_10m_p3_n2_w163.log
  [w164] PID 144884  →  logs/hpt_parallel_20260529_223607_movielens_10m_p3_n2_w164.log
  [w165] PID 144885  →  logs/hpt_parallel_20260529_223607_movielens_10m_p3_n2_w165.log
  [w166] PID 144886  →  logs/hpt_parallel_20260529_223607_movielens_10m_p3_n2_w166.log
  [w167] PID 144887  →  logs/hpt_parallel_20260529_223607_movielens_10m_p3_n2_w167.log
  [w168] PID 144889  →  logs/hpt_parallel_20260529_223607_movielens_10m_p3_n2_w168.log
  [w169] PID 144890  →  logs/hpt_parallel_20260529_223607_movielens_10m_p3_n2_w169.log
  [w170] PID 144893  →  logs/hpt_parallel_20260529_223607_movielens_10m_p3_n2_w170.log
  [w171] PID 144894  →  logs/hpt_parallel_20260529_223607_movielens_10m_p3_n2_w171.log
  [w172] PID 144896  →  logs/hpt_parallel_20260529_223607_movielens_10m_p3_n2_w172.log
  [w173] PID 144897  →  logs/hpt_parallel_20260529_223607_movielens_10m_p3_n2_w173.log
  [w174] PID 144899  →  logs/hpt_parallel_20260529_223607_movielens_10m_p3_n2_w174.log
  [w175] PID 144900  →  logs/hpt_parallel_20260529_223607_movielens_10m_p3_n2_w175.log
  [w176] PID 144902  →  logs/hpt_parallel_20260529_223607_movielens_10m_p3_n2_w176.log
  [w177] PID 144903  →  logs/hpt_parallel_20260529_223607_movielens_10m_p3_n2_w177.log
  [w178] PID 144904  →  logs/hpt_parallel_20260529_223607_movielens_10m_p3_n2_w178.log
  [w179] PID 144905  →  logs/hpt_parallel_20260529_223607_movielens_10m_p3_n2_w179.log
  [w180] PID 144908  →  logs/hpt_parallel_20260529_223607_movielens_10m_p3_n2_w180.log
  [w181] PID 144909  →  logs/hpt_parallel_20260529_223607_movielens_10m_p3_n2_w181.log
  [w182] PID 144910  →  logs/hpt_parallel_20260529_223607_movielens_10m_p3_n2_w182.log
  [w183] PID 144911  →  logs/hpt_parallel_20260529_223607_movielens_10m_p3_n2_w183.log
  [w184] PID 144912  →  logs/hpt_parallel_20260529_223607_movielens_10m_p3_n2_w184.log
  [w185] PID 144915  →  logs/hpt_parallel_20260529_223607_movielens_10m_p3_n2_w185.log
  [w186] PID 144916  →  logs/hpt_parallel_20260529_223607_movielens_10m_p3_n2_w186.log
  [w187] PID 144917  →  logs/hpt_parallel_20260529_223607_movielens_10m_p3_n2_w187.log
  [w188] PID 144918  →  logs/hpt_parallel_20260529_223607_movielens_10m_p3_n2_w188.log
  [w189] PID 144919  →  logs/hpt_parallel_20260529_223607_movielens_10m_p3_n2_w189.log
  [w190] PID 144920  →  logs/hpt_parallel_20260529_223607_movielens_10m_p3_n2_w190.log
  [w191] PID 144922  →  logs/hpt_parallel_20260529_223607_movielens_10m_p3_n2_w191.log
  [w192] PID 144923  →  logs/hpt_parallel_20260529_223607_movielens_10m_p3_n2_w192.log
  [w193] PID 144924  →  logs/hpt_parallel_20260529_223607_movielens_10m_p3_n2_w193.log
  [w194] PID 144925  →  logs/hpt_parallel_20260529_223607_movielens_10m_p3_n2_w194.log
  [w195] PID 144926  →  logs/hpt_parallel_20260529_223607_movielens_10m_p3_n2_w195.log
  [w196] PID 144929  →  logs/hpt_parallel_20260529_223607_movielens_10m_p3_n2_w196.log
  [w197] PID 144930  →  logs/hpt_parallel_20260529_223607_movielens_10m_p3_n2_w197.log
  [w198] PID 144931  →  logs/hpt_parallel_20260529_223607_movielens_10m_p3_n2_w198.log
  [w199] PID 144932  →  logs/hpt_parallel_20260529_223607_movielens_10m_p3_n2_w199.log
  [w200] PID 144933  →  logs/hpt_parallel_20260529_223607_movielens_10m_p3_n2_w200.log
  Waiting for all 200 workers to finish...
./run_hpt_parallel.sh: line 111: 144680 Killed                  nohup python scripts/run_hyperparameter_tuning.py --config "$cfg" --arm d --threshold "$pos" --neg_threshold "$neg" --n_trials "$n_trials" --max_users "$MAX_USERS" --overwrite > "$wlog" 2>&1
./run_hpt_parallel.sh: line 111: 144688 Killed                  nohup python scripts/run_hyperparameter_tuning.py --config "$cfg" --arm d --threshold "$pos" --neg_threshold "$neg" --n_trials "$n_trials" --max_users "$MAX_USERS" --overwrite > "$wlog" 2>&1
./run_hpt_parallel.sh: line 111: 144694 Killed                  nohup python scripts/run_hyperparameter_tuning.py --config "$cfg" --arm d --threshold "$pos" --neg_threshold "$neg" --n_trials "$n_trials" --max_users "$MAX_USERS" --overwrite > "$wlog" 2>&1
./run_hpt_parallel.sh: line 111: 144704 Killed                  nohup python scripts/run_hyperparameter_tuning.py --config "$cfg" --arm d --threshold "$pos" --neg_threshold "$neg" --n_trials "$n_trials" --max_users "$MAX_USERS" --overwrite > "$wlog" 2>&1
./run_hpt_parallel.sh: line 111: 144707 Killed                  nohup python scripts/run_hyperparameter_tuning.py --config "$cfg" --arm d --threshold "$pos" --neg_threshold "$neg" --n_trials "$n_trials" --max_users "$MAX_USERS" --overwrite > "$wlog" 2>&1
./run_hpt_parallel.sh: line 111: 144726 Killed                  nohup python scripts/run_hyperparameter_tuning.py --config "$cfg" --arm d --threshold "$pos" --neg_threshold "$neg" --n_trials "$n_trials" --max_users "$MAX_USERS" --overwrite > "$wlog" 2>&1
./run_hpt_parallel.sh: line 111: 144754 Killed                  nohup python scripts/run_hyperparameter_tuning.py --config "$cfg" --arm d --threshold "$pos" --neg_threshold "$neg" --n_trials "$n_trials" --max_users "$MAX_USERS" --overwrite > "$wlog" 2>&1
./run_hpt_parallel.sh: line 111: 144762 Killed                  nohup python scripts/run_hyperparameter_tuning.py --config "$cfg" --arm d --threshold "$pos" --neg_threshold "$neg" --n_trials "$n_trials" --max_users "$MAX_USERS" --overwrite > "$wlog" 2>&1
./run_hpt_parallel.sh: line 111: 144783 Killed                  nohup python scripts/run_hyperparameter_tuning.py --config "$cfg" --arm d --threshold "$pos" --neg_threshold "$neg" --n_trials "$n_trials" --max_users "$MAX_USERS" --overwrite > "$wlog" 2>&1
./run_hpt_parallel.sh: line 111: 144803 Killed                  nohup python scripts/run_hyperparameter_tuning.py --config "$cfg" --arm d --threshold "$pos" --neg_threshold "$neg" --n_trials "$n_trials" --max_users "$MAX_USERS" --overwrite > "$wlog" 2>&1
./run_hpt_parallel.sh: line 111: 144808 Killed                  nohup python scripts/run_hyperparameter_tuning.py --config "$cfg" --arm d --threshold "$pos" --neg_threshold "$neg" --n_trials "$n_trials" --max_users "$MAX_USERS" --overwrite > "$wlog" 2>&1
./run_hpt_parallel.sh: line 111: 144821 Killed                  nohup python scripts/run_hyperparameter_tuning.py --config "$cfg" --arm d --threshold "$pos" --neg_threshold "$neg" --n_trials "$n_trials" --max_users "$MAX_USERS" --overwrite > "$wlog" 2>&1
./run_hpt_parallel.sh: line 111: 144823 Killed                  nohup python scripts/run_hyperparameter_tuning.py --config "$cfg" --arm d --threshold "$pos" --neg_threshold "$neg" --n_trials "$n_trials" --max_users "$MAX_USERS" --overwrite > "$wlog" 2>&1
./run_hpt_parallel.sh: line 111: 144681 Killed                  nohup python scripts/run_hyperparameter_tuning.py --config "$cfg" --arm d --threshold "$pos" --neg_threshold "$neg" --n_trials "$n_trials" --max_users "$MAX_USERS" --overwrite > "$wlog" 2>&1
./run_hpt_parallel.sh: line 111: 144683 Killed                  nohup python scripts/run_hyperparameter_tuning.py --config "$cfg" --arm d --threshold "$pos" --neg_threshold "$neg" --n_trials "$n_trials" --max_users "$MAX_USERS" --overwrite > "$wlog" 2>&1
./run_hpt_parallel.sh: line 111: 144684 Killed                  nohup python scripts/run_hyperparameter_tuning.py --config "$cfg" --arm d --threshold "$pos" --neg_threshold "$neg" --n_trials "$n_trials" --max_users "$MAX_USERS" --overwrite > "$wlog" 2>&1
./run_hpt_parallel.sh: line 111: 144685 Killed                  nohup python scripts/run_hyperparameter_tuning.py --config "$cfg" --arm d --threshold "$pos" --neg_threshold "$neg" --n_trials "$n_trials" --max_users "$MAX_USERS" --overwrite > "$wlog" 2>&1
./run_hpt_parallel.sh: line 111: 144689 Killed                  nohup python scripts/run_hyperparameter_tuning.py --config "$cfg" --arm d --threshold "$pos" --neg_threshold "$neg" --n_trials "$n_trials" --max_users "$MAX_USERS" --overwrite > "$wlog" 2>&1
./run_hpt_parallel.sh: line 111: 144691 Killed                  nohup python scripts/run_hyperparameter_tuning.py --config "$cfg" --arm d --threshold "$pos" --neg_threshold "$neg" --n_trials "$n_trials" --max_users "$MAX_USERS" --overwrite > "$wlog" 2>&1
./run_hpt_parallel.sh: line 111: 144692 Killed                  nohup python scripts/run_hyperparameter_tuning.py --config "$cfg" --arm d --threshold "$pos" --neg_threshold "$neg" --n_trials "$n_trials" --max_users "$MAX_USERS" --overwrite > "$wlog" 2>&1
./run_hpt_parallel.sh: line 111: 144693 Killed                  nohup python scripts/run_hyperparameter_tuning.py --config "$cfg" --arm d --threshold "$pos" --neg_threshold "$neg" --n_trials "$n_trials" --max_users "$MAX_USERS" --overwrite > "$wlog" 2>&1
./run_hpt_parallel.sh: line 111: 144695 Killed                  nohup python scripts/run_hyperparameter_tuning.py --config "$cfg" --arm d --threshold "$pos" --neg_threshold "$neg" --n_trials "$n_trials" --max_users "$MAX_USERS" --overwrite > "$wlog" 2>&1
./run_hpt_parallel.sh: line 111: 144696 Killed                  nohup python scripts/run_hyperparameter_tuning.py --config "$cfg" --arm d --threshold "$pos" --neg_threshold "$neg" --n_trials "$n_trials" --max_users "$MAX_USERS" --overwrite > "$wlog" 2>&1
./run_hpt_parallel.sh: line 111: 144697 Killed                  nohup python scripts/run_hyperparameter_tuning.py --config "$cfg" --arm d --threshold "$pos" --neg_threshold "$neg" --n_trials "$n_trials" --max_users "$MAX_USERS" --overwrite > "$wlog" 2>&1
./run_hpt_parallel.sh: line 111: 144698 Killed                  nohup python scripts/run_hyperparameter_tuning.py --config "$cfg" --arm d --threshold "$pos" --neg_threshold "$neg" --n_trials "$n_trials" --max_users "$MAX_USERS" --overwrite > "$wlog" 2>&1
./run_hpt_parallel.sh: line 111: 144700 Killed                  nohup python scripts/run_hyperparameter_tuning.py --config "$cfg" --arm d --threshold "$pos" --neg_threshold "$neg" --n_trials "$n_trials" --max_users "$MAX_USERS" --overwrite > "$wlog" 2>&1
./run_hpt_parallel.sh: line 111: 144701 Killed                  nohup python scripts/run_hyperparameter_tuning.py --config "$cfg" --arm d --threshold "$pos" --neg_threshold "$neg" --n_trials "$n_trials" --max_users "$MAX_USERS" --overwrite > "$wlog" 2>&1
./run_hpt_parallel.sh: line 111: 144702 Killed                  nohup python scripts/run_hyperparameter_tuning.py --config "$cfg" --arm d --threshold "$pos" --neg_threshold "$neg" --n_trials "$n_trials" --max_users "$MAX_USERS" --overwrite > "$wlog" 2>&1
./run_hpt_parallel.sh: line 111: 144705 Killed                  nohup python scripts/run_hyperparameter_tuning.py --config "$cfg" --arm d --threshold "$pos" --neg_threshold "$neg" --n_trials "$n_trials" --max_users "$MAX_USERS" --overwrite > "$wlog" 2>&1
./run_hpt_parallel.sh: line 111: 144706 Killed                  nohup python scripts/run_hyperparameter_tuning.py --config "$cfg" --arm d --threshold "$pos" --neg_threshold "$neg" --n_trials "$n_trials" --max_users "$MAX_USERS" --overwrite > "$wlog" 2>&1
./run_hpt_parallel.sh: line 111: 144708 Killed                  nohup python scripts/run_hyperparameter_tuning.py --config "$cfg" --arm d --threshold "$pos" --neg_threshold "$neg" --n_trials "$n_trials" --max_users "$MAX_USERS" --overwrite > "$wlog" 2>&1
./run_hpt_parallel.sh: line 111: 144710 Killed                  nohup python scripts/run_hyperparameter_tuning.py --config "$cfg" --arm d --threshold "$pos" --neg_threshold "$neg" --n_trials "$n_trials" --max_users "$MAX_USERS" --overwrite > "$wlog" 2>&1
./run_hpt_parallel.sh: line 111: 144711 Killed                  nohup python scripts/run_hyperparameter_tuning.py --config "$cfg" --arm d --threshold "$pos" --neg_threshold "$neg" --n_trials "$n_trials" --max_users "$MAX_USERS" --overwrite > "$wlog" 2>&1
./run_hpt_parallel.sh: line 111: 144712 Killed                  nohup python scripts/run_hyperparameter_tuning.py --config "$cfg" --arm d --threshold "$pos" --neg_threshold "$neg" --n_trials "$n_trials" --max_users "$MAX_USERS" --overwrite > "$wlog" 2>&1
./run_hpt_parallel.sh: line 111: 144713 Killed                  nohup python scripts/run_hyperparameter_tuning.py --config "$cfg" --arm d --threshold "$pos" --neg_threshold "$neg" --n_trials "$n_trials" --max_users "$MAX_USERS" --overwrite > "$wlog" 2>&1
./run_hpt_parallel.sh: line 111: 144717 Killed                  nohup python scripts/run_hyperparameter_tuning.py --config "$cfg" --arm d --threshold "$pos" --neg_threshold "$neg" --n_trials "$n_trials" --max_users "$MAX_USERS" --overwrite > "$wlog" 2>&1
./run_hpt_parallel.sh: line 111: 144718 Killed                  nohup python scripts/run_hyperparameter_tuning.py --config "$cfg" --arm d --threshold "$pos" --neg_threshold "$neg" --n_trials "$n_trials" --max_users "$MAX_USERS" --overwrite > "$wlog" 2>&1
./run_hpt_parallel.sh: line 111: 144719 Killed                  nohup python scripts/run_hyperparameter_tuning.py --config "$cfg" --arm d --threshold "$pos" --neg_threshold "$neg" --n_trials "$n_trials" --max_users "$MAX_USERS" --overwrite > "$wlog" 2>&1
./run_hpt_parallel.sh: line 111: 144720 Killed                  nohup python scripts/run_hyperparameter_tuning.py --config "$cfg" --arm d --threshold "$pos" --neg_threshold "$neg" --n_trials "$n_trials" --max_users "$MAX_USERS" --overwrite > "$wlog" 2>&1
./run_hpt_parallel.sh: line 111: 144722 Killed                  nohup python scripts/run_hyperparameter_tuning.py --config "$cfg" --arm d --threshold "$pos" --neg_threshold "$neg" --n_trials "$n_trials" --max_users "$MAX_USERS" --overwrite > "$wlog" 2>&1
./run_hpt_parallel.sh: line 111: 144725 Killed                  nohup python scripts/run_hyperparameter_tuning.py --config "$cfg" --arm d --threshold "$pos" --neg_threshold "$neg" --n_trials "$n_trials" --max_users "$MAX_USERS" --overwrite > "$wlog" 2>&1
./run_hpt_parallel.sh: line 111: 144727 Killed                  nohup python scripts/run_hyperparameter_tuning.py --config "$cfg" --arm d --threshold "$pos" --neg_threshold "$neg" --n_trials "$n_trials" --max_users "$MAX_USERS" --overwrite > "$wlog" 2>&1
./run_hpt_parallel.sh: line 111: 144729 Killed                  nohup python scripts/run_hyperparameter_tuning.py --config "$cfg" --arm d --threshold "$pos" --neg_threshold "$neg" --n_trials "$n_trials" --max_users "$MAX_USERS" --overwrite > "$wlog" 2>&1
./run_hpt_parallel.sh: line 111: 144730 Killed                  nohup python scripts/run_hyperparameter_tuning.py --config "$cfg" --arm d --threshold "$pos" --neg_threshold "$neg" --n_trials "$n_trials" --max_users "$MAX_USERS" --overwrite > "$wlog" 2>&1
./run_hpt_parallel.sh: line 111: 144731 Killed                  nohup python scripts/run_hyperparameter_tuning.py --config "$cfg" --arm d --threshold "$pos" --neg_threshold "$neg" --n_trials "$n_trials" --max_users "$MAX_USERS" --overwrite > "$wlog" 2>&1
./run_hpt_parallel.sh: line 111: 144732 Killed                  nohup python scripts/run_hyperparameter_tuning.py --config "$cfg" --arm d --threshold "$pos" --neg_threshold "$neg" --n_trials "$n_trials" --max_users "$MAX_USERS" --overwrite > "$wlog" 2>&1
./run_hpt_parallel.sh: line 111: 144734 Killed                  nohup python scripts/run_hyperparameter_tuning.py --config "$cfg" --arm d --threshold "$pos" --neg_threshold "$neg" --n_trials "$n_trials" --max_users "$MAX_USERS" --overwrite > "$wlog" 2>&1
./run_hpt_parallel.sh: line 111: 144736 Killed                  nohup python scripts/run_hyperparameter_tuning.py --config "$cfg" --arm d --threshold "$pos" --neg_threshold "$neg" --n_trials "$n_trials" --max_users "$MAX_USERS" --overwrite > "$wlog" 2>&1
./run_hpt_parallel.sh: line 111: 144737 Killed                  nohup python scripts/run_hyperparameter_tuning.py --config "$cfg" --arm d --threshold "$pos" --neg_threshold "$neg" --n_trials "$n_trials" --max_users "$MAX_USERS" --overwrite > "$wlog" 2>&1
./run_hpt_parallel.sh: line 111: 144738 Killed                  nohup python scripts/run_hyperparameter_tuning.py --config "$cfg" --arm d --threshold "$pos" --neg_threshold "$neg" --n_trials "$n_trials" --max_users "$MAX_USERS" --overwrite > "$wlog" 2>&1
./run_hpt_parallel.sh: line 111: 144739 Killed                  nohup python scripts/run_hyperparameter_tuning.py --config "$cfg" --arm d --threshold "$pos" --neg_threshold "$neg" --n_trials "$n_trials" --max_users "$MAX_USERS" --overwrite > "$wlog" 2>&1
./run_hpt_parallel.sh: line 111: 144741 Killed                  nohup python scripts/run_hyperparameter_tuning.py --config "$cfg" --arm d --threshold "$pos" --neg_threshold "$neg" --n_trials "$n_trials" --max_users "$MAX_USERS" --overwrite > "$wlog" 2>&1
./run_hpt_parallel.sh: line 111: 144742 Killed                  nohup python scripts/run_hyperparameter_tuning.py --config "$cfg" --arm d --threshold "$pos" --neg_threshold "$neg" --n_trials "$n_trials" --max_users "$MAX_USERS" --overwrite > "$wlog" 2>&1
./run_hpt_parallel.sh: line 111: 144746 Killed                  nohup python scripts/run_hyperparameter_tuning.py --config "$cfg" --arm d --threshold "$pos" --neg_threshold "$neg" --n_trials "$n_trials" --max_users "$MAX_USERS" --overwrite > "$wlog" 2>&1
./run_hpt_parallel.sh: line 111: 144750 Killed                  nohup python scripts/run_hyperparameter_tuning.py --config "$cfg" --arm d --threshold "$pos" --neg_threshold "$neg" --n_trials "$n_trials" --max_users "$MAX_USERS" --overwrite > "$wlog" 2>&1
./run_hpt_parallel.sh: line 111: 144752 Killed                  nohup python scripts/run_hyperparameter_tuning.py --config "$cfg" --arm d --threshold "$pos" --neg_threshold "$neg" --n_trials "$n_trials" --max_users "$MAX_USERS" --overwrite > "$wlog" 2>&1
./run_hpt_parallel.sh: line 111: 144757 Killed                  nohup python scripts/run_hyperparameter_tuning.py --config "$cfg" --arm d --threshold "$pos" --neg_threshold "$neg" --n_trials "$n_trials" --max_users "$MAX_USERS" --overwrite > "$wlog" 2>&1
./run_hpt_parallel.sh: line 111: 144758 Killed                  nohup python scripts/run_hyperparameter_tuning.py --config "$cfg" --arm d --threshold "$pos" --neg_threshold "$neg" --n_trials "$n_trials" --max_users "$MAX_USERS" --overwrite > "$wlog" 2>&1
./run_hpt_parallel.sh: line 111: 144761 Killed                  nohup python scripts/run_hyperparameter_tuning.py --config "$cfg" --arm d --threshold "$pos" --neg_threshold "$neg" --n_trials "$n_trials" --max_users "$MAX_USERS" --overwrite > "$wlog" 2>&1
./run_hpt_parallel.sh: line 111: 144763 Killed                  nohup python scripts/run_hyperparameter_tuning.py --config "$cfg" --arm d --threshold "$pos" --neg_threshold "$neg" --n_trials "$n_trials" --max_users "$MAX_USERS" --overwrite > "$wlog" 2>&1
./run_hpt_parallel.sh: line 111: 144765 Killed                  nohup python scripts/run_hyperparameter_tuning.py --config "$cfg" --arm d --threshold "$pos" --neg_threshold "$neg" --n_trials "$n_trials" --max_users "$MAX_USERS" --overwrite > "$wlog" 2>&1
./run_hpt_parallel.sh: line 111: 144766 Killed                  nohup python scripts/run_hyperparameter_tuning.py --config "$cfg" --arm d --threshold "$pos" --neg_threshold "$neg" --n_trials "$n_trials" --max_users "$MAX_USERS" --overwrite > "$wlog" 2>&1
./run_hpt_parallel.sh: line 111: 144769 Killed                  nohup python scripts/run_hyperparameter_tuning.py --config "$cfg" --arm d --threshold "$pos" --neg_threshold "$neg" --n_trials "$n_trials" --max_users "$MAX_USERS" --overwrite > "$wlog" 2>&1
./run_hpt_parallel.sh: line 111: 144772 Killed                  nohup python scripts/run_hyperparameter_tuning.py --config "$cfg" --arm d --threshold "$pos" --neg_threshold "$neg" --n_trials "$n_trials" --max_users "$MAX_USERS" --overwrite > "$wlog" 2>&1
./run_hpt_parallel.sh: line 111: 144773 Killed                  nohup python scripts/run_hyperparameter_tuning.py --config "$cfg" --arm d --threshold "$pos" --neg_threshold "$neg" --n_trials "$n_trials" --max_users "$MAX_USERS" --overwrite > "$wlog" 2>&1
./run_hpt_parallel.sh: line 111: 144774 Killed                  nohup python scripts/run_hyperparameter_tuning.py --config "$cfg" --arm d --threshold "$pos" --neg_threshold "$neg" --n_trials "$n_trials" --max_users "$MAX_USERS" --overwrite > "$wlog" 2>&1
./run_hpt_parallel.sh: line 111: 144775 Killed                  nohup python scripts/run_hyperparameter_tuning.py --config "$cfg" --arm d --threshold "$pos" --neg_threshold "$neg" --n_trials "$n_trials" --max_users "$MAX_USERS" --overwrite > "$wlog" 2>&1
./run_hpt_parallel.sh: line 111: 144776 Killed                  nohup python scripts/run_hyperparameter_tuning.py --config "$cfg" --arm d --threshold "$pos" --neg_threshold "$neg" --n_trials "$n_trials" --max_users "$MAX_USERS" --overwrite > "$wlog" 2>&1
./run_hpt_parallel.sh: line 111: 144777 Killed                  nohup python scripts/run_hyperparameter_tuning.py --config "$cfg" --arm d --threshold "$pos" --neg_threshold "$neg" --n_trials "$n_trials" --max_users "$MAX_USERS" --overwrite > "$wlog" 2>&1
./run_hpt_parallel.sh: line 111: 144778 Killed                  nohup python scripts/run_hyperparameter_tuning.py --config "$cfg" --arm d --threshold "$pos" --neg_threshold "$neg" --n_trials "$n_trials" --max_users "$MAX_USERS" --overwrite > "$wlog" 2>&1
./run_hpt_parallel.sh: line 111: 144785 Killed                  nohup python scripts/run_hyperparameter_tuning.py --config "$cfg" --arm d --threshold "$pos" --neg_threshold "$neg" --n_trials "$n_trials" --max_users "$MAX_USERS" --overwrite > "$wlog" 2>&1
./run_hpt_parallel.sh: line 111: 144788 Killed                  nohup python scripts/run_hyperparameter_tuning.py --config "$cfg" --arm d --threshold "$pos" --neg_threshold "$neg" --n_trials "$n_trials" --max_users "$MAX_USERS" --overwrite > "$wlog" 2>&1
./run_hpt_parallel.sh: line 111: 144789 Killed                  nohup python scripts/run_hyperparameter_tuning.py --config "$cfg" --arm d --threshold "$pos" --neg_threshold "$neg" --n_trials "$n_trials" --max_users "$MAX_USERS" --overwrite > "$wlog" 2>&1
./run_hpt_parallel.sh: line 111: 144791 Killed                  nohup python scripts/run_hyperparameter_tuning.py --config "$cfg" --arm d --threshold "$pos" --neg_threshold "$neg" --n_trials "$n_trials" --max_users "$MAX_USERS" --overwrite > "$wlog" 2>&1
./run_hpt_parallel.sh: line 111: 144792 Killed                  nohup python scripts/run_hyperparameter_tuning.py --config "$cfg" --arm d --threshold "$pos" --neg_threshold "$neg" --n_trials "$n_trials" --max_users "$MAX_USERS" --overwrite > "$wlog" 2>&1
./run_hpt_parallel.sh: line 111: 144793 Killed                  nohup python scripts/run_hyperparameter_tuning.py --config "$cfg" --arm d --threshold "$pos" --neg_threshold "$neg" --n_trials "$n_trials" --max_users "$MAX_USERS" --overwrite > "$wlog" 2>&1
./run_hpt_parallel.sh: line 111: 144794 Killed                  nohup python scripts/run_hyperparameter_tuning.py --config "$cfg" --arm d --threshold "$pos" --neg_threshold "$neg" --n_trials "$n_trials" --max_users "$MAX_USERS" --overwrite > "$wlog" 2>&1
./run_hpt_parallel.sh: line 111: 144796 Killed                  nohup python scripts/run_hyperparameter_tuning.py --config "$cfg" --arm d --threshold "$pos" --neg_threshold "$neg" --n_trials "$n_trials" --max_users "$MAX_USERS" --overwrite > "$wlog" 2>&1
./run_hpt_parallel.sh: line 111: 144797 Killed                  nohup python scripts/run_hyperparameter_tuning.py --config "$cfg" --arm d --threshold "$pos" --neg_threshold "$neg" --n_trials "$n_trials" --max_users "$MAX_USERS" --overwrite > "$wlog" 2>&1
./run_hpt_parallel.sh: line 111: 144802 Killed                  nohup python scripts/run_hyperparameter_tuning.py --config "$cfg" --arm d --threshold "$pos" --neg_threshold "$neg" --n_trials "$n_trials" --max_users "$MAX_USERS" --overwrite > "$wlog" 2>&1
./run_hpt_parallel.sh: line 111: 144804 Killed                  nohup python scripts/run_hyperparameter_tuning.py --config "$cfg" --arm d --threshold "$pos" --neg_threshold "$neg" --n_trials "$n_trials" --max_users "$MAX_USERS" --overwrite > "$wlog" 2>&1
./run_hpt_parallel.sh: line 111: 144810 Killed                  nohup python scripts/run_hyperparameter_tuning.py --config "$cfg" --arm d --threshold "$pos" --neg_threshold "$neg" --n_trials "$n_trials" --max_users "$MAX_USERS" --overwrite > "$wlog" 2>&1
./run_hpt_parallel.sh: line 111: 144811 Killed                  nohup python scripts/run_hyperparameter_tuning.py --config "$cfg" --arm d --threshold "$pos" --neg_threshold "$neg" --n_trials "$n_trials" --max_users "$MAX_USERS" --overwrite > "$wlog" 2>&1
./run_hpt_parallel.sh: line 111: 144819 Killed                  nohup python scripts/run_hyperparameter_tuning.py --config "$cfg" --arm d --threshold "$pos" --neg_threshold "$neg" --n_trials "$n_trials" --max_users "$MAX_USERS" --overwrite > "$wlog" 2>&1
./run_hpt_parallel.sh: line 111: 144825 Killed                  nohup python scripts/run_hyperparameter_tuning.py --config "$cfg" --arm d --threshold "$pos" --neg_threshold "$neg" --n_trials "$n_trials" --max_users "$MAX_USERS" --overwrite > "$wlog" 2>&1
./run_hpt_parallel.sh: line 111: 144826 Killed                  nohup python scripts/run_hyperparameter_tuning.py --config "$cfg" --arm d --threshold "$pos" --neg_threshold "$neg" --n_trials "$n_trials" --max_users "$MAX_USERS" --overwrite > "$wlog" 2>&1
./run_hpt_parallel.sh: line 111: 144831 Killed                  nohup python scripts/run_hyperparameter_tuning.py --config "$cfg" --arm d --threshold "$pos" --neg_threshold "$neg" --n_trials "$n_trials" --max_users "$MAX_USERS" --overwrite > "$wlog" 2>&1
./run_hpt_parallel.sh: line 111: 144850 Killed                  nohup python scripts/run_hyperparameter_tuning.py --config "$cfg" --arm d --threshold "$pos" --neg_threshold "$neg" --n_trials "$n_trials" --max_users "$MAX_USERS" --overwrite > "$wlog" 2>&1
./run_hpt_parallel.sh: line 111: 144853 Killed                  nohup python scripts/run_hyperparameter_tuning.py --config "$cfg" --arm d --threshold "$pos" --neg_threshold "$neg" --n_trials "$n_trials" --max_users "$MAX_USERS" --overwrite > "$wlog" 2>&1
./run_hpt_parallel.sh: line 111: 144859 Killed                  nohup python scripts/run_hyperparameter_tuning.py --config "$cfg" --arm d --threshold "$pos" --neg_threshold "$neg" --n_trials "$n_trials" --max_users "$MAX_USERS" --overwrite > "$wlog" 2>&1
./run_hpt_parallel.sh: line 111: 144860 Killed                  nohup python scripts/run_hyperparameter_tuning.py --config "$cfg" --arm d --threshold "$pos" --neg_threshold "$neg" --n_trials "$n_trials" --max_users "$MAX_USERS" --overwrite > "$wlog" 2>&1
./run_hpt_parallel.sh: line 111: 144861 Killed                  nohup python scripts/run_hyperparameter_tuning.py --config "$cfg" --arm d --threshold "$pos" --neg_threshold "$neg" --n_trials "$n_trials" --max_users "$MAX_USERS" --overwrite > "$wlog" 2>&1
./run_hpt_parallel.sh: line 111: 144870 Killed                  nohup python scripts/run_hyperparameter_tuning.py --config "$cfg" --arm d --threshold "$pos" --neg_threshold "$neg" --n_trials "$n_trials" --max_users "$MAX_USERS" --overwrite > "$wlog" 2>&1
./run_hpt_parallel.sh: line 111: 144877 Killed                  nohup python scripts/run_hyperparameter_tuning.py --config "$cfg" --arm d --threshold "$pos" --neg_threshold "$neg" --n_trials "$n_trials" --max_users "$MAX_USERS" --overwrite > "$wlog" 2>&1
./run_hpt_parallel.sh: line 111: 144889 Killed                  nohup python scripts/run_hyperparameter_tuning.py --config "$cfg" --arm d --threshold "$pos" --neg_threshold "$neg" --n_trials "$n_trials" --max_users "$MAX_USERS" --overwrite > "$wlog" 2>&1
./run_hpt_parallel.sh: line 111: 144890 Killed                  nohup python scripts/run_hyperparameter_tuning.py --config "$cfg" --arm d --threshold "$pos" --neg_threshold "$neg" --n_trials "$n_trials" --max_users "$MAX_USERS" --overwrite > "$wlog" 2>&1
./run_hpt_parallel.sh: line 111: 144896 Killed                  nohup python scripts/run_hyperparameter_tuning.py --config "$cfg" --arm d --threshold "$pos" --neg_threshold "$neg" --n_trials "$n_trials" --max_users "$MAX_USERS" --overwrite > "$wlog" 2>&1
./run_hpt_parallel.sh: line 111: 144899 Killed                  nohup python scripts/run_hyperparameter_tuning.py --config "$cfg" --arm d --threshold "$pos" --neg_threshold "$neg" --n_trials "$n_trials" --max_users "$MAX_USERS" --overwrite > "$wlog" 2>&1
./run_hpt_parallel.sh: line 111: 144903 Killed                  nohup python scripts/run_hyperparameter_tuning.py --config "$cfg" --arm d --threshold "$pos" --neg_threshold "$neg" --n_trials "$n_trials" --max_users "$MAX_USERS" --overwrite > "$wlog" 2>&1
./run_hpt_parallel.sh: line 111: 144910 Killed                  nohup python scripts/run_hyperparameter_tuning.py --config "$cfg" --arm d --threshold "$pos" --neg_threshold "$neg" --n_trials "$n_trials" --max_users "$MAX_USERS" --overwrite > "$wlog" 2>&1
./run_hpt_parallel.sh: line 111: 144915 Killed                  nohup python scripts/run_hyperparameter_tuning.py --config "$cfg" --arm d --threshold "$pos" --neg_threshold "$neg" --n_trials "$n_trials" --max_users "$MAX_USERS" --overwrite > "$wlog" 2>&1
./run_hpt_parallel.sh: line 111: 144916 Killed                  nohup python scripts/run_hyperparameter_tuning.py --config "$cfg" --arm d --threshold "$pos" --neg_threshold "$neg" --n_trials "$n_trials" --max_users "$MAX_USERS" --overwrite > "$wlog" 2>&1
./run_hpt_parallel.sh: line 111: 144918 Killed                  nohup python scripts/run_hyperparameter_tuning.py --config "$cfg" --arm d --threshold "$pos" --neg_threshold "$neg" --n_trials "$n_trials" --max_users "$MAX_USERS" --overwrite > "$wlog" 2>&1
./run_hpt_parallel.sh: line 111: 144919 Killed                  nohup python scripts/run_hyperparameter_tuning.py --config "$cfg" --arm d --threshold "$pos" --neg_threshold "$neg" --n_trials "$n_trials" --max_users "$MAX_USERS" --overwrite > "$wlog" 2>&1
./run_hpt_parallel.sh: line 111: 144922 Killed                  nohup python scripts/run_hyperparameter_tuning.py --config "$cfg" --arm d --threshold "$pos" --neg_threshold "$neg" --n_trials "$n_trials" --max_users "$MAX_USERS" --overwrite > "$wlog" 2>&1
./run_hpt_parallel.sh: line 111: 144926 Killed                  nohup python scripts/run_hyperparameter_tuning.py --config "$cfg" --arm d --threshold "$pos" --neg_threshold "$neg" --n_trials "$n_trials" --max_users "$MAX_USERS" --overwrite > "$wlog" 2>&1
./run_hpt_parallel.sh: line 111: 144930 Killed                  nohup python scripts/run_hyperparameter_tuning.py --config "$cfg" --arm d --threshold "$pos" --neg_threshold "$neg" --n_trials "$n_trials" --max_users "$MAX_USERS" --overwrite > "$wlog" 2>&1
./run_hpt_parallel.sh: line 111: 144682 Killed                  nohup python scripts/run_hyperparameter_tuning.py --config "$cfg" --arm d --threshold "$pos" --neg_threshold "$neg" --n_trials "$n_trials" --max_users "$MAX_USERS" --overwrite > "$wlog" 2>&1
./run_hpt_parallel.sh: line 111: 144686 Killed                  nohup python scripts/run_hyperparameter_tuning.py --config "$cfg" --arm d --threshold "$pos" --neg_threshold "$neg" --n_trials "$n_trials" --max_users "$MAX_USERS" --overwrite > "$wlog" 2>&1
./run_hpt_parallel.sh: line 111: 144699 Killed                  nohup python scripts/run_hyperparameter_tuning.py --config "$cfg" --arm d --threshold "$pos" --neg_threshold "$neg" --n_trials "$n_trials" --max_users "$MAX_USERS" --overwrite > "$wlog" 2>&1
./run_hpt_parallel.sh: line 111: 144703 Killed                  nohup python scripts/run_hyperparameter_tuning.py --config "$cfg" --arm d --threshold "$pos" --neg_threshold "$neg" --n_trials "$n_trials" --max_users "$MAX_USERS" --overwrite > "$wlog" 2>&1
./run_hpt_parallel.sh: line 111: 144709 Killed                  nohup python scripts/run_hyperparameter_tuning.py --config "$cfg" --arm d --threshold "$pos" --neg_threshold "$neg" --n_trials "$n_trials" --max_users "$MAX_USERS" --overwrite > "$wlog" 2>&1
./run_hpt_parallel.sh: line 111: 144714 Killed                  nohup python scripts/run_hyperparameter_tuning.py --config "$cfg" --arm d --threshold "$pos" --neg_threshold "$neg" --n_trials "$n_trials" --max_users "$MAX_USERS" --overwrite > "$wlog" 2>&1
./run_hpt_parallel.sh: line 111: 144721 Killed                  nohup python scripts/run_hyperparameter_tuning.py --config "$cfg" --arm d --threshold "$pos" --neg_threshold "$neg" --n_trials "$n_trials" --max_users "$MAX_USERS" --overwrite > "$wlog" 2>&1
./run_hpt_parallel.sh: line 111: 144735 Killed                  nohup python scripts/run_hyperparameter_tuning.py --config "$cfg" --arm d --threshold "$pos" --neg_threshold "$neg" --n_trials "$n_trials" --max_users "$MAX_USERS" --overwrite > "$wlog" 2>&1
./run_hpt_parallel.sh: line 111: 144740 Killed                  nohup python scripts/run_hyperparameter_tuning.py --config "$cfg" --arm d --threshold "$pos" --neg_threshold "$neg" --n_trials "$n_trials" --max_users "$MAX_USERS" --overwrite > "$wlog" 2>&1
./run_hpt_parallel.sh: line 111: 144743 Killed                  nohup python scripts/run_hyperparameter_tuning.py --config "$cfg" --arm d --threshold "$pos" --neg_threshold "$neg" --n_trials "$n_trials" --max_users "$MAX_USERS" --overwrite > "$wlog" 2>&1
./run_hpt_parallel.sh: line 111: 144748 Killed                  nohup python scripts/run_hyperparameter_tuning.py --config "$cfg" --arm d --threshold "$pos" --neg_threshold "$neg" --n_trials "$n_trials" --max_users "$MAX_USERS" --overwrite > "$wlog" 2>&1
./run_hpt_parallel.sh: line 111: 144755 Killed                  nohup python scripts/run_hyperparameter_tuning.py --config "$cfg" --arm d --threshold "$pos" --neg_threshold "$neg" --n_trials "$n_trials" --max_users "$MAX_USERS" --overwrite > "$wlog" 2>&1
./run_hpt_parallel.sh: line 111: 144764 Killed                  nohup python scripts/run_hyperparameter_tuning.py --config "$cfg" --arm d --threshold "$pos" --neg_threshold "$neg" --n_trials "$n_trials" --max_users "$MAX_USERS" --overwrite > "$wlog" 2>&1
./run_hpt_parallel.sh: line 111: 144770 Killed                  nohup python scripts/run_hyperparameter_tuning.py --config "$cfg" --arm d --threshold "$pos" --neg_threshold "$neg" --n_trials "$n_trials" --max_users "$MAX_USERS" --overwrite > "$wlog" 2>&1
./run_hpt_parallel.sh: line 111: 144781 Killed                  nohup python scripts/run_hyperparameter_tuning.py --config "$cfg" --arm d --threshold "$pos" --neg_threshold "$neg" --n_trials "$n_trials" --max_users "$MAX_USERS" --overwrite > "$wlog" 2>&1
./run_hpt_parallel.sh: line 111: 144786 Killed                  nohup python scripts/run_hyperparameter_tuning.py --config "$cfg" --arm d --threshold "$pos" --neg_threshold "$neg" --n_trials "$n_trials" --max_users "$MAX_USERS" --overwrite > "$wlog" 2>&1
./run_hpt_parallel.sh: line 111: 144806 Killed                  nohup python scripts/run_hyperparameter_tuning.py --config "$cfg" --arm d --threshold "$pos" --neg_threshold "$neg" --n_trials "$n_trials" --max_users "$MAX_USERS" --overwrite > "$wlog" 2>&1
./run_hpt_parallel.sh: line 111: 144824 Killed                  nohup python scripts/run_hyperparameter_tuning.py --config "$cfg" --arm d --threshold "$pos" --neg_threshold "$neg" --n_trials "$n_trials" --max_users "$MAX_USERS" --overwrite > "$wlog" 2>&1
./run_hpt_parallel.sh: line 111: 144827 Killed                  nohup python scripts/run_hyperparameter_tuning.py --config "$cfg" --arm d --threshold "$pos" --neg_threshold "$neg" --n_trials "$n_trials" --max_users "$MAX_USERS" --overwrite > "$wlog" 2>&1
./run_hpt_parallel.sh: line 111: 144829 Killed                  nohup python scripts/run_hyperparameter_tuning.py --config "$cfg" --arm d --threshold "$pos" --neg_threshold "$neg" --n_trials "$n_trials" --max_users "$MAX_USERS" --overwrite > "$wlog" 2>&1
./run_hpt_parallel.sh: line 111: 144833 Killed                  nohup python scripts/run_hyperparameter_tuning.py --config "$cfg" --arm d --threshold "$pos" --neg_threshold "$neg" --n_trials "$n_trials" --max_users "$MAX_USERS" --overwrite > "$wlog" 2>&1
./run_hpt_parallel.sh: line 111: 144836 Killed                  nohup python scripts/run_hyperparameter_tuning.py --config "$cfg" --arm d --threshold "$pos" --neg_threshold "$neg" --n_trials "$n_trials" --max_users "$MAX_USERS" --overwrite > "$wlog" 2>&1
./run_hpt_parallel.sh: line 111: 144838 Killed                  nohup python scripts/run_hyperparameter_tuning.py --config "$cfg" --arm d --threshold "$pos" --neg_threshold "$neg" --n_trials "$n_trials" --max_users "$MAX_USERS" --overwrite > "$wlog" 2>&1
./run_hpt_parallel.sh: line 111: 144841 Killed                  nohup python scripts/run_hyperparameter_tuning.py --config "$cfg" --arm d --threshold "$pos" --neg_threshold "$neg" --n_trials "$n_trials" --max_users "$MAX_USERS" --overwrite > "$wlog" 2>&1
./run_hpt_parallel.sh: line 111: 144845 Killed                  nohup python scripts/run_hyperparameter_tuning.py --config "$cfg" --arm d --threshold "$pos" --neg_threshold "$neg" --n_trials "$n_trials" --max_users "$MAX_USERS" --overwrite > "$wlog" 2>&1
./run_hpt_parallel.sh: line 111: 144852 Killed                  nohup python scripts/run_hyperparameter_tuning.py --config "$cfg" --arm d --threshold "$pos" --neg_threshold "$neg" --n_trials "$n_trials" --max_users "$MAX_USERS" --overwrite > "$wlog" 2>&1
./run_hpt_parallel.sh: line 111: 144854 Killed                  nohup python scripts/run_hyperparameter_tuning.py --config "$cfg" --arm d --threshold "$pos" --neg_threshold "$neg" --n_trials "$n_trials" --max_users "$MAX_USERS" --overwrite > "$wlog" 2>&1
./run_hpt_parallel.sh: line 111: 144855 Killed                  nohup python scripts/run_hyperparameter_tuning.py --config "$cfg" --arm d --threshold "$pos" --neg_threshold "$neg" --n_trials "$n_trials" --max_users "$MAX_USERS" --overwrite > "$wlog" 2>&1
./run_hpt_parallel.sh: line 111: 144866 Killed                  nohup python scripts/run_hyperparameter_tuning.py --config "$cfg" --arm d --threshold "$pos" --neg_threshold "$neg" --n_trials "$n_trials" --max_users "$MAX_USERS" --overwrite > "$wlog" 2>&1
./run_hpt_parallel.sh: line 111: 144867 Killed                  nohup python scripts/run_hyperparameter_tuning.py --config "$cfg" --arm d --threshold "$pos" --neg_threshold "$neg" --n_trials "$n_trials" --max_users "$MAX_USERS" --overwrite > "$wlog" 2>&1
./run_hpt_parallel.sh: line 111: 144869 Killed                  nohup python scripts/run_hyperparameter_tuning.py --config "$cfg" --arm d --threshold "$pos" --neg_threshold "$neg" --n_trials "$n_trials" --max_users "$MAX_USERS" --overwrite > "$wlog" 2>&1
./run_hpt_parallel.sh: line 111: 144875 Killed                  nohup python scripts/run_hyperparameter_tuning.py --config "$cfg" --arm d --threshold "$pos" --neg_threshold "$neg" --n_trials "$n_trials" --max_users "$MAX_USERS" --overwrite > "$wlog" 2>&1
./run_hpt_parallel.sh: line 111: 144881 Killed                  nohup python scripts/run_hyperparameter_tuning.py --config "$cfg" --arm d --threshold "$pos" --neg_threshold "$neg" --n_trials "$n_trials" --max_users "$MAX_USERS" --overwrite > "$wlog" 2>&1
./run_hpt_parallel.sh: line 111: 144884 Killed                  nohup python scripts/run_hyperparameter_tuning.py --config "$cfg" --arm d --threshold "$pos" --neg_threshold "$neg" --n_trials "$n_trials" --max_users "$MAX_USERS" --overwrite > "$wlog" 2>&1
./run_hpt_parallel.sh: line 111: 144885 Killed                  nohup python scripts/run_hyperparameter_tuning.py --config "$cfg" --arm d --threshold "$pos" --neg_threshold "$neg" --n_trials "$n_trials" --max_users "$MAX_USERS" --overwrite > "$wlog" 2>&1
./run_hpt_parallel.sh: line 111: 144887 Killed                  nohup python scripts/run_hyperparameter_tuning.py --config "$cfg" --arm d --threshold "$pos" --neg_threshold "$neg" --n_trials "$n_trials" --max_users "$MAX_USERS" --overwrite > "$wlog" 2>&1
./run_hpt_parallel.sh: line 111: 144894 Killed                  nohup python scripts/run_hyperparameter_tuning.py --config "$cfg" --arm d --threshold "$pos" --neg_threshold "$neg" --n_trials "$n_trials" --max_users "$MAX_USERS" --overwrite > "$wlog" 2>&1
./run_hpt_parallel.sh: line 111: 144897 Killed                  nohup python scripts/run_hyperparameter_tuning.py --config "$cfg" --arm d --threshold "$pos" --neg_threshold "$neg" --n_trials "$n_trials" --max_users "$MAX_USERS" --overwrite > "$wlog" 2>&1
./run_hpt_parallel.sh: line 111: 144900 Killed                  nohup python scripts/run_hyperparameter_tuning.py --config "$cfg" --arm d --threshold "$pos" --neg_threshold "$neg" --n_trials "$n_trials" --max_users "$MAX_USERS" --overwrite > "$wlog" 2>&1
./run_hpt_parallel.sh: line 111: 144909 Killed                  nohup python scripts/run_hyperparameter_tuning.py --config "$cfg" --arm d --threshold "$pos" --neg_threshold "$neg" --n_trials "$n_trials" --max_users "$MAX_USERS" --overwrite > "$wlog" 2>&1
./run_hpt_parallel.sh: line 111: 144911 Killed                  nohup python scripts/run_hyperparameter_tuning.py --config "$cfg" --arm d --threshold "$pos" --neg_threshold "$neg" --n_trials "$n_trials" --max_users "$MAX_USERS" --overwrite > "$wlog" 2>&1
./run_hpt_parallel.sh: line 111: 144917 Killed                  nohup python scripts/run_hyperparameter_tuning.py --config "$cfg" --arm d --threshold "$pos" --neg_threshold "$neg" --n_trials "$n_trials" --max_users "$MAX_USERS" --overwrite > "$wlog" 2>&1
./run_hpt_parallel.sh: line 111: 144924 Killed                  nohup python scripts/run_hyperparameter_tuning.py --config "$cfg" --arm d --threshold "$pos" --neg_threshold "$neg" --n_trials "$n_trials" --max_users "$MAX_USERS" --overwrite > "$wlog" 2>&1
./run_hpt_parallel.sh: line 111: 144929 Killed                  nohup python scripts/run_hyperparameter_tuning.py --config "$cfg" --arm d --threshold "$pos" --neg_threshold "$neg" --n_trials "$n_trials" --max_users "$MAX_USERS" --overwrite > "$wlog" 2>&1
./run_hpt_parallel.sh: line 111: 144933 Killed                  nohup python scripts/run_hyperparameter_tuning.py --config "$cfg" --arm d --threshold "$pos" --neg_threshold "$neg" --n_trials "$n_trials" --max_users "$MAX_USERS" --overwrite > "$wlog" 2>&1
./run_hpt_parallel.sh: line 111: 144687 Killed                  nohup python scripts/run_hyperparameter_tuning.py --config "$cfg" --arm d --threshold "$pos" --neg_threshold "$neg" --n_trials "$n_trials" --max_users "$MAX_USERS" --overwrite > "$wlog" 2>&1
./run_hpt_parallel.sh: line 111: 144690 Killed                  nohup python scripts/run_hyperparameter_tuning.py --config "$cfg" --arm d --threshold "$pos" --neg_threshold "$neg" --n_trials "$n_trials" --max_users "$MAX_USERS" --overwrite > "$wlog" 2>&1
./run_hpt_parallel.sh: line 111: 144716 Killed                  nohup python scripts/run_hyperparameter_tuning.py --config "$cfg" --arm d --threshold "$pos" --neg_threshold "$neg" --n_trials "$n_trials" --max_users "$MAX_USERS" --overwrite > "$wlog" 2>&1
./run_hpt_parallel.sh: line 111: 144723 Killed                  nohup python scripts/run_hyperparameter_tuning.py --config "$cfg" --arm d --threshold "$pos" --neg_threshold "$neg" --n_trials "$n_trials" --max_users "$MAX_USERS" --overwrite > "$wlog" 2>&1
./run_hpt_parallel.sh: line 111: 144724 Killed                  nohup python scripts/run_hyperparameter_tuning.py --config "$cfg" --arm d --threshold "$pos" --neg_threshold "$neg" --n_trials "$n_trials" --max_users "$MAX_USERS" --overwrite > "$wlog" 2>&1
./run_hpt_parallel.sh: line 111: 144728 Killed                  nohup python scripts/run_hyperparameter_tuning.py --config "$cfg" --arm d --threshold "$pos" --neg_threshold "$neg" --n_trials "$n_trials" --max_users "$MAX_USERS" --overwrite > "$wlog" 2>&1
./run_hpt_parallel.sh: line 111: 144744 Killed                  nohup python scripts/run_hyperparameter_tuning.py --config "$cfg" --arm d --threshold "$pos" --neg_threshold "$neg" --n_trials "$n_trials" --max_users "$MAX_USERS" --overwrite > "$wlog" 2>&1
./run_hpt_parallel.sh: line 111: 144745 Killed                  nohup python scripts/run_hyperparameter_tuning.py --config "$cfg" --arm d --threshold "$pos" --neg_threshold "$neg" --n_trials "$n_trials" --max_users "$MAX_USERS" --overwrite > "$wlog" 2>&1
./run_hpt_parallel.sh: line 111: 144751 Killed                  nohup python scripts/run_hyperparameter_tuning.py --config "$cfg" --arm d --threshold "$pos" --neg_threshold "$neg" --n_trials "$n_trials" --max_users "$MAX_USERS" --overwrite > "$wlog" 2>&1
./run_hpt_parallel.sh: line 111: 144753 Killed                  nohup python scripts/run_hyperparameter_tuning.py --config "$cfg" --arm d --threshold "$pos" --neg_threshold "$neg" --n_trials "$n_trials" --max_users "$MAX_USERS" --overwrite > "$wlog" 2>&1
./run_hpt_parallel.sh: line 111: 144780 Killed                  nohup python scripts/run_hyperparameter_tuning.py --config "$cfg" --arm d --threshold "$pos" --neg_threshold "$neg" --n_trials "$n_trials" --max_users "$MAX_USERS" --overwrite > "$wlog" 2>&1
./run_hpt_parallel.sh: line 111: 144800 Killed                  nohup python scripts/run_hyperparameter_tuning.py --config "$cfg" --arm d --threshold "$pos" --neg_threshold "$neg" --n_trials "$n_trials" --max_users "$MAX_USERS" --overwrite > "$wlog" 2>&1
./run_hpt_parallel.sh: line 111: 144816 Killed                  nohup python scripts/run_hyperparameter_tuning.py --config "$cfg" --arm d --threshold "$pos" --neg_threshold "$neg" --n_trials "$n_trials" --max_users "$MAX_USERS" --overwrite > "$wlog" 2>&1
./run_hpt_parallel.sh: line 111: 144817 Killed                  nohup python scripts/run_hyperparameter_tuning.py --config "$cfg" --arm d --threshold "$pos" --neg_threshold "$neg" --n_trials "$n_trials" --max_users "$MAX_USERS" --overwrite > "$wlog" 2>&1
./run_hpt_parallel.sh: line 111: 144839 Killed                  nohup python scripts/run_hyperparameter_tuning.py --config "$cfg" --arm d --threshold "$pos" --neg_threshold "$neg" --n_trials "$n_trials" --max_users "$MAX_USERS" --overwrite > "$wlog" 2>&1
./run_hpt_parallel.sh: line 111: 144840 Killed                  nohup python scripts/run_hyperparameter_tuning.py --config "$cfg" --arm d --threshold "$pos" --neg_threshold "$neg" --n_trials "$n_trials" --max_users "$MAX_USERS" --overwrite > "$wlog" 2>&1
./run_hpt_parallel.sh: line 111: 144851 Killed                  nohup python scripts/run_hyperparameter_tuning.py --config "$cfg" --arm d --threshold "$pos" --neg_threshold "$neg" --n_trials "$n_trials" --max_users "$MAX_USERS" --overwrite > "$wlog" 2>&1
./run_hpt_parallel.sh: line 111: 144858 Killed                  nohup python scripts/run_hyperparameter_tuning.py --config "$cfg" --arm d --threshold "$pos" --neg_threshold "$neg" --n_trials "$n_trials" --max_users "$MAX_USERS" --overwrite > "$wlog" 2>&1
./run_hpt_parallel.sh: line 111: 144874 Killed                  nohup python scripts/run_hyperparameter_tuning.py --config "$cfg" --arm d --threshold "$pos" --neg_threshold "$neg" --n_trials "$n_trials" --max_users "$MAX_USERS" --overwrite > "$wlog" 2>&1
./run_hpt_parallel.sh: line 111: 144878 Killed                  nohup python scripts/run_hyperparameter_tuning.py --config "$cfg" --arm d --threshold "$pos" --neg_threshold "$neg" --n_trials "$n_trials" --max_users "$MAX_USERS" --overwrite > "$wlog" 2>&1
./run_hpt_parallel.sh: line 111: 144879 Killed                  nohup python scripts/run_hyperparameter_tuning.py --config "$cfg" --arm d --threshold "$pos" --neg_threshold "$neg" --n_trials "$n_trials" --max_users "$MAX_USERS" --overwrite > "$wlog" 2>&1
./run_hpt_parallel.sh: line 111: 144893 Killed                  nohup python scripts/run_hyperparameter_tuning.py --config "$cfg" --arm d --threshold "$pos" --neg_threshold "$neg" --n_trials "$n_trials" --max_users "$MAX_USERS" --overwrite > "$wlog" 2>&1
./run_hpt_parallel.sh: line 111: 144925 Killed                  nohup python scripts/run_hyperparameter_tuning.py --config "$cfg" --arm d --threshold "$pos" --neg_threshold "$neg" --n_trials "$n_trials" --max_users "$MAX_USERS" --overwrite > "$wlog" 2>&1
./run_hpt_parallel.sh: line 111: 144931 Killed                  nohup python scripts/run_hyperparameter_tuning.py --config "$cfg" --arm d --threshold "$pos" --neg_threshold "$neg" --n_trials "$n_trials" --max_users "$MAX_USERS" --overwrite > "$wlog" 2>&1
./run_hpt_parallel.sh: line 111: 144932 Killed                  nohup python scripts/run_hyperparameter_tuning.py --config "$cfg" --arm d --threshold "$pos" --neg_threshold "$neg" --n_trials "$n_trials" --max_users "$MAX_USERS" --overwrite > "$wlog" 2>&1
./run_hpt_parallel.sh: line 111: 144715 Killed                  nohup python scripts/run_hyperparameter_tuning.py --config "$cfg" --arm d --threshold "$pos" --neg_threshold "$neg" --n_trials "$n_trials" --max_users "$MAX_USERS" --overwrite > "$wlog" 2>&1
./run_hpt_parallel.sh: line 111: 144733 Killed                  nohup python scripts/run_hyperparameter_tuning.py --config "$cfg" --arm d --threshold "$pos" --neg_threshold "$neg" --n_trials "$n_trials" --max_users "$MAX_USERS" --overwrite > "$wlog" 2>&1
./run_hpt_parallel.sh: line 111: 144759 Killed                  nohup python scripts/run_hyperparameter_tuning.py --config "$cfg" --arm d --threshold "$pos" --neg_threshold "$neg" --n_trials "$n_trials" --max_users "$MAX_USERS" --overwrite > "$wlog" 2>&1
./run_hpt_parallel.sh: line 111: 144828 Killed                  nohup python scripts/run_hyperparameter_tuning.py --config "$cfg" --arm d --threshold "$pos" --neg_threshold "$neg" --n_trials "$n_trials" --max_users "$MAX_USERS" --overwrite > "$wlog" 2>&1
./run_hpt_parallel.sh: line 111: 144837 Killed                  nohup python scripts/run_hyperparameter_tuning.py --config "$cfg" --arm d --threshold "$pos" --neg_threshold "$neg" --n_trials "$n_trials" --max_users "$MAX_USERS" --overwrite > "$wlog" 2>&1
./run_hpt_parallel.sh: line 111: 144848 Killed                  nohup python scripts/run_hyperparameter_tuning.py --config "$cfg" --arm d --threshold "$pos" --neg_threshold "$neg" --n_trials "$n_trials" --max_users "$MAX_USERS" --overwrite > "$wlog" 2>&1
./run_hpt_parallel.sh: line 111: 144873 Killed                  nohup python scripts/run_hyperparameter_tuning.py --config "$cfg" --arm d --threshold "$pos" --neg_threshold "$neg" --n_trials "$n_trials" --max_users "$MAX_USERS" --overwrite > "$wlog" 2>&1
./run_hpt_parallel.sh: line 111: 144876 Killed                  nohup python scripts/run_hyperparameter_tuning.py --config "$cfg" --arm d --threshold "$pos" --neg_threshold "$neg" --n_trials "$n_trials" --max_users "$MAX_USERS" --overwrite > "$wlog" 2>&1
./run_hpt_parallel.sh: line 111: 144790 Killed                  nohup python scripts/run_hyperparameter_tuning.py --config "$cfg" --arm d --threshold "$pos" --neg_threshold "$neg" --n_trials "$n_trials" --max_users "$MAX_USERS" --overwrite > "$wlog" 2>&1
./run_hpt_parallel.sh: line 111: 144799 Killed                  nohup python scripts/run_hyperparameter_tuning.py --config "$cfg" --arm d --threshold "$pos" --neg_threshold "$neg" --n_trials "$n_trials" --max_users "$MAX_USERS" --overwrite > "$wlog" 2>&1
./run_hpt_parallel.sh: line 111: 144834 Killed                  nohup python scripts/run_hyperparameter_tuning.py --config "$cfg" --arm d --threshold "$pos" --neg_threshold "$neg" --n_trials "$n_trials" --max_users "$MAX_USERS" --overwrite > "$wlog" 2>&1
./run_hpt_parallel.sh: line 111: 144835 Killed                  nohup python scripts/run_hyperparameter_tuning.py --config "$cfg" --arm d --threshold "$pos" --neg_threshold "$neg" --n_trials "$n_trials" --max_users "$MAX_USERS" --overwrite > "$wlog" 2>&1
./run_hpt_parallel.sh: line 111: 144862 Killed                  nohup python scripts/run_hyperparameter_tuning.py --config "$cfg" --arm d --threshold "$pos" --neg_threshold "$neg" --n_trials "$n_trials" --max_users "$MAX_USERS" --overwrite > "$wlog" 2>&1
./run_hpt_parallel.sh: line 111: 144865 Killed                  nohup python scripts/run_hyperparameter_tuning.py --config "$cfg" --arm d --threshold "$pos" --neg_threshold "$neg" --n_trials "$n_trials" --max_users "$MAX_USERS" --overwrite > "$wlog" 2>&1
./run_hpt_parallel.sh: line 111: 144868 Killed                  nohup python scripts/run_hyperparameter_tuning.py --config "$cfg" --arm d --threshold "$pos" --neg_threshold "$neg" --n_trials "$n_trials" --max_users "$MAX_USERS" --overwrite > "$wlog" 2>&1
./run_hpt_parallel.sh: line 111: 144886 Killed                  nohup python scripts/run_hyperparameter_tuning.py --config "$cfg" --arm d --threshold "$pos" --neg_threshold "$neg" --n_trials "$n_trials" --max_users "$MAX_USERS" --overwrite > "$wlog" 2>&1
./run_hpt_parallel.sh: line 111: 144902 Killed                  nohup python scripts/run_hyperparameter_tuning.py --config "$cfg" --arm d --threshold "$pos" --neg_threshold "$neg" --n_trials "$n_trials" --max_users "$MAX_USERS" --overwrite > "$wlog" 2>&1
./run_hpt_parallel.sh: line 111: 144904 Killed                  nohup python scripts/run_hyperparameter_tuning.py --config "$cfg" --arm d --threshold "$pos" --neg_threshold "$neg" --n_trials "$n_trials" --max_users "$MAX_USERS" --overwrite > "$wlog" 2>&1
./run_hpt_parallel.sh: line 111: 144905 Killed                  nohup python scripts/run_hyperparameter_tuning.py --config "$cfg" --arm d --threshold "$pos" --neg_threshold "$neg" --n_trials "$n_trials" --max_users "$MAX_USERS" --overwrite > "$wlog" 2>&1
./run_hpt_parallel.sh: line 111: 144908 Killed                  nohup python scripts/run_hyperparameter_tuning.py --config "$cfg" --arm d --threshold "$pos" --neg_threshold "$neg" --n_trials "$n_trials" --max_users "$MAX_USERS" --overwrite > "$wlog" 2>&1
./run_hpt_parallel.sh: line 111: 144912 Killed                  nohup python scripts/run_hyperparameter_tuning.py --config "$cfg" --arm d --threshold "$pos" --neg_threshold "$neg" --n_trials "$n_trials" --max_users "$MAX_USERS" --overwrite > "$wlog" 2>&1
./run_hpt_parallel.sh: line 111: 144920 Killed                  nohup python scripts/run_hyperparameter_tuning.py --config "$cfg" --arm d --threshold "$pos" --neg_threshold "$neg" --n_trials "$n_trials" --max_users "$MAX_USERS" --overwrite > "$wlog" 2>&1
./run_hpt_parallel.sh: line 111: 144923 Killed                  nohup python scripts/run_hyperparameter_tuning.py --config "$cfg" --arm d --threshold "$pos" --neg_threshold "$neg" --n_trials "$n_trials" --max_users "$MAX_USERS" --overwrite > "$wlog" 2>&1
  WARNING: one or more workers exited non-zero — check logs
  Results:
    w1: 
    w2: 
    w3: 
    w4: 
    w5: 
    w6: 
    w7: 
    w8: 
    w9: 
    w10: 
    w11: 
    w12: 
    w13: 
    w14: 
    w15: 
    w16: 
    w17: 
    w18: 
    w19: 
    w20: 
    w21: 
    w22: 
    w23: 
    w24: 
    w25: 
    w26: 
    w27: 
    w28: 
    w29: 
    w30: 
    w31: 
    w32: 
    w33: 
    w34: 
    w35: 
    w36: 
    w37: 
    w38: 
    w39: 
    w40: 
    w41: 
    w42: 
    w43: 
    w44: 
    w45: 
    w46: 
    w47: 
    w48: 
    w49: 
    w50: 
    w51: 
    w52: 
    w53: 
    w54: 
    w55: 
    w56: 
    w57: 
    w58: 
    w59: 
    w60: 
    w61: 
    w62: 
    w63: 
    w64: 
    w65: 
    w66: 
    w67: 
    w68: 
    w69: 
    w70: 
    w71: 
    w72: 
    w73: 
    w74: 
    w75: 
    w76: 
    w77: 
    w78: 
    w79: 
    w80: 
    w81: 
    w82: 
    w83: 
    w84: 
    w85: 
    w86: 
    w87: 
    w88: 
    w89: 
    w90: 
    w91: 
    w92: 
    w93: 
    w94: 
    w95: 
    w96: 
    w97: 
    w98: 
    w99: 
    w100: 
    w101: 
    w102: 
    w103: 
    w104: 
    w105: 
    w106: 
    w107: 
    w108: 
    w109: 
    w110: 
    w111: 
    w112: 
    w113: 
    w114: 
    w115: 
    w116: 
    w117: 
    w118: 
    w119: 
    w120: 
    w121: 
    w122: 
    w123: 
    w124: 
    w125: 
    w126: 
    w127: 
    w128: 
    w129: 
    w130: 
    w131: 
    w132: 
    w133: 
    w134: 
    w135: 
    w136: 
    w137: 
    w138: 
    w139: 
    w140: 
    w141: 
    w142: 
    w143: 
    w144: 
    w145: 
    w146: 
    w147: 
    w148: 
    w149: 
    w150: 
    w151: 
    w152: 
    w153: 
    w154: 
    w155: 
    w156: 
    w157: 
    w158: 
    w159: 
    w160: 
    w161: 
    w162: 
    w163: 
    w164: 
    w165: 
    w166: 
    w167: 
    w168: 
    w169: 
    w170: 
    w171: 
    w172: 
    w173: 
    w174: 
    w175: 
    w176: 
    w177: 
    w178: 
    w179: 
    w180: 
    w181: 
    w182: 
    w183: 
    w184: 
    w185: 
    w186: 
    w187: 
    w188: 
    w189: 
    w190: 
    w191: 
    w192: 
    w193: 
    w194: 
    w195: 
    w196: 
    w197: 
    w198: 
    w199: 
    w200: 

All ML-10M configs done. Run grid + figures:
  python scripts/run_arm_d_joint_svd_grid.py --config configs/movielens_10m.yaml
  python scripts/generate_all_figures.py

══════════════════════════════════════════════════════════════
 HPT PARALLEL DONE
 Summary: python scripts/summarize_hpt_arm_d.py
 Logs:    logs/hpt_parallel_20260529_223607_*.log
══════════════════════════════════════════════════════════════
