Master log: logs/hpt_parallel_20260529_223822.log
Running ALL pending ML-10M configs with 200 workers each
N_TRIALS=150  MAX_USERS=5000


══════════════════════════════════════════════════════════════
  Launching 200 workers: movielens_10m / p5_n1
  Config: configs/movielens_10m.yaml  |  pos≥5 neg≤1
  Total target trials: 150  |  MAX_USERS: 5000
  Workers share: outputs/movielens/10m/tuning/arm_d/pos_ge_5_neg_le_1/study.db
══════════════════════════════════════════════════════════════
  [w1] PID 145992  →  logs/hpt_parallel_20260529_223822_movielens_10m_p5_n1_w1.log
  [w2] PID 145993  →  logs/hpt_parallel_20260529_223822_movielens_10m_p5_n1_w2.log
  [w3] PID 145994  →  logs/hpt_parallel_20260529_223822_movielens_10m_p5_n1_w3.log
  [w4] PID 145995  →  logs/hpt_parallel_20260529_223822_movielens_10m_p5_n1_w4.log
  [w5] PID 145996  →  logs/hpt_parallel_20260529_223822_movielens_10m_p5_n1_w5.log
  [w6] PID 145997  →  logs/hpt_parallel_20260529_223822_movielens_10m_p5_n1_w6.log
  [w7] PID 145998  →  logs/hpt_parallel_20260529_223822_movielens_10m_p5_n1_w7.log
  [w8] PID 145999  →  logs/hpt_parallel_20260529_223822_movielens_10m_p5_n1_w8.log
  [w9] PID 146000  →  logs/hpt_parallel_20260529_223822_movielens_10m_p5_n1_w9.log
  [w10] PID 146001  →  logs/hpt_parallel_20260529_223822_movielens_10m_p5_n1_w10.log
  [w11] PID 146002  →  logs/hpt_parallel_20260529_223822_movielens_10m_p5_n1_w11.log
  [w12] PID 146003  →  logs/hpt_parallel_20260529_223822_movielens_10m_p5_n1_w12.log
  [w13] PID 146004  →  logs/hpt_parallel_20260529_223822_movielens_10m_p5_n1_w13.log
  [w14] PID 146005  →  logs/hpt_parallel_20260529_223822_movielens_10m_p5_n1_w14.log
  [w15] PID 146006  →  logs/hpt_parallel_20260529_223822_movielens_10m_p5_n1_w15.log
  [w16] PID 146007  →  logs/hpt_parallel_20260529_223822_movielens_10m_p5_n1_w16.log
  [w17] PID 146008  →  logs/hpt_parallel_20260529_223822_movielens_10m_p5_n1_w17.log
  [w18] PID 146009  →  logs/hpt_parallel_20260529_223822_movielens_10m_p5_n1_w18.log
  [w19] PID 146010  →  logs/hpt_parallel_20260529_223822_movielens_10m_p5_n1_w19.log
  [w20] PID 146011  →  logs/hpt_parallel_20260529_223822_movielens_10m_p5_n1_w20.log
  [w21] PID 146012  →  logs/hpt_parallel_20260529_223822_movielens_10m_p5_n1_w21.log
  [w22] PID 146013  →  logs/hpt_parallel_20260529_223822_movielens_10m_p5_n1_w22.log
  [w23] PID 146014  →  logs/hpt_parallel_20260529_223822_movielens_10m_p5_n1_w23.log
  [w24] PID 146015  →  logs/hpt_parallel_20260529_223822_movielens_10m_p5_n1_w24.log
  [w25] PID 146016  →  logs/hpt_parallel_20260529_223822_movielens_10m_p5_n1_w25.log
  [w26] PID 146017  →  logs/hpt_parallel_20260529_223822_movielens_10m_p5_n1_w26.log
  [w27] PID 146018  →  logs/hpt_parallel_20260529_223822_movielens_10m_p5_n1_w27.log
  [w28] PID 146019  →  logs/hpt_parallel_20260529_223822_movielens_10m_p5_n1_w28.log
  [w29] PID 146020  →  logs/hpt_parallel_20260529_223822_movielens_10m_p5_n1_w29.log
  [w30] PID 146021  →  logs/hpt_parallel_20260529_223822_movielens_10m_p5_n1_w30.log
  [w31] PID 146022  →  logs/hpt_parallel_20260529_223822_movielens_10m_p5_n1_w31.log
  [w32] PID 146023  →  logs/hpt_parallel_20260529_223822_movielens_10m_p5_n1_w32.log
  [w33] PID 146024  →  logs/hpt_parallel_20260529_223822_movielens_10m_p5_n1_w33.log
  [w34] PID 146025  →  logs/hpt_parallel_20260529_223822_movielens_10m_p5_n1_w34.log
  [w35] PID 146026  →  logs/hpt_parallel_20260529_223822_movielens_10m_p5_n1_w35.log
  [w36] PID 146027  →  logs/hpt_parallel_20260529_223822_movielens_10m_p5_n1_w36.log
  [w37] PID 146028  →  logs/hpt_parallel_20260529_223822_movielens_10m_p5_n1_w37.log
  [w38] PID 146029  →  logs/hpt_parallel_20260529_223822_movielens_10m_p5_n1_w38.log
  [w39] PID 146030  →  logs/hpt_parallel_20260529_223822_movielens_10m_p5_n1_w39.log
  [w40] PID 146031  →  logs/hpt_parallel_20260529_223822_movielens_10m_p5_n1_w40.log
  [w41] PID 146032  →  logs/hpt_parallel_20260529_223822_movielens_10m_p5_n1_w41.log
  [w42] PID 146033  →  logs/hpt_parallel_20260529_223822_movielens_10m_p5_n1_w42.log
  [w43] PID 146034  →  logs/hpt_parallel_20260529_223822_movielens_10m_p5_n1_w43.log
  [w44] PID 146035  →  logs/hpt_parallel_20260529_223822_movielens_10m_p5_n1_w44.log
  [w45] PID 146036  →  logs/hpt_parallel_20260529_223822_movielens_10m_p5_n1_w45.log
  [w46] PID 146037  →  logs/hpt_parallel_20260529_223822_movielens_10m_p5_n1_w46.log
  [w47] PID 146038  →  logs/hpt_parallel_20260529_223822_movielens_10m_p5_n1_w47.log
  [w48] PID 146039  →  logs/hpt_parallel_20260529_223822_movielens_10m_p5_n1_w48.log
  [w49] PID 146040  →  logs/hpt_parallel_20260529_223822_movielens_10m_p5_n1_w49.log
  [w50] PID 146041  →  logs/hpt_parallel_20260529_223822_movielens_10m_p5_n1_w50.log
  [w51] PID 146042  →  logs/hpt_parallel_20260529_223822_movielens_10m_p5_n1_w51.log
  [w52] PID 146043  →  logs/hpt_parallel_20260529_223822_movielens_10m_p5_n1_w52.log
  [w53] PID 146044  →  logs/hpt_parallel_20260529_223822_movielens_10m_p5_n1_w53.log
  [w54] PID 146045  →  logs/hpt_parallel_20260529_223822_movielens_10m_p5_n1_w54.log
  [w55] PID 146046  →  logs/hpt_parallel_20260529_223822_movielens_10m_p5_n1_w55.log
  [w56] PID 146047  →  logs/hpt_parallel_20260529_223822_movielens_10m_p5_n1_w56.log
  [w57] PID 146048  →  logs/hpt_parallel_20260529_223822_movielens_10m_p5_n1_w57.log
  [w58] PID 146049  →  logs/hpt_parallel_20260529_223822_movielens_10m_p5_n1_w58.log
  [w59] PID 146050  →  logs/hpt_parallel_20260529_223822_movielens_10m_p5_n1_w59.log
  [w60] PID 146051  →  logs/hpt_parallel_20260529_223822_movielens_10m_p5_n1_w60.log
  [w61] PID 146052  →  logs/hpt_parallel_20260529_223822_movielens_10m_p5_n1_w61.log
  [w62] PID 146053  →  logs/hpt_parallel_20260529_223822_movielens_10m_p5_n1_w62.log
  [w63] PID 146054  →  logs/hpt_parallel_20260529_223822_movielens_10m_p5_n1_w63.log
  [w64] PID 146055  →  logs/hpt_parallel_20260529_223822_movielens_10m_p5_n1_w64.log
  [w65] PID 146056  →  logs/hpt_parallel_20260529_223822_movielens_10m_p5_n1_w65.log
  [w66] PID 146057  →  logs/hpt_parallel_20260529_223822_movielens_10m_p5_n1_w66.log
  [w67] PID 146058  →  logs/hpt_parallel_20260529_223822_movielens_10m_p5_n1_w67.log
  [w68] PID 146059  →  logs/hpt_parallel_20260529_223822_movielens_10m_p5_n1_w68.log
  [w69] PID 146060  →  logs/hpt_parallel_20260529_223822_movielens_10m_p5_n1_w69.log
  [w70] PID 146061  →  logs/hpt_parallel_20260529_223822_movielens_10m_p5_n1_w70.log
  [w71] PID 146062  →  logs/hpt_parallel_20260529_223822_movielens_10m_p5_n1_w71.log
  [w72] PID 146063  →  logs/hpt_parallel_20260529_223822_movielens_10m_p5_n1_w72.log
  [w73] PID 146064  →  logs/hpt_parallel_20260529_223822_movielens_10m_p5_n1_w73.log
  [w74] PID 146065  →  logs/hpt_parallel_20260529_223822_movielens_10m_p5_n1_w74.log
  [w75] PID 146066  →  logs/hpt_parallel_20260529_223822_movielens_10m_p5_n1_w75.log
  [w76] PID 146067  →  logs/hpt_parallel_20260529_223822_movielens_10m_p5_n1_w76.log
  [w77] PID 146068  →  logs/hpt_parallel_20260529_223822_movielens_10m_p5_n1_w77.log
  [w78] PID 146069  →  logs/hpt_parallel_20260529_223822_movielens_10m_p5_n1_w78.log
  [w79] PID 146070  →  logs/hpt_parallel_20260529_223822_movielens_10m_p5_n1_w79.log
  [w80] PID 146071  →  logs/hpt_parallel_20260529_223822_movielens_10m_p5_n1_w80.log
  [w81] PID 146072  →  logs/hpt_parallel_20260529_223822_movielens_10m_p5_n1_w81.log
  [w82] PID 146073  →  logs/hpt_parallel_20260529_223822_movielens_10m_p5_n1_w82.log
  [w83] PID 146074  →  logs/hpt_parallel_20260529_223822_movielens_10m_p5_n1_w83.log
  [w84] PID 146075  →  logs/hpt_parallel_20260529_223822_movielens_10m_p5_n1_w84.log
  [w85] PID 146076  →  logs/hpt_parallel_20260529_223822_movielens_10m_p5_n1_w85.log
  [w86] PID 146077  →  logs/hpt_parallel_20260529_223822_movielens_10m_p5_n1_w86.log
  [w87] PID 146078  →  logs/hpt_parallel_20260529_223822_movielens_10m_p5_n1_w87.log
  [w88] PID 146079  →  logs/hpt_parallel_20260529_223822_movielens_10m_p5_n1_w88.log
  [w89] PID 146080  →  logs/hpt_parallel_20260529_223822_movielens_10m_p5_n1_w89.log
  [w90] PID 146081  →  logs/hpt_parallel_20260529_223822_movielens_10m_p5_n1_w90.log
  [w91] PID 146082  →  logs/hpt_parallel_20260529_223822_movielens_10m_p5_n1_w91.log
  [w92] PID 146083  →  logs/hpt_parallel_20260529_223822_movielens_10m_p5_n1_w92.log
  [w93] PID 146084  →  logs/hpt_parallel_20260529_223822_movielens_10m_p5_n1_w93.log
  [w94] PID 146085  →  logs/hpt_parallel_20260529_223822_movielens_10m_p5_n1_w94.log
  [w95] PID 146086  →  logs/hpt_parallel_20260529_223822_movielens_10m_p5_n1_w95.log
  [w96] PID 146087  →  logs/hpt_parallel_20260529_223822_movielens_10m_p5_n1_w96.log
  [w97] PID 146088  →  logs/hpt_parallel_20260529_223822_movielens_10m_p5_n1_w97.log
  [w98] PID 146089  →  logs/hpt_parallel_20260529_223822_movielens_10m_p5_n1_w98.log
  [w99] PID 146090  →  logs/hpt_parallel_20260529_223822_movielens_10m_p5_n1_w99.log
  [w100] PID 146091  →  logs/hpt_parallel_20260529_223822_movielens_10m_p5_n1_w100.log
  [w101] PID 146092  →  logs/hpt_parallel_20260529_223822_movielens_10m_p5_n1_w101.log
  [w102] PID 146093  →  logs/hpt_parallel_20260529_223822_movielens_10m_p5_n1_w102.log
  [w103] PID 146094  →  logs/hpt_parallel_20260529_223822_movielens_10m_p5_n1_w103.log
  [w104] PID 146095  →  logs/hpt_parallel_20260529_223822_movielens_10m_p5_n1_w104.log
  [w105] PID 146096  →  logs/hpt_parallel_20260529_223822_movielens_10m_p5_n1_w105.log
  [w106] PID 146097  →  logs/hpt_parallel_20260529_223822_movielens_10m_p5_n1_w106.log
  [w107] PID 146098  →  logs/hpt_parallel_20260529_223822_movielens_10m_p5_n1_w107.log
  [w108] PID 146099  →  logs/hpt_parallel_20260529_223822_movielens_10m_p5_n1_w108.log
  [w109] PID 146100  →  logs/hpt_parallel_20260529_223822_movielens_10m_p5_n1_w109.log
  [w110] PID 146101  →  logs/hpt_parallel_20260529_223822_movielens_10m_p5_n1_w110.log
  [w111] PID 146102  →  logs/hpt_parallel_20260529_223822_movielens_10m_p5_n1_w111.log
  [w112] PID 146103  →  logs/hpt_parallel_20260529_223822_movielens_10m_p5_n1_w112.log
  [w113] PID 146104  →  logs/hpt_parallel_20260529_223822_movielens_10m_p5_n1_w113.log
  [w114] PID 146105  →  logs/hpt_parallel_20260529_223822_movielens_10m_p5_n1_w114.log
  [w115] PID 146106  →  logs/hpt_parallel_20260529_223822_movielens_10m_p5_n1_w115.log
  [w116] PID 146107  →  logs/hpt_parallel_20260529_223822_movielens_10m_p5_n1_w116.log
  [w117] PID 146108  →  logs/hpt_parallel_20260529_223822_movielens_10m_p5_n1_w117.log
  [w118] PID 146109  →  logs/hpt_parallel_20260529_223822_movielens_10m_p5_n1_w118.log
  [w119] PID 146110  →  logs/hpt_parallel_20260529_223822_movielens_10m_p5_n1_w119.log
  [w120] PID 146111  →  logs/hpt_parallel_20260529_223822_movielens_10m_p5_n1_w120.log
  [w121] PID 146112  →  logs/hpt_parallel_20260529_223822_movielens_10m_p5_n1_w121.log
  [w122] PID 146113  →  logs/hpt_parallel_20260529_223822_movielens_10m_p5_n1_w122.log
  [w123] PID 146114  →  logs/hpt_parallel_20260529_223822_movielens_10m_p5_n1_w123.log
  [w124] PID 146115  →  logs/hpt_parallel_20260529_223822_movielens_10m_p5_n1_w124.log
  [w125] PID 146116  →  logs/hpt_parallel_20260529_223822_movielens_10m_p5_n1_w125.log
  [w126] PID 146117  →  logs/hpt_parallel_20260529_223822_movielens_10m_p5_n1_w126.log
  [w127] PID 146118  →  logs/hpt_parallel_20260529_223822_movielens_10m_p5_n1_w127.log
  [w128] PID 146119  →  logs/hpt_parallel_20260529_223822_movielens_10m_p5_n1_w128.log
  [w129] PID 146120  →  logs/hpt_parallel_20260529_223822_movielens_10m_p5_n1_w129.log
  [w130] PID 146121  →  logs/hpt_parallel_20260529_223822_movielens_10m_p5_n1_w130.log
  [w131] PID 146122  →  logs/hpt_parallel_20260529_223822_movielens_10m_p5_n1_w131.log
  [w132] PID 146123  →  logs/hpt_parallel_20260529_223822_movielens_10m_p5_n1_w132.log
  [w133] PID 146124  →  logs/hpt_parallel_20260529_223822_movielens_10m_p5_n1_w133.log
  [w134] PID 146125  →  logs/hpt_parallel_20260529_223822_movielens_10m_p5_n1_w134.log
  [w135] PID 146126  →  logs/hpt_parallel_20260529_223822_movielens_10m_p5_n1_w135.log
  [w136] PID 146127  →  logs/hpt_parallel_20260529_223822_movielens_10m_p5_n1_w136.log
  [w137] PID 146128  →  logs/hpt_parallel_20260529_223822_movielens_10m_p5_n1_w137.log
  [w138] PID 146129  →  logs/hpt_parallel_20260529_223822_movielens_10m_p5_n1_w138.log
  [w139] PID 146130  →  logs/hpt_parallel_20260529_223822_movielens_10m_p5_n1_w139.log
  [w140] PID 146131  →  logs/hpt_parallel_20260529_223822_movielens_10m_p5_n1_w140.log
  [w141] PID 146132  →  logs/hpt_parallel_20260529_223822_movielens_10m_p5_n1_w141.log
  [w142] PID 146133  →  logs/hpt_parallel_20260529_223822_movielens_10m_p5_n1_w142.log
  [w143] PID 146134  →  logs/hpt_parallel_20260529_223822_movielens_10m_p5_n1_w143.log
  [w144] PID 146135  →  logs/hpt_parallel_20260529_223822_movielens_10m_p5_n1_w144.log
  [w145] PID 146136  →  logs/hpt_parallel_20260529_223822_movielens_10m_p5_n1_w145.log
  [w146] PID 146137  →  logs/hpt_parallel_20260529_223822_movielens_10m_p5_n1_w146.log
  [w147] PID 146138  →  logs/hpt_parallel_20260529_223822_movielens_10m_p5_n1_w147.log
  [w148] PID 146139  →  logs/hpt_parallel_20260529_223822_movielens_10m_p5_n1_w148.log
  [w149] PID 146140  →  logs/hpt_parallel_20260529_223822_movielens_10m_p5_n1_w149.log
  [w150] PID 146141  →  logs/hpt_parallel_20260529_223822_movielens_10m_p5_n1_w150.log
  [w151] PID 146142  →  logs/hpt_parallel_20260529_223822_movielens_10m_p5_n1_w151.log
  [w152] PID 146143  →  logs/hpt_parallel_20260529_223822_movielens_10m_p5_n1_w152.log
  [w153] PID 146144  →  logs/hpt_parallel_20260529_223822_movielens_10m_p5_n1_w153.log
  [w154] PID 146145  →  logs/hpt_parallel_20260529_223822_movielens_10m_p5_n1_w154.log
  [w155] PID 146146  →  logs/hpt_parallel_20260529_223822_movielens_10m_p5_n1_w155.log
  [w156] PID 146147  →  logs/hpt_parallel_20260529_223822_movielens_10m_p5_n1_w156.log
  [w157] PID 146148  →  logs/hpt_parallel_20260529_223822_movielens_10m_p5_n1_w157.log
  [w158] PID 146149  →  logs/hpt_parallel_20260529_223822_movielens_10m_p5_n1_w158.log
  [w159] PID 146150  →  logs/hpt_parallel_20260529_223822_movielens_10m_p5_n1_w159.log
  [w160] PID 146151  →  logs/hpt_parallel_20260529_223822_movielens_10m_p5_n1_w160.log
  [w161] PID 146152  →  logs/hpt_parallel_20260529_223822_movielens_10m_p5_n1_w161.log
  [w162] PID 146153  →  logs/hpt_parallel_20260529_223822_movielens_10m_p5_n1_w162.log
  [w163] PID 146154  →  logs/hpt_parallel_20260529_223822_movielens_10m_p5_n1_w163.log
  [w164] PID 146155  →  logs/hpt_parallel_20260529_223822_movielens_10m_p5_n1_w164.log
  [w165] PID 146158  →  logs/hpt_parallel_20260529_223822_movielens_10m_p5_n1_w165.log
  [w166] PID 146159  →  logs/hpt_parallel_20260529_223822_movielens_10m_p5_n1_w166.log
  [w167] PID 146160  →  logs/hpt_parallel_20260529_223822_movielens_10m_p5_n1_w167.log
  [w168] PID 146161  →  logs/hpt_parallel_20260529_223822_movielens_10m_p5_n1_w168.log
  [w169] PID 146162  →  logs/hpt_parallel_20260529_223822_movielens_10m_p5_n1_w169.log
  [w170] PID 146163  →  logs/hpt_parallel_20260529_223822_movielens_10m_p5_n1_w170.log
  [w171] PID 146164  →  logs/hpt_parallel_20260529_223822_movielens_10m_p5_n1_w171.log
  [w172] PID 146165  →  logs/hpt_parallel_20260529_223822_movielens_10m_p5_n1_w172.log
  [w173] PID 146166  →  logs/hpt_parallel_20260529_223822_movielens_10m_p5_n1_w173.log
  [w174] PID 146168  →  logs/hpt_parallel_20260529_223822_movielens_10m_p5_n1_w174.log
  [w175] PID 146169  →  logs/hpt_parallel_20260529_223822_movielens_10m_p5_n1_w175.log
  [w176] PID 146170  →  logs/hpt_parallel_20260529_223822_movielens_10m_p5_n1_w176.log
  [w177] PID 146171  →  logs/hpt_parallel_20260529_223822_movielens_10m_p5_n1_w177.log
  [w178] PID 146172  →  logs/hpt_parallel_20260529_223822_movielens_10m_p5_n1_w178.log
  [w179] PID 146173  →  logs/hpt_parallel_20260529_223822_movielens_10m_p5_n1_w179.log
  [w180] PID 146174  →  logs/hpt_parallel_20260529_223822_movielens_10m_p5_n1_w180.log
  [w181] PID 146177  →  logs/hpt_parallel_20260529_223822_movielens_10m_p5_n1_w181.log
  [w182] PID 146178  →  logs/hpt_parallel_20260529_223822_movielens_10m_p5_n1_w182.log
  [w183] PID 146179  →  logs/hpt_parallel_20260529_223822_movielens_10m_p5_n1_w183.log
  [w184] PID 146180  →  logs/hpt_parallel_20260529_223822_movielens_10m_p5_n1_w184.log
  [w185] PID 146182  →  logs/hpt_parallel_20260529_223822_movielens_10m_p5_n1_w185.log
  [w186] PID 146183  →  logs/hpt_parallel_20260529_223822_movielens_10m_p5_n1_w186.log
  [w187] PID 146184  →  logs/hpt_parallel_20260529_223822_movielens_10m_p5_n1_w187.log
  [w188] PID 146190  →  logs/hpt_parallel_20260529_223822_movielens_10m_p5_n1_w188.log
  [w189] PID 146191  →  logs/hpt_parallel_20260529_223822_movielens_10m_p5_n1_w189.log
  [w190] PID 146192  →  logs/hpt_parallel_20260529_223822_movielens_10m_p5_n1_w190.log
  [w191] PID 146193  →  logs/hpt_parallel_20260529_223822_movielens_10m_p5_n1_w191.log
  [w192] PID 146194  →  logs/hpt_parallel_20260529_223822_movielens_10m_p5_n1_w192.log
  [w193] PID 146195  →  logs/hpt_parallel_20260529_223822_movielens_10m_p5_n1_w193.log
  [w194] PID 146196  →  logs/hpt_parallel_20260529_223822_movielens_10m_p5_n1_w194.log
  [w195] PID 146197  →  logs/hpt_parallel_20260529_223822_movielens_10m_p5_n1_w195.log
  [w196] PID 146201  →  logs/hpt_parallel_20260529_223822_movielens_10m_p5_n1_w196.log
  [w197] PID 146202  →  logs/hpt_parallel_20260529_223822_movielens_10m_p5_n1_w197.log
  [w198] PID 146204  →  logs/hpt_parallel_20260529_223822_movielens_10m_p5_n1_w198.log
  [w199] PID 146205  →  logs/hpt_parallel_20260529_223822_movielens_10m_p5_n1_w199.log
  [w200] PID 146206  →  logs/hpt_parallel_20260529_223822_movielens_10m_p5_n1_w200.log
  Waiting for all 200 workers to finish...
./run_hpt_parallel.sh: line 111: 145992 Killed                  nohup python scripts/run_hyperparameter_tuning.py --config "$cfg" --arm d --threshold "$pos" --neg_threshold "$neg" --n_trials "$n_trials" --max_users "$MAX_USERS" --overwrite > "$wlog" 2>&1
./run_hpt_parallel.sh: line 111: 145993 Killed                  nohup python scripts/run_hyperparameter_tuning.py --config "$cfg" --arm d --threshold "$pos" --neg_threshold "$neg" --n_trials "$n_trials" --max_users "$MAX_USERS" --overwrite > "$wlog" 2>&1
./run_hpt_parallel.sh: line 111: 145994 Killed                  nohup python scripts/run_hyperparameter_tuning.py --config "$cfg" --arm d --threshold "$pos" --neg_threshold "$neg" --n_trials "$n_trials" --max_users "$MAX_USERS" --overwrite > "$wlog" 2>&1
./run_hpt_parallel.sh: line 111: 145995 Killed                  nohup python scripts/run_hyperparameter_tuning.py --config "$cfg" --arm d --threshold "$pos" --neg_threshold "$neg" --n_trials "$n_trials" --max_users "$MAX_USERS" --overwrite > "$wlog" 2>&1
./run_hpt_parallel.sh: line 111: 145997 Killed                  nohup python scripts/run_hyperparameter_tuning.py --config "$cfg" --arm d --threshold "$pos" --neg_threshold "$neg" --n_trials "$n_trials" --max_users "$MAX_USERS" --overwrite > "$wlog" 2>&1
./run_hpt_parallel.sh: line 111: 145998 Killed                  nohup python scripts/run_hyperparameter_tuning.py --config "$cfg" --arm d --threshold "$pos" --neg_threshold "$neg" --n_trials "$n_trials" --max_users "$MAX_USERS" --overwrite > "$wlog" 2>&1
./run_hpt_parallel.sh: line 111: 145999 Killed                  nohup python scripts/run_hyperparameter_tuning.py --config "$cfg" --arm d --threshold "$pos" --neg_threshold "$neg" --n_trials "$n_trials" --max_users "$MAX_USERS" --overwrite > "$wlog" 2>&1
./run_hpt_parallel.sh: line 111: 146000 Killed                  nohup python scripts/run_hyperparameter_tuning.py --config "$cfg" --arm d --threshold "$pos" --neg_threshold "$neg" --n_trials "$n_trials" --max_users "$MAX_USERS" --overwrite > "$wlog" 2>&1
./run_hpt_parallel.sh: line 111: 146001 Killed                  nohup python scripts/run_hyperparameter_tuning.py --config "$cfg" --arm d --threshold "$pos" --neg_threshold "$neg" --n_trials "$n_trials" --max_users "$MAX_USERS" --overwrite > "$wlog" 2>&1
./run_hpt_parallel.sh: line 111: 146003 Killed                  nohup python scripts/run_hyperparameter_tuning.py --config "$cfg" --arm d --threshold "$pos" --neg_threshold "$neg" --n_trials "$n_trials" --max_users "$MAX_USERS" --overwrite > "$wlog" 2>&1
./run_hpt_parallel.sh: line 111: 146004 Killed                  nohup python scripts/run_hyperparameter_tuning.py --config "$cfg" --arm d --threshold "$pos" --neg_threshold "$neg" --n_trials "$n_trials" --max_users "$MAX_USERS" --overwrite > "$wlog" 2>&1
./run_hpt_parallel.sh: line 111: 146007 Killed                  nohup python scripts/run_hyperparameter_tuning.py --config "$cfg" --arm d --threshold "$pos" --neg_threshold "$neg" --n_trials "$n_trials" --max_users "$MAX_USERS" --overwrite > "$wlog" 2>&1
./run_hpt_parallel.sh: line 111: 146008 Killed                  nohup python scripts/run_hyperparameter_tuning.py --config "$cfg" --arm d --threshold "$pos" --neg_threshold "$neg" --n_trials "$n_trials" --max_users "$MAX_USERS" --overwrite > "$wlog" 2>&1
./run_hpt_parallel.sh: line 111: 146010 Killed                  nohup python scripts/run_hyperparameter_tuning.py --config "$cfg" --arm d --threshold "$pos" --neg_threshold "$neg" --n_trials "$n_trials" --max_users "$MAX_USERS" --overwrite > "$wlog" 2>&1
./run_hpt_parallel.sh: line 111: 146011 Killed                  nohup python scripts/run_hyperparameter_tuning.py --config "$cfg" --arm d --threshold "$pos" --neg_threshold "$neg" --n_trials "$n_trials" --max_users "$MAX_USERS" --overwrite > "$wlog" 2>&1
./run_hpt_parallel.sh: line 111: 146014 Killed                  nohup python scripts/run_hyperparameter_tuning.py --config "$cfg" --arm d --threshold "$pos" --neg_threshold "$neg" --n_trials "$n_trials" --max_users "$MAX_USERS" --overwrite > "$wlog" 2>&1
./run_hpt_parallel.sh: line 111: 146015 Killed                  nohup python scripts/run_hyperparameter_tuning.py --config "$cfg" --arm d --threshold "$pos" --neg_threshold "$neg" --n_trials "$n_trials" --max_users "$MAX_USERS" --overwrite > "$wlog" 2>&1
./run_hpt_parallel.sh: line 111: 146017 Killed                  nohup python scripts/run_hyperparameter_tuning.py --config "$cfg" --arm d --threshold "$pos" --neg_threshold "$neg" --n_trials "$n_trials" --max_users "$MAX_USERS" --overwrite > "$wlog" 2>&1
./run_hpt_parallel.sh: line 111: 146018 Killed                  nohup python scripts/run_hyperparameter_tuning.py --config "$cfg" --arm d --threshold "$pos" --neg_threshold "$neg" --n_trials "$n_trials" --max_users "$MAX_USERS" --overwrite > "$wlog" 2>&1
./run_hpt_parallel.sh: line 111: 146020 Killed                  nohup python scripts/run_hyperparameter_tuning.py --config "$cfg" --arm d --threshold "$pos" --neg_threshold "$neg" --n_trials "$n_trials" --max_users "$MAX_USERS" --overwrite > "$wlog" 2>&1
./run_hpt_parallel.sh: line 111: 146023 Killed                  nohup python scripts/run_hyperparameter_tuning.py --config "$cfg" --arm d --threshold "$pos" --neg_threshold "$neg" --n_trials "$n_trials" --max_users "$MAX_USERS" --overwrite > "$wlog" 2>&1
./run_hpt_parallel.sh: line 111: 146025 Killed                  nohup python scripts/run_hyperparameter_tuning.py --config "$cfg" --arm d --threshold "$pos" --neg_threshold "$neg" --n_trials "$n_trials" --max_users "$MAX_USERS" --overwrite > "$wlog" 2>&1
./run_hpt_parallel.sh: line 111: 146026 Killed                  nohup python scripts/run_hyperparameter_tuning.py --config "$cfg" --arm d --threshold "$pos" --neg_threshold "$neg" --n_trials "$n_trials" --max_users "$MAX_USERS" --overwrite > "$wlog" 2>&1
./run_hpt_parallel.sh: line 111: 146031 Killed                  nohup python scripts/run_hyperparameter_tuning.py --config "$cfg" --arm d --threshold "$pos" --neg_threshold "$neg" --n_trials "$n_trials" --max_users "$MAX_USERS" --overwrite > "$wlog" 2>&1
./run_hpt_parallel.sh: line 111: 146032 Killed                  nohup python scripts/run_hyperparameter_tuning.py --config "$cfg" --arm d --threshold "$pos" --neg_threshold "$neg" --n_trials "$n_trials" --max_users "$MAX_USERS" --overwrite > "$wlog" 2>&1
./run_hpt_parallel.sh: line 111: 146034 Killed                  nohup python scripts/run_hyperparameter_tuning.py --config "$cfg" --arm d --threshold "$pos" --neg_threshold "$neg" --n_trials "$n_trials" --max_users "$MAX_USERS" --overwrite > "$wlog" 2>&1
./run_hpt_parallel.sh: line 111: 146035 Killed                  nohup python scripts/run_hyperparameter_tuning.py --config "$cfg" --arm d --threshold "$pos" --neg_threshold "$neg" --n_trials "$n_trials" --max_users "$MAX_USERS" --overwrite > "$wlog" 2>&1
./run_hpt_parallel.sh: line 111: 146040 Killed                  nohup python scripts/run_hyperparameter_tuning.py --config "$cfg" --arm d --threshold "$pos" --neg_threshold "$neg" --n_trials "$n_trials" --max_users "$MAX_USERS" --overwrite > "$wlog" 2>&1
./run_hpt_parallel.sh: line 111: 146042 Killed                  nohup python scripts/run_hyperparameter_tuning.py --config "$cfg" --arm d --threshold "$pos" --neg_threshold "$neg" --n_trials "$n_trials" --max_users "$MAX_USERS" --overwrite > "$wlog" 2>&1
./run_hpt_parallel.sh: line 111: 146043 Killed                  nohup python scripts/run_hyperparameter_tuning.py --config "$cfg" --arm d --threshold "$pos" --neg_threshold "$neg" --n_trials "$n_trials" --max_users "$MAX_USERS" --overwrite > "$wlog" 2>&1
./run_hpt_parallel.sh: line 111: 146044 Killed                  nohup python scripts/run_hyperparameter_tuning.py --config "$cfg" --arm d --threshold "$pos" --neg_threshold "$neg" --n_trials "$n_trials" --max_users "$MAX_USERS" --overwrite > "$wlog" 2>&1
./run_hpt_parallel.sh: line 111: 146045 Killed                  nohup python scripts/run_hyperparameter_tuning.py --config "$cfg" --arm d --threshold "$pos" --neg_threshold "$neg" --n_trials "$n_trials" --max_users "$MAX_USERS" --overwrite > "$wlog" 2>&1
./run_hpt_parallel.sh: line 111: 146046 Killed                  nohup python scripts/run_hyperparameter_tuning.py --config "$cfg" --arm d --threshold "$pos" --neg_threshold "$neg" --n_trials "$n_trials" --max_users "$MAX_USERS" --overwrite > "$wlog" 2>&1
./run_hpt_parallel.sh: line 111: 146047 Killed                  nohup python scripts/run_hyperparameter_tuning.py --config "$cfg" --arm d --threshold "$pos" --neg_threshold "$neg" --n_trials "$n_trials" --max_users "$MAX_USERS" --overwrite > "$wlog" 2>&1
./run_hpt_parallel.sh: line 111: 146051 Killed                  nohup python scripts/run_hyperparameter_tuning.py --config "$cfg" --arm d --threshold "$pos" --neg_threshold "$neg" --n_trials "$n_trials" --max_users "$MAX_USERS" --overwrite > "$wlog" 2>&1
./run_hpt_parallel.sh: line 111: 146052 Killed                  nohup python scripts/run_hyperparameter_tuning.py --config "$cfg" --arm d --threshold "$pos" --neg_threshold "$neg" --n_trials "$n_trials" --max_users "$MAX_USERS" --overwrite > "$wlog" 2>&1
./run_hpt_parallel.sh: line 111: 146053 Killed                  nohup python scripts/run_hyperparameter_tuning.py --config "$cfg" --arm d --threshold "$pos" --neg_threshold "$neg" --n_trials "$n_trials" --max_users "$MAX_USERS" --overwrite > "$wlog" 2>&1
./run_hpt_parallel.sh: line 111: 146054 Killed                  nohup python scripts/run_hyperparameter_tuning.py --config "$cfg" --arm d --threshold "$pos" --neg_threshold "$neg" --n_trials "$n_trials" --max_users "$MAX_USERS" --overwrite > "$wlog" 2>&1
./run_hpt_parallel.sh: line 111: 146055 Killed                  nohup python scripts/run_hyperparameter_tuning.py --config "$cfg" --arm d --threshold "$pos" --neg_threshold "$neg" --n_trials "$n_trials" --max_users "$MAX_USERS" --overwrite > "$wlog" 2>&1
./run_hpt_parallel.sh: line 111: 146058 Killed                  nohup python scripts/run_hyperparameter_tuning.py --config "$cfg" --arm d --threshold "$pos" --neg_threshold "$neg" --n_trials "$n_trials" --max_users "$MAX_USERS" --overwrite > "$wlog" 2>&1
./run_hpt_parallel.sh: line 111: 146061 Killed                  nohup python scripts/run_hyperparameter_tuning.py --config "$cfg" --arm d --threshold "$pos" --neg_threshold "$neg" --n_trials "$n_trials" --max_users "$MAX_USERS" --overwrite > "$wlog" 2>&1
./run_hpt_parallel.sh: line 111: 146062 Killed                  nohup python scripts/run_hyperparameter_tuning.py --config "$cfg" --arm d --threshold "$pos" --neg_threshold "$neg" --n_trials "$n_trials" --max_users "$MAX_USERS" --overwrite > "$wlog" 2>&1
./run_hpt_parallel.sh: line 111: 146066 Killed                  nohup python scripts/run_hyperparameter_tuning.py --config "$cfg" --arm d --threshold "$pos" --neg_threshold "$neg" --n_trials "$n_trials" --max_users "$MAX_USERS" --overwrite > "$wlog" 2>&1
./run_hpt_parallel.sh: line 111: 146068 Killed                  nohup python scripts/run_hyperparameter_tuning.py --config "$cfg" --arm d --threshold "$pos" --neg_threshold "$neg" --n_trials "$n_trials" --max_users "$MAX_USERS" --overwrite > "$wlog" 2>&1
./run_hpt_parallel.sh: line 111: 146070 Killed                  nohup python scripts/run_hyperparameter_tuning.py --config "$cfg" --arm d --threshold "$pos" --neg_threshold "$neg" --n_trials "$n_trials" --max_users "$MAX_USERS" --overwrite > "$wlog" 2>&1
./run_hpt_parallel.sh: line 111: 146071 Killed                  nohup python scripts/run_hyperparameter_tuning.py --config "$cfg" --arm d --threshold "$pos" --neg_threshold "$neg" --n_trials "$n_trials" --max_users "$MAX_USERS" --overwrite > "$wlog" 2>&1
./run_hpt_parallel.sh: line 111: 146073 Killed                  nohup python scripts/run_hyperparameter_tuning.py --config "$cfg" --arm d --threshold "$pos" --neg_threshold "$neg" --n_trials "$n_trials" --max_users "$MAX_USERS" --overwrite > "$wlog" 2>&1
./run_hpt_parallel.sh: line 111: 146074 Killed                  nohup python scripts/run_hyperparameter_tuning.py --config "$cfg" --arm d --threshold "$pos" --neg_threshold "$neg" --n_trials "$n_trials" --max_users "$MAX_USERS" --overwrite > "$wlog" 2>&1
./run_hpt_parallel.sh: line 111: 146075 Killed                  nohup python scripts/run_hyperparameter_tuning.py --config "$cfg" --arm d --threshold "$pos" --neg_threshold "$neg" --n_trials "$n_trials" --max_users "$MAX_USERS" --overwrite > "$wlog" 2>&1
./run_hpt_parallel.sh: line 111: 146076 Killed                  nohup python scripts/run_hyperparameter_tuning.py --config "$cfg" --arm d --threshold "$pos" --neg_threshold "$neg" --n_trials "$n_trials" --max_users "$MAX_USERS" --overwrite > "$wlog" 2>&1
./run_hpt_parallel.sh: line 111: 146077 Killed                  nohup python scripts/run_hyperparameter_tuning.py --config "$cfg" --arm d --threshold "$pos" --neg_threshold "$neg" --n_trials "$n_trials" --max_users "$MAX_USERS" --overwrite > "$wlog" 2>&1
./run_hpt_parallel.sh: line 111: 146078 Killed                  nohup python scripts/run_hyperparameter_tuning.py --config "$cfg" --arm d --threshold "$pos" --neg_threshold "$neg" --n_trials "$n_trials" --max_users "$MAX_USERS" --overwrite > "$wlog" 2>&1
./run_hpt_parallel.sh: line 111: 146079 Killed                  nohup python scripts/run_hyperparameter_tuning.py --config "$cfg" --arm d --threshold "$pos" --neg_threshold "$neg" --n_trials "$n_trials" --max_users "$MAX_USERS" --overwrite > "$wlog" 2>&1
./run_hpt_parallel.sh: line 111: 146080 Killed                  nohup python scripts/run_hyperparameter_tuning.py --config "$cfg" --arm d --threshold "$pos" --neg_threshold "$neg" --n_trials "$n_trials" --max_users "$MAX_USERS" --overwrite > "$wlog" 2>&1
./run_hpt_parallel.sh: line 111: 146081 Killed                  nohup python scripts/run_hyperparameter_tuning.py --config "$cfg" --arm d --threshold "$pos" --neg_threshold "$neg" --n_trials "$n_trials" --max_users "$MAX_USERS" --overwrite > "$wlog" 2>&1
./run_hpt_parallel.sh: line 111: 146082 Killed                  nohup python scripts/run_hyperparameter_tuning.py --config "$cfg" --arm d --threshold "$pos" --neg_threshold "$neg" --n_trials "$n_trials" --max_users "$MAX_USERS" --overwrite > "$wlog" 2>&1
./run_hpt_parallel.sh: line 111: 146084 Killed                  nohup python scripts/run_hyperparameter_tuning.py --config "$cfg" --arm d --threshold "$pos" --neg_threshold "$neg" --n_trials "$n_trials" --max_users "$MAX_USERS" --overwrite > "$wlog" 2>&1
./run_hpt_parallel.sh: line 111: 146085 Killed                  nohup python scripts/run_hyperparameter_tuning.py --config "$cfg" --arm d --threshold "$pos" --neg_threshold "$neg" --n_trials "$n_trials" --max_users "$MAX_USERS" --overwrite > "$wlog" 2>&1
./run_hpt_parallel.sh: line 111: 146087 Killed                  nohup python scripts/run_hyperparameter_tuning.py --config "$cfg" --arm d --threshold "$pos" --neg_threshold "$neg" --n_trials "$n_trials" --max_users "$MAX_USERS" --overwrite > "$wlog" 2>&1
./run_hpt_parallel.sh: line 111: 146088 Killed                  nohup python scripts/run_hyperparameter_tuning.py --config "$cfg" --arm d --threshold "$pos" --neg_threshold "$neg" --n_trials "$n_trials" --max_users "$MAX_USERS" --overwrite > "$wlog" 2>&1
./run_hpt_parallel.sh: line 111: 146089 Killed                  nohup python scripts/run_hyperparameter_tuning.py --config "$cfg" --arm d --threshold "$pos" --neg_threshold "$neg" --n_trials "$n_trials" --max_users "$MAX_USERS" --overwrite > "$wlog" 2>&1
./run_hpt_parallel.sh: line 111: 146090 Killed                  nohup python scripts/run_hyperparameter_tuning.py --config "$cfg" --arm d --threshold "$pos" --neg_threshold "$neg" --n_trials "$n_trials" --max_users "$MAX_USERS" --overwrite > "$wlog" 2>&1
./run_hpt_parallel.sh: line 111: 146093 Killed                  nohup python scripts/run_hyperparameter_tuning.py --config "$cfg" --arm d --threshold "$pos" --neg_threshold "$neg" --n_trials "$n_trials" --max_users "$MAX_USERS" --overwrite > "$wlog" 2>&1
./run_hpt_parallel.sh: line 111: 146094 Killed                  nohup python scripts/run_hyperparameter_tuning.py --config "$cfg" --arm d --threshold "$pos" --neg_threshold "$neg" --n_trials "$n_trials" --max_users "$MAX_USERS" --overwrite > "$wlog" 2>&1
./run_hpt_parallel.sh: line 111: 146097 Killed                  nohup python scripts/run_hyperparameter_tuning.py --config "$cfg" --arm d --threshold "$pos" --neg_threshold "$neg" --n_trials "$n_trials" --max_users "$MAX_USERS" --overwrite > "$wlog" 2>&1
./run_hpt_parallel.sh: line 111: 146098 Killed                  nohup python scripts/run_hyperparameter_tuning.py --config "$cfg" --arm d --threshold "$pos" --neg_threshold "$neg" --n_trials "$n_trials" --max_users "$MAX_USERS" --overwrite > "$wlog" 2>&1
./run_hpt_parallel.sh: line 111: 146100 Killed                  nohup python scripts/run_hyperparameter_tuning.py --config "$cfg" --arm d --threshold "$pos" --neg_threshold "$neg" --n_trials "$n_trials" --max_users "$MAX_USERS" --overwrite > "$wlog" 2>&1
./run_hpt_parallel.sh: line 111: 146102 Killed                  nohup python scripts/run_hyperparameter_tuning.py --config "$cfg" --arm d --threshold "$pos" --neg_threshold "$neg" --n_trials "$n_trials" --max_users "$MAX_USERS" --overwrite > "$wlog" 2>&1
./run_hpt_parallel.sh: line 111: 146104 Killed                  nohup python scripts/run_hyperparameter_tuning.py --config "$cfg" --arm d --threshold "$pos" --neg_threshold "$neg" --n_trials "$n_trials" --max_users "$MAX_USERS" --overwrite > "$wlog" 2>&1
./run_hpt_parallel.sh: line 111: 146105 Killed                  nohup python scripts/run_hyperparameter_tuning.py --config "$cfg" --arm d --threshold "$pos" --neg_threshold "$neg" --n_trials "$n_trials" --max_users "$MAX_USERS" --overwrite > "$wlog" 2>&1
./run_hpt_parallel.sh: line 111: 146106 Killed                  nohup python scripts/run_hyperparameter_tuning.py --config "$cfg" --arm d --threshold "$pos" --neg_threshold "$neg" --n_trials "$n_trials" --max_users "$MAX_USERS" --overwrite > "$wlog" 2>&1
./run_hpt_parallel.sh: line 111: 146111 Killed                  nohup python scripts/run_hyperparameter_tuning.py --config "$cfg" --arm d --threshold "$pos" --neg_threshold "$neg" --n_trials "$n_trials" --max_users "$MAX_USERS" --overwrite > "$wlog" 2>&1
./run_hpt_parallel.sh: line 111: 146112 Killed                  nohup python scripts/run_hyperparameter_tuning.py --config "$cfg" --arm d --threshold "$pos" --neg_threshold "$neg" --n_trials "$n_trials" --max_users "$MAX_USERS" --overwrite > "$wlog" 2>&1
./run_hpt_parallel.sh: line 111: 146113 Killed                  nohup python scripts/run_hyperparameter_tuning.py --config "$cfg" --arm d --threshold "$pos" --neg_threshold "$neg" --n_trials "$n_trials" --max_users "$MAX_USERS" --overwrite > "$wlog" 2>&1
./run_hpt_parallel.sh: line 111: 146114 Killed                  nohup python scripts/run_hyperparameter_tuning.py --config "$cfg" --arm d --threshold "$pos" --neg_threshold "$neg" --n_trials "$n_trials" --max_users "$MAX_USERS" --overwrite > "$wlog" 2>&1
./run_hpt_parallel.sh: line 111: 146115 Killed                  nohup python scripts/run_hyperparameter_tuning.py --config "$cfg" --arm d --threshold "$pos" --neg_threshold "$neg" --n_trials "$n_trials" --max_users "$MAX_USERS" --overwrite > "$wlog" 2>&1
./run_hpt_parallel.sh: line 111: 146118 Killed                  nohup python scripts/run_hyperparameter_tuning.py --config "$cfg" --arm d --threshold "$pos" --neg_threshold "$neg" --n_trials "$n_trials" --max_users "$MAX_USERS" --overwrite > "$wlog" 2>&1
./run_hpt_parallel.sh: line 111: 146119 Killed                  nohup python scripts/run_hyperparameter_tuning.py --config "$cfg" --arm d --threshold "$pos" --neg_threshold "$neg" --n_trials "$n_trials" --max_users "$MAX_USERS" --overwrite > "$wlog" 2>&1
./run_hpt_parallel.sh: line 111: 146120 Killed                  nohup python scripts/run_hyperparameter_tuning.py --config "$cfg" --arm d --threshold "$pos" --neg_threshold "$neg" --n_trials "$n_trials" --max_users "$MAX_USERS" --overwrite > "$wlog" 2>&1
./run_hpt_parallel.sh: line 111: 146122 Killed                  nohup python scripts/run_hyperparameter_tuning.py --config "$cfg" --arm d --threshold "$pos" --neg_threshold "$neg" --n_trials "$n_trials" --max_users "$MAX_USERS" --overwrite > "$wlog" 2>&1
./run_hpt_parallel.sh: line 111: 146123 Killed                  nohup python scripts/run_hyperparameter_tuning.py --config "$cfg" --arm d --threshold "$pos" --neg_threshold "$neg" --n_trials "$n_trials" --max_users "$MAX_USERS" --overwrite > "$wlog" 2>&1
./run_hpt_parallel.sh: line 111: 146124 Killed                  nohup python scripts/run_hyperparameter_tuning.py --config "$cfg" --arm d --threshold "$pos" --neg_threshold "$neg" --n_trials "$n_trials" --max_users "$MAX_USERS" --overwrite > "$wlog" 2>&1
./run_hpt_parallel.sh: line 111: 146126 Killed                  nohup python scripts/run_hyperparameter_tuning.py --config "$cfg" --arm d --threshold "$pos" --neg_threshold "$neg" --n_trials "$n_trials" --max_users "$MAX_USERS" --overwrite > "$wlog" 2>&1
./run_hpt_parallel.sh: line 111: 146127 Killed                  nohup python scripts/run_hyperparameter_tuning.py --config "$cfg" --arm d --threshold "$pos" --neg_threshold "$neg" --n_trials "$n_trials" --max_users "$MAX_USERS" --overwrite > "$wlog" 2>&1
./run_hpt_parallel.sh: line 111: 146130 Killed                  nohup python scripts/run_hyperparameter_tuning.py --config "$cfg" --arm d --threshold "$pos" --neg_threshold "$neg" --n_trials "$n_trials" --max_users "$MAX_USERS" --overwrite > "$wlog" 2>&1
./run_hpt_parallel.sh: line 111: 146131 Killed                  nohup python scripts/run_hyperparameter_tuning.py --config "$cfg" --arm d --threshold "$pos" --neg_threshold "$neg" --n_trials "$n_trials" --max_users "$MAX_USERS" --overwrite > "$wlog" 2>&1
./run_hpt_parallel.sh: line 111: 146132 Killed                  nohup python scripts/run_hyperparameter_tuning.py --config "$cfg" --arm d --threshold "$pos" --neg_threshold "$neg" --n_trials "$n_trials" --max_users "$MAX_USERS" --overwrite > "$wlog" 2>&1
./run_hpt_parallel.sh: line 111: 146134 Killed                  nohup python scripts/run_hyperparameter_tuning.py --config "$cfg" --arm d --threshold "$pos" --neg_threshold "$neg" --n_trials "$n_trials" --max_users "$MAX_USERS" --overwrite > "$wlog" 2>&1
./run_hpt_parallel.sh: line 111: 146136 Killed                  nohup python scripts/run_hyperparameter_tuning.py --config "$cfg" --arm d --threshold "$pos" --neg_threshold "$neg" --n_trials "$n_trials" --max_users "$MAX_USERS" --overwrite > "$wlog" 2>&1
./run_hpt_parallel.sh: line 111: 146139 Killed                  nohup python scripts/run_hyperparameter_tuning.py --config "$cfg" --arm d --threshold "$pos" --neg_threshold "$neg" --n_trials "$n_trials" --max_users "$MAX_USERS" --overwrite > "$wlog" 2>&1
./run_hpt_parallel.sh: line 111: 146140 Killed                  nohup python scripts/run_hyperparameter_tuning.py --config "$cfg" --arm d --threshold "$pos" --neg_threshold "$neg" --n_trials "$n_trials" --max_users "$MAX_USERS" --overwrite > "$wlog" 2>&1
./run_hpt_parallel.sh: line 111: 146141 Killed                  nohup python scripts/run_hyperparameter_tuning.py --config "$cfg" --arm d --threshold "$pos" --neg_threshold "$neg" --n_trials "$n_trials" --max_users "$MAX_USERS" --overwrite > "$wlog" 2>&1
./run_hpt_parallel.sh: line 111: 146142 Killed                  nohup python scripts/run_hyperparameter_tuning.py --config "$cfg" --arm d --threshold "$pos" --neg_threshold "$neg" --n_trials "$n_trials" --max_users "$MAX_USERS" --overwrite > "$wlog" 2>&1
./run_hpt_parallel.sh: line 111: 146143 Killed                  nohup python scripts/run_hyperparameter_tuning.py --config "$cfg" --arm d --threshold "$pos" --neg_threshold "$neg" --n_trials "$n_trials" --max_users "$MAX_USERS" --overwrite > "$wlog" 2>&1
./run_hpt_parallel.sh: line 111: 146144 Killed                  nohup python scripts/run_hyperparameter_tuning.py --config "$cfg" --arm d --threshold "$pos" --neg_threshold "$neg" --n_trials "$n_trials" --max_users "$MAX_USERS" --overwrite > "$wlog" 2>&1
./run_hpt_parallel.sh: line 111: 146145 Killed                  nohup python scripts/run_hyperparameter_tuning.py --config "$cfg" --arm d --threshold "$pos" --neg_threshold "$neg" --n_trials "$n_trials" --max_users "$MAX_USERS" --overwrite > "$wlog" 2>&1
./run_hpt_parallel.sh: line 111: 146147 Killed                  nohup python scripts/run_hyperparameter_tuning.py --config "$cfg" --arm d --threshold "$pos" --neg_threshold "$neg" --n_trials "$n_trials" --max_users "$MAX_USERS" --overwrite > "$wlog" 2>&1
./run_hpt_parallel.sh: line 111: 146149 Killed                  nohup python scripts/run_hyperparameter_tuning.py --config "$cfg" --arm d --threshold "$pos" --neg_threshold "$neg" --n_trials "$n_trials" --max_users "$MAX_USERS" --overwrite > "$wlog" 2>&1
./run_hpt_parallel.sh: line 111: 146150 Killed                  nohup python scripts/run_hyperparameter_tuning.py --config "$cfg" --arm d --threshold "$pos" --neg_threshold "$neg" --n_trials "$n_trials" --max_users "$MAX_USERS" --overwrite > "$wlog" 2>&1
./run_hpt_parallel.sh: line 111: 146151 Killed                  nohup python scripts/run_hyperparameter_tuning.py --config "$cfg" --arm d --threshold "$pos" --neg_threshold "$neg" --n_trials "$n_trials" --max_users "$MAX_USERS" --overwrite > "$wlog" 2>&1
./run_hpt_parallel.sh: line 111: 146152 Killed                  nohup python scripts/run_hyperparameter_tuning.py --config "$cfg" --arm d --threshold "$pos" --neg_threshold "$neg" --n_trials "$n_trials" --max_users "$MAX_USERS" --overwrite > "$wlog" 2>&1
./run_hpt_parallel.sh: line 111: 146153 Killed                  nohup python scripts/run_hyperparameter_tuning.py --config "$cfg" --arm d --threshold "$pos" --neg_threshold "$neg" --n_trials "$n_trials" --max_users "$MAX_USERS" --overwrite > "$wlog" 2>&1
./run_hpt_parallel.sh: line 111: 146159 Killed                  nohup python scripts/run_hyperparameter_tuning.py --config "$cfg" --arm d --threshold "$pos" --neg_threshold "$neg" --n_trials "$n_trials" --max_users "$MAX_USERS" --overwrite > "$wlog" 2>&1
./run_hpt_parallel.sh: line 111: 146160 Killed                  nohup python scripts/run_hyperparameter_tuning.py --config "$cfg" --arm d --threshold "$pos" --neg_threshold "$neg" --n_trials "$n_trials" --max_users "$MAX_USERS" --overwrite > "$wlog" 2>&1
./run_hpt_parallel.sh: line 111: 146161 Killed                  nohup python scripts/run_hyperparameter_tuning.py --config "$cfg" --arm d --threshold "$pos" --neg_threshold "$neg" --n_trials "$n_trials" --max_users "$MAX_USERS" --overwrite > "$wlog" 2>&1
./run_hpt_parallel.sh: line 111: 146164 Killed                  nohup python scripts/run_hyperparameter_tuning.py --config "$cfg" --arm d --threshold "$pos" --neg_threshold "$neg" --n_trials "$n_trials" --max_users "$MAX_USERS" --overwrite > "$wlog" 2>&1
./run_hpt_parallel.sh: line 111: 146166 Killed                  nohup python scripts/run_hyperparameter_tuning.py --config "$cfg" --arm d --threshold "$pos" --neg_threshold "$neg" --n_trials "$n_trials" --max_users "$MAX_USERS" --overwrite > "$wlog" 2>&1
./run_hpt_parallel.sh: line 111: 146169 Killed                  nohup python scripts/run_hyperparameter_tuning.py --config "$cfg" --arm d --threshold "$pos" --neg_threshold "$neg" --n_trials "$n_trials" --max_users "$MAX_USERS" --overwrite > "$wlog" 2>&1
./run_hpt_parallel.sh: line 111: 146170 Killed                  nohup python scripts/run_hyperparameter_tuning.py --config "$cfg" --arm d --threshold "$pos" --neg_threshold "$neg" --n_trials "$n_trials" --max_users "$MAX_USERS" --overwrite > "$wlog" 2>&1
./run_hpt_parallel.sh: line 111: 146171 Killed                  nohup python scripts/run_hyperparameter_tuning.py --config "$cfg" --arm d --threshold "$pos" --neg_threshold "$neg" --n_trials "$n_trials" --max_users "$MAX_USERS" --overwrite > "$wlog" 2>&1
./run_hpt_parallel.sh: line 111: 146173 Killed                  nohup python scripts/run_hyperparameter_tuning.py --config "$cfg" --arm d --threshold "$pos" --neg_threshold "$neg" --n_trials "$n_trials" --max_users "$MAX_USERS" --overwrite > "$wlog" 2>&1
./run_hpt_parallel.sh: line 111: 146177 Killed                  nohup python scripts/run_hyperparameter_tuning.py --config "$cfg" --arm d --threshold "$pos" --neg_threshold "$neg" --n_trials "$n_trials" --max_users "$MAX_USERS" --overwrite > "$wlog" 2>&1
./run_hpt_parallel.sh: line 111: 146178 Killed                  nohup python scripts/run_hyperparameter_tuning.py --config "$cfg" --arm d --threshold "$pos" --neg_threshold "$neg" --n_trials "$n_trials" --max_users "$MAX_USERS" --overwrite > "$wlog" 2>&1
./run_hpt_parallel.sh: line 111: 146180 Killed                  nohup python scripts/run_hyperparameter_tuning.py --config "$cfg" --arm d --threshold "$pos" --neg_threshold "$neg" --n_trials "$n_trials" --max_users "$MAX_USERS" --overwrite > "$wlog" 2>&1
./run_hpt_parallel.sh: line 111: 146182 Killed                  nohup python scripts/run_hyperparameter_tuning.py --config "$cfg" --arm d --threshold "$pos" --neg_threshold "$neg" --n_trials "$n_trials" --max_users "$MAX_USERS" --overwrite > "$wlog" 2>&1
./run_hpt_parallel.sh: line 111: 146183 Killed                  nohup python scripts/run_hyperparameter_tuning.py --config "$cfg" --arm d --threshold "$pos" --neg_threshold "$neg" --n_trials "$n_trials" --max_users "$MAX_USERS" --overwrite > "$wlog" 2>&1
./run_hpt_parallel.sh: line 111: 146184 Killed                  nohup python scripts/run_hyperparameter_tuning.py --config "$cfg" --arm d --threshold "$pos" --neg_threshold "$neg" --n_trials "$n_trials" --max_users "$MAX_USERS" --overwrite > "$wlog" 2>&1
./run_hpt_parallel.sh: line 111: 146191 Killed                  nohup python scripts/run_hyperparameter_tuning.py --config "$cfg" --arm d --threshold "$pos" --neg_threshold "$neg" --n_trials "$n_trials" --max_users "$MAX_USERS" --overwrite > "$wlog" 2>&1
./run_hpt_parallel.sh: line 111: 146192 Killed                  nohup python scripts/run_hyperparameter_tuning.py --config "$cfg" --arm d --threshold "$pos" --neg_threshold "$neg" --n_trials "$n_trials" --max_users "$MAX_USERS" --overwrite > "$wlog" 2>&1
./run_hpt_parallel.sh: line 111: 146195 Killed                  nohup python scripts/run_hyperparameter_tuning.py --config "$cfg" --arm d --threshold "$pos" --neg_threshold "$neg" --n_trials "$n_trials" --max_users "$MAX_USERS" --overwrite > "$wlog" 2>&1
./run_hpt_parallel.sh: line 111: 146197 Killed                  nohup python scripts/run_hyperparameter_tuning.py --config "$cfg" --arm d --threshold "$pos" --neg_threshold "$neg" --n_trials "$n_trials" --max_users "$MAX_USERS" --overwrite > "$wlog" 2>&1
./run_hpt_parallel.sh: line 111: 146202 Killed                  nohup python scripts/run_hyperparameter_tuning.py --config "$cfg" --arm d --threshold "$pos" --neg_threshold "$neg" --n_trials "$n_trials" --max_users "$MAX_USERS" --overwrite > "$wlog" 2>&1
./run_hpt_parallel.sh: line 111: 146204 Killed                  nohup python scripts/run_hyperparameter_tuning.py --config "$cfg" --arm d --threshold "$pos" --neg_threshold "$neg" --n_trials "$n_trials" --max_users "$MAX_USERS" --overwrite > "$wlog" 2>&1
./run_hpt_parallel.sh: line 111: 146205 Killed                  nohup python scripts/run_hyperparameter_tuning.py --config "$cfg" --arm d --threshold "$pos" --neg_threshold "$neg" --n_trials "$n_trials" --max_users "$MAX_USERS" --overwrite > "$wlog" 2>&1
./run_hpt_parallel.sh: line 111: 145996 Killed                  nohup python scripts/run_hyperparameter_tuning.py --config "$cfg" --arm d --threshold "$pos" --neg_threshold "$neg" --n_trials "$n_trials" --max_users "$MAX_USERS" --overwrite > "$wlog" 2>&1
./run_hpt_parallel.sh: line 111: 146002 Killed                  nohup python scripts/run_hyperparameter_tuning.py --config "$cfg" --arm d --threshold "$pos" --neg_threshold "$neg" --n_trials "$n_trials" --max_users "$MAX_USERS" --overwrite > "$wlog" 2>&1
./run_hpt_parallel.sh: line 111: 146005 Killed                  nohup python scripts/run_hyperparameter_tuning.py --config "$cfg" --arm d --threshold "$pos" --neg_threshold "$neg" --n_trials "$n_trials" --max_users "$MAX_USERS" --overwrite > "$wlog" 2>&1
./run_hpt_parallel.sh: line 111: 146006 Killed                  nohup python scripts/run_hyperparameter_tuning.py --config "$cfg" --arm d --threshold "$pos" --neg_threshold "$neg" --n_trials "$n_trials" --max_users "$MAX_USERS" --overwrite > "$wlog" 2>&1
./run_hpt_parallel.sh: line 111: 146009 Killed                  nohup python scripts/run_hyperparameter_tuning.py --config "$cfg" --arm d --threshold "$pos" --neg_threshold "$neg" --n_trials "$n_trials" --max_users "$MAX_USERS" --overwrite > "$wlog" 2>&1
./run_hpt_parallel.sh: line 111: 146012 Killed                  nohup python scripts/run_hyperparameter_tuning.py --config "$cfg" --arm d --threshold "$pos" --neg_threshold "$neg" --n_trials "$n_trials" --max_users "$MAX_USERS" --overwrite > "$wlog" 2>&1
./run_hpt_parallel.sh: line 111: 146013 Killed                  nohup python scripts/run_hyperparameter_tuning.py --config "$cfg" --arm d --threshold "$pos" --neg_threshold "$neg" --n_trials "$n_trials" --max_users "$MAX_USERS" --overwrite > "$wlog" 2>&1
./run_hpt_parallel.sh: line 111: 146016 Killed                  nohup python scripts/run_hyperparameter_tuning.py --config "$cfg" --arm d --threshold "$pos" --neg_threshold "$neg" --n_trials "$n_trials" --max_users "$MAX_USERS" --overwrite > "$wlog" 2>&1
./run_hpt_parallel.sh: line 111: 146019 Killed                  nohup python scripts/run_hyperparameter_tuning.py --config "$cfg" --arm d --threshold "$pos" --neg_threshold "$neg" --n_trials "$n_trials" --max_users "$MAX_USERS" --overwrite > "$wlog" 2>&1
./run_hpt_parallel.sh: line 111: 146024 Killed                  nohup python scripts/run_hyperparameter_tuning.py --config "$cfg" --arm d --threshold "$pos" --neg_threshold "$neg" --n_trials "$n_trials" --max_users "$MAX_USERS" --overwrite > "$wlog" 2>&1
./run_hpt_parallel.sh: line 111: 146027 Killed                  nohup python scripts/run_hyperparameter_tuning.py --config "$cfg" --arm d --threshold "$pos" --neg_threshold "$neg" --n_trials "$n_trials" --max_users "$MAX_USERS" --overwrite > "$wlog" 2>&1
./run_hpt_parallel.sh: line 111: 146028 Killed                  nohup python scripts/run_hyperparameter_tuning.py --config "$cfg" --arm d --threshold "$pos" --neg_threshold "$neg" --n_trials "$n_trials" --max_users "$MAX_USERS" --overwrite > "$wlog" 2>&1
./run_hpt_parallel.sh: line 111: 146030 Killed                  nohup python scripts/run_hyperparameter_tuning.py --config "$cfg" --arm d --threshold "$pos" --neg_threshold "$neg" --n_trials "$n_trials" --max_users "$MAX_USERS" --overwrite > "$wlog" 2>&1
./run_hpt_parallel.sh: line 111: 146033 Killed                  nohup python scripts/run_hyperparameter_tuning.py --config "$cfg" --arm d --threshold "$pos" --neg_threshold "$neg" --n_trials "$n_trials" --max_users "$MAX_USERS" --overwrite > "$wlog" 2>&1
./run_hpt_parallel.sh: line 111: 146038 Killed                  nohup python scripts/run_hyperparameter_tuning.py --config "$cfg" --arm d --threshold "$pos" --neg_threshold "$neg" --n_trials "$n_trials" --max_users "$MAX_USERS" --overwrite > "$wlog" 2>&1
./run_hpt_parallel.sh: line 111: 146039 Killed                  nohup python scripts/run_hyperparameter_tuning.py --config "$cfg" --arm d --threshold "$pos" --neg_threshold "$neg" --n_trials "$n_trials" --max_users "$MAX_USERS" --overwrite > "$wlog" 2>&1
./run_hpt_parallel.sh: line 111: 146041 Killed                  nohup python scripts/run_hyperparameter_tuning.py --config "$cfg" --arm d --threshold "$pos" --neg_threshold "$neg" --n_trials "$n_trials" --max_users "$MAX_USERS" --overwrite > "$wlog" 2>&1
./run_hpt_parallel.sh: line 111: 146049 Killed                  nohup python scripts/run_hyperparameter_tuning.py --config "$cfg" --arm d --threshold "$pos" --neg_threshold "$neg" --n_trials "$n_trials" --max_users "$MAX_USERS" --overwrite > "$wlog" 2>&1
./run_hpt_parallel.sh: line 111: 146056 Killed                  nohup python scripts/run_hyperparameter_tuning.py --config "$cfg" --arm d --threshold "$pos" --neg_threshold "$neg" --n_trials "$n_trials" --max_users "$MAX_USERS" --overwrite > "$wlog" 2>&1
./run_hpt_parallel.sh: line 111: 146057 Killed                  nohup python scripts/run_hyperparameter_tuning.py --config "$cfg" --arm d --threshold "$pos" --neg_threshold "$neg" --n_trials "$n_trials" --max_users "$MAX_USERS" --overwrite > "$wlog" 2>&1
./run_hpt_parallel.sh: line 111: 146059 Killed                  nohup python scripts/run_hyperparameter_tuning.py --config "$cfg" --arm d --threshold "$pos" --neg_threshold "$neg" --n_trials "$n_trials" --max_users "$MAX_USERS" --overwrite > "$wlog" 2>&1
./run_hpt_parallel.sh: line 111: 146063 Killed                  nohup python scripts/run_hyperparameter_tuning.py --config "$cfg" --arm d --threshold "$pos" --neg_threshold "$neg" --n_trials "$n_trials" --max_users "$MAX_USERS" --overwrite > "$wlog" 2>&1
./run_hpt_parallel.sh: line 111: 146064 Killed                  nohup python scripts/run_hyperparameter_tuning.py --config "$cfg" --arm d --threshold "$pos" --neg_threshold "$neg" --n_trials "$n_trials" --max_users "$MAX_USERS" --overwrite > "$wlog" 2>&1
./run_hpt_parallel.sh: line 111: 146065 Killed                  nohup python scripts/run_hyperparameter_tuning.py --config "$cfg" --arm d --threshold "$pos" --neg_threshold "$neg" --n_trials "$n_trials" --max_users "$MAX_USERS" --overwrite > "$wlog" 2>&1
./run_hpt_parallel.sh: line 111: 146067 Killed                  nohup python scripts/run_hyperparameter_tuning.py --config "$cfg" --arm d --threshold "$pos" --neg_threshold "$neg" --n_trials "$n_trials" --max_users "$MAX_USERS" --overwrite > "$wlog" 2>&1
./run_hpt_parallel.sh: line 111: 146069 Killed                  nohup python scripts/run_hyperparameter_tuning.py --config "$cfg" --arm d --threshold "$pos" --neg_threshold "$neg" --n_trials "$n_trials" --max_users "$MAX_USERS" --overwrite > "$wlog" 2>&1
./run_hpt_parallel.sh: line 111: 146072 Killed                  nohup python scripts/run_hyperparameter_tuning.py --config "$cfg" --arm d --threshold "$pos" --neg_threshold "$neg" --n_trials "$n_trials" --max_users "$MAX_USERS" --overwrite > "$wlog" 2>&1
./run_hpt_parallel.sh: line 111: 146083 Killed                  nohup python scripts/run_hyperparameter_tuning.py --config "$cfg" --arm d --threshold "$pos" --neg_threshold "$neg" --n_trials "$n_trials" --max_users "$MAX_USERS" --overwrite > "$wlog" 2>&1
./run_hpt_parallel.sh: line 111: 146086 Killed                  nohup python scripts/run_hyperparameter_tuning.py --config "$cfg" --arm d --threshold "$pos" --neg_threshold "$neg" --n_trials "$n_trials" --max_users "$MAX_USERS" --overwrite > "$wlog" 2>&1
./run_hpt_parallel.sh: line 111: 146091 Killed                  nohup python scripts/run_hyperparameter_tuning.py --config "$cfg" --arm d --threshold "$pos" --neg_threshold "$neg" --n_trials "$n_trials" --max_users "$MAX_USERS" --overwrite > "$wlog" 2>&1
./run_hpt_parallel.sh: line 111: 146092 Killed                  nohup python scripts/run_hyperparameter_tuning.py --config "$cfg" --arm d --threshold "$pos" --neg_threshold "$neg" --n_trials "$n_trials" --max_users "$MAX_USERS" --overwrite > "$wlog" 2>&1
./run_hpt_parallel.sh: line 111: 146095 Killed                  nohup python scripts/run_hyperparameter_tuning.py --config "$cfg" --arm d --threshold "$pos" --neg_threshold "$neg" --n_trials "$n_trials" --max_users "$MAX_USERS" --overwrite > "$wlog" 2>&1
./run_hpt_parallel.sh: line 111: 146096 Killed                  nohup python scripts/run_hyperparameter_tuning.py --config "$cfg" --arm d --threshold "$pos" --neg_threshold "$neg" --n_trials "$n_trials" --max_users "$MAX_USERS" --overwrite > "$wlog" 2>&1
./run_hpt_parallel.sh: line 111: 146099 Killed                  nohup python scripts/run_hyperparameter_tuning.py --config "$cfg" --arm d --threshold "$pos" --neg_threshold "$neg" --n_trials "$n_trials" --max_users "$MAX_USERS" --overwrite > "$wlog" 2>&1
./run_hpt_parallel.sh: line 111: 146101 Killed                  nohup python scripts/run_hyperparameter_tuning.py --config "$cfg" --arm d --threshold "$pos" --neg_threshold "$neg" --n_trials "$n_trials" --max_users "$MAX_USERS" --overwrite > "$wlog" 2>&1
./run_hpt_parallel.sh: line 111: 146107 Killed                  nohup python scripts/run_hyperparameter_tuning.py --config "$cfg" --arm d --threshold "$pos" --neg_threshold "$neg" --n_trials "$n_trials" --max_users "$MAX_USERS" --overwrite > "$wlog" 2>&1
./run_hpt_parallel.sh: line 111: 146109 Killed                  nohup python scripts/run_hyperparameter_tuning.py --config "$cfg" --arm d --threshold "$pos" --neg_threshold "$neg" --n_trials "$n_trials" --max_users "$MAX_USERS" --overwrite > "$wlog" 2>&1
./run_hpt_parallel.sh: line 111: 146110 Killed                  nohup python scripts/run_hyperparameter_tuning.py --config "$cfg" --arm d --threshold "$pos" --neg_threshold "$neg" --n_trials "$n_trials" --max_users "$MAX_USERS" --overwrite > "$wlog" 2>&1
./run_hpt_parallel.sh: line 111: 146117 Killed                  nohup python scripts/run_hyperparameter_tuning.py --config "$cfg" --arm d --threshold "$pos" --neg_threshold "$neg" --n_trials "$n_trials" --max_users "$MAX_USERS" --overwrite > "$wlog" 2>&1
./run_hpt_parallel.sh: line 111: 146121 Killed                  nohup python scripts/run_hyperparameter_tuning.py --config "$cfg" --arm d --threshold "$pos" --neg_threshold "$neg" --n_trials "$n_trials" --max_users "$MAX_USERS" --overwrite > "$wlog" 2>&1
./run_hpt_parallel.sh: line 111: 146125 Killed                  nohup python scripts/run_hyperparameter_tuning.py --config "$cfg" --arm d --threshold "$pos" --neg_threshold "$neg" --n_trials "$n_trials" --max_users "$MAX_USERS" --overwrite > "$wlog" 2>&1
./run_hpt_parallel.sh: line 111: 146146 Killed                  nohup python scripts/run_hyperparameter_tuning.py --config "$cfg" --arm d --threshold "$pos" --neg_threshold "$neg" --n_trials "$n_trials" --max_users "$MAX_USERS" --overwrite > "$wlog" 2>&1
./run_hpt_parallel.sh: line 111: 146148 Killed                  nohup python scripts/run_hyperparameter_tuning.py --config "$cfg" --arm d --threshold "$pos" --neg_threshold "$neg" --n_trials "$n_trials" --max_users "$MAX_USERS" --overwrite > "$wlog" 2>&1
./run_hpt_parallel.sh: line 111: 146154 Killed                  nohup python scripts/run_hyperparameter_tuning.py --config "$cfg" --arm d --threshold "$pos" --neg_threshold "$neg" --n_trials "$n_trials" --max_users "$MAX_USERS" --overwrite > "$wlog" 2>&1
./run_hpt_parallel.sh: line 111: 146155 Killed                  nohup python scripts/run_hyperparameter_tuning.py --config "$cfg" --arm d --threshold "$pos" --neg_threshold "$neg" --n_trials "$n_trials" --max_users "$MAX_USERS" --overwrite > "$wlog" 2>&1
./run_hpt_parallel.sh: line 111: 146162 Killed                  nohup python scripts/run_hyperparameter_tuning.py --config "$cfg" --arm d --threshold "$pos" --neg_threshold "$neg" --n_trials "$n_trials" --max_users "$MAX_USERS" --overwrite > "$wlog" 2>&1
./run_hpt_parallel.sh: line 111: 146165 Killed                  nohup python scripts/run_hyperparameter_tuning.py --config "$cfg" --arm d --threshold "$pos" --neg_threshold "$neg" --n_trials "$n_trials" --max_users "$MAX_USERS" --overwrite > "$wlog" 2>&1
./run_hpt_parallel.sh: line 111: 146172 Killed                  nohup python scripts/run_hyperparameter_tuning.py --config "$cfg" --arm d --threshold "$pos" --neg_threshold "$neg" --n_trials "$n_trials" --max_users "$MAX_USERS" --overwrite > "$wlog" 2>&1
./run_hpt_parallel.sh: line 111: 146174 Killed                  nohup python scripts/run_hyperparameter_tuning.py --config "$cfg" --arm d --threshold "$pos" --neg_threshold "$neg" --n_trials "$n_trials" --max_users "$MAX_USERS" --overwrite > "$wlog" 2>&1
./run_hpt_parallel.sh: line 111: 146193 Killed                  nohup python scripts/run_hyperparameter_tuning.py --config "$cfg" --arm d --threshold "$pos" --neg_threshold "$neg" --n_trials "$n_trials" --max_users "$MAX_USERS" --overwrite > "$wlog" 2>&1
./run_hpt_parallel.sh: line 111: 146194 Killed                  nohup python scripts/run_hyperparameter_tuning.py --config "$cfg" --arm d --threshold "$pos" --neg_threshold "$neg" --n_trials "$n_trials" --max_users "$MAX_USERS" --overwrite > "$wlog" 2>&1
./run_hpt_parallel.sh: line 111: 146206 Killed                  nohup python scripts/run_hyperparameter_tuning.py --config "$cfg" --arm d --threshold "$pos" --neg_threshold "$neg" --n_trials "$n_trials" --max_users "$MAX_USERS" --overwrite > "$wlog" 2>&1
./run_hpt_parallel.sh: line 111: 146021 Killed                  nohup python scripts/run_hyperparameter_tuning.py --config "$cfg" --arm d --threshold "$pos" --neg_threshold "$neg" --n_trials "$n_trials" --max_users "$MAX_USERS" --overwrite > "$wlog" 2>&1
./run_hpt_parallel.sh: line 111: 146022 Killed                  nohup python scripts/run_hyperparameter_tuning.py --config "$cfg" --arm d --threshold "$pos" --neg_threshold "$neg" --n_trials "$n_trials" --max_users "$MAX_USERS" --overwrite > "$wlog" 2>&1
./run_hpt_parallel.sh: line 111: 146029 Killed                  nohup python scripts/run_hyperparameter_tuning.py --config "$cfg" --arm d --threshold "$pos" --neg_threshold "$neg" --n_trials "$n_trials" --max_users "$MAX_USERS" --overwrite > "$wlog" 2>&1
./run_hpt_parallel.sh: line 111: 146037 Killed                  nohup python scripts/run_hyperparameter_tuning.py --config "$cfg" --arm d --threshold "$pos" --neg_threshold "$neg" --n_trials "$n_trials" --max_users "$MAX_USERS" --overwrite > "$wlog" 2>&1
./run_hpt_parallel.sh: line 111: 146060 Killed                  nohup python scripts/run_hyperparameter_tuning.py --config "$cfg" --arm d --threshold "$pos" --neg_threshold "$neg" --n_trials "$n_trials" --max_users "$MAX_USERS" --overwrite > "$wlog" 2>&1
./run_hpt_parallel.sh: line 111: 146103 Killed                  nohup python scripts/run_hyperparameter_tuning.py --config "$cfg" --arm d --threshold "$pos" --neg_threshold "$neg" --n_trials "$n_trials" --max_users "$MAX_USERS" --overwrite > "$wlog" 2>&1
./run_hpt_parallel.sh: line 111: 146116 Killed                  nohup python scripts/run_hyperparameter_tuning.py --config "$cfg" --arm d --threshold "$pos" --neg_threshold "$neg" --n_trials "$n_trials" --max_users "$MAX_USERS" --overwrite > "$wlog" 2>&1
./run_hpt_parallel.sh: line 111: 146135 Killed                  nohup python scripts/run_hyperparameter_tuning.py --config "$cfg" --arm d --threshold "$pos" --neg_threshold "$neg" --n_trials "$n_trials" --max_users "$MAX_USERS" --overwrite > "$wlog" 2>&1
./run_hpt_parallel.sh: line 111: 146168 Killed                  nohup python scripts/run_hyperparameter_tuning.py --config "$cfg" --arm d --threshold "$pos" --neg_threshold "$neg" --n_trials "$n_trials" --max_users "$MAX_USERS" --overwrite > "$wlog" 2>&1
./run_hpt_parallel.sh: line 111: 146179 Killed                  nohup python scripts/run_hyperparameter_tuning.py --config "$cfg" --arm d --threshold "$pos" --neg_threshold "$neg" --n_trials "$n_trials" --max_users "$MAX_USERS" --overwrite > "$wlog" 2>&1
./run_hpt_parallel.sh: line 111: 146190 Killed                  nohup python scripts/run_hyperparameter_tuning.py --config "$cfg" --arm d --threshold "$pos" --neg_threshold "$neg" --n_trials "$n_trials" --max_users "$MAX_USERS" --overwrite > "$wlog" 2>&1
./run_hpt_parallel.sh: line 111: 146036 Killed                  nohup python scripts/run_hyperparameter_tuning.py --config "$cfg" --arm d --threshold "$pos" --neg_threshold "$neg" --n_trials "$n_trials" --max_users "$MAX_USERS" --overwrite > "$wlog" 2>&1
./run_hpt_parallel.sh: line 111: 146048 Killed                  nohup python scripts/run_hyperparameter_tuning.py --config "$cfg" --arm d --threshold "$pos" --neg_threshold "$neg" --n_trials "$n_trials" --max_users "$MAX_USERS" --overwrite > "$wlog" 2>&1
./run_hpt_parallel.sh: line 111: 146201 Killed                  nohup python scripts/run_hyperparameter_tuning.py --config "$cfg" --arm d --threshold "$pos" --neg_threshold "$neg" --n_trials "$n_trials" --max_users "$MAX_USERS" --overwrite > "$wlog" 2>&1
./run_hpt_parallel.sh: line 111: 146050 Killed                  nohup python scripts/run_hyperparameter_tuning.py --config "$cfg" --arm d --threshold "$pos" --neg_threshold "$neg" --n_trials "$n_trials" --max_users "$MAX_USERS" --overwrite > "$wlog" 2>&1
./run_hpt_parallel.sh: line 111: 146128 Killed                  nohup python scripts/run_hyperparameter_tuning.py --config "$cfg" --arm d --threshold "$pos" --neg_threshold "$neg" --n_trials "$n_trials" --max_users "$MAX_USERS" --overwrite > "$wlog" 2>&1
./run_hpt_parallel.sh: line 111: 146129 Killed                  nohup python scripts/run_hyperparameter_tuning.py --config "$cfg" --arm d --threshold "$pos" --neg_threshold "$neg" --n_trials "$n_trials" --max_users "$MAX_USERS" --overwrite > "$wlog" 2>&1
./run_hpt_parallel.sh: line 111: 146133 Killed                  nohup python scripts/run_hyperparameter_tuning.py --config "$cfg" --arm d --threshold "$pos" --neg_threshold "$neg" --n_trials "$n_trials" --max_users "$MAX_USERS" --overwrite > "$wlog" 2>&1
./run_hpt_parallel.sh: line 111: 146158 Killed                  nohup python scripts/run_hyperparameter_tuning.py --config "$cfg" --arm d --threshold "$pos" --neg_threshold "$neg" --n_trials "$n_trials" --max_users "$MAX_USERS" --overwrite > "$wlog" 2>&1
./run_hpt_parallel.sh: line 111: 146163 Killed                  nohup python scripts/run_hyperparameter_tuning.py --config "$cfg" --arm d --threshold "$pos" --neg_threshold "$neg" --n_trials "$n_trials" --max_users "$MAX_USERS" --overwrite > "$wlog" 2>&1
./run_hpt_parallel.sh: line 111: 146108 Killed                  nohup python scripts/run_hyperparameter_tuning.py --config "$cfg" --arm d --threshold "$pos" --neg_threshold "$neg" --n_trials "$n_trials" --max_users "$MAX_USERS" --overwrite > "$wlog" 2>&1
./run_hpt_parallel.sh: line 111: 146138 Killed                  nohup python scripts/run_hyperparameter_tuning.py --config "$cfg" --arm d --threshold "$pos" --neg_threshold "$neg" --n_trials "$n_trials" --max_users "$MAX_USERS" --overwrite > "$wlog" 2>&1
./run_hpt_parallel.sh: line 111: 146196 Killed                  nohup python scripts/run_hyperparameter_tuning.py --config "$cfg" --arm d --threshold "$pos" --neg_threshold "$neg" --n_trials "$n_trials" --max_users "$MAX_USERS" --overwrite > "$wlog" 2>&1
./run_hpt_parallel.sh: line 111: 146137 Killed                  nohup python scripts/run_hyperparameter_tuning.py --config "$cfg" --arm d --threshold "$pos" --neg_threshold "$neg" --n_trials "$n_trials" --max_users "$MAX_USERS" --overwrite > "$wlog" 2>&1
  WARNING: one or more workers exited non-zero — check logs
  Results:
    w1: 
    w2: 
    w3: 
    w4: 
    w5: 
    w6: 
    w7: 
    w8: 
    w9: 
    w10: 
    w11: 
    w12: 
    w13: 
    w14: 
    w15: 
    w16: 
    w17: 
    w18: 
    w19: 
    w20: 
    w21: 
    w22: 
    w23: 
    w24: 
    w25: 
    w26: 
    w27: 
    w28: 
    w29: 
    w30: 
    w31: 
    w32: 
    w33: 
    w34: 
    w35: 
    w36: 
    w37: 
    w38: 
    w39: 
    w40: 
    w41: 
    w42: 
    w43: 
    w44: 
    w45: 
    w46: 
    w47: 
    w48: 
    w49: 
    w50: 
    w51: 
    w52: 
    w53: 
    w54: 
    w55: 
    w56: 
    w57: 
    w58: 
    w59: 
    w60: 
    w61: 
    w62: 
    w63: 
    w64: 
    w65: 
    w66: 
    w67: 
    w68: 
    w69: 
    w70: 
    w71: 
    w72: 
    w73: 
    w74: 
    w75: 
    w76: 
    w77: 
    w78: 
    w79: 
    w80: 
    w81: 
    w82: 
    w83: 
    w84: 
    w85: 
    w86: 
    w87: 
    w88: 
    w89: 
    w90: 
    w91: 
    w92: 
    w93: 
    w94: 
    w95: 
    w96: 
    w97: 
    w98: 
    w99: 
    w100: 
    w101: 
    w102: 
    w103: 
    w104: 
    w105: 
    w106: 
    w107: 
    w108: 
    w109: 
    w110: 
    w111: 
    w112: 
    w113: 
    w114: 
    w115: 
    w116: 
    w117: 
    w118: 
    w119: 
    w120: 
    w121: 
    w122: 
    w123: 
    w124: 
    w125: 
    w126: 
    w127: 
    w128: 
    w129: 
    w130: 
    w131: 
    w132: 
    w133: 
    w134: 
    w135: 
    w136: 
    w137: 
    w138: 
    w139: 
    w140: 
    w141: 
    w142: 
    w143: 
    w144: 
    w145: 
    w146: 
    w147: 
    w148: 
    w149: 
    w150: 
    w151: 
    w152: 
    w153: 
    w154: 
    w155: 
    w156: 
    w157: 
    w158: 
    w159: 
    w160: 
    w161: 
    w162: 
    w163: 
    w164: 
    w165: 
    w166: 
    w167: 
    w168: 
    w169: 
    w170: 
    w171: 
    w172: 
    w173: 
    w174: 
    w175: 
    w176: 
    w177: 
    w178: 
    w179: 
    w180: 
    w181: 
    w182: 
    w183: 
    w184: 
    w185: 
    w186: 
    w187: 
    w188: 
    w189: 
    w190: 
    w191: 
    w192: 
    w193: 
    w194: 
    w195: 
    w196: 
    w197: 
    w198: 
    w199: 
    w200: 

══════════════════════════════════════════════════════════════
  Launching 200 workers: movielens_10m / p4_n1
  Config: configs/movielens_10m.yaml  |  pos≥4 neg≤1
  Total target trials: 150  |  MAX_USERS: 5000
  Workers share: outputs/movielens/10m/tuning/arm_d/pos_ge_4_neg_le_1/study.db
══════════════════════════════════════════════════════════════
  [w1] PID 147805  →  logs/hpt_parallel_20260529_223822_movielens_10m_p4_n1_w1.log
  [w2] PID 147806  →  logs/hpt_parallel_20260529_223822_movielens_10m_p4_n1_w2.log
  [w3] PID 147807  →  logs/hpt_parallel_20260529_223822_movielens_10m_p4_n1_w3.log
  [w4] PID 147808  →  logs/hpt_parallel_20260529_223822_movielens_10m_p4_n1_w4.log
  [w5] PID 147809  →  logs/hpt_parallel_20260529_223822_movielens_10m_p4_n1_w5.log
  [w6] PID 147810  →  logs/hpt_parallel_20260529_223822_movielens_10m_p4_n1_w6.log
  [w7] PID 147811  →  logs/hpt_parallel_20260529_223822_movielens_10m_p4_n1_w7.log
  [w8] PID 147812  →  logs/hpt_parallel_20260529_223822_movielens_10m_p4_n1_w8.log
  [w9] PID 147813  →  logs/hpt_parallel_20260529_223822_movielens_10m_p4_n1_w9.log
  [w10] PID 147814  →  logs/hpt_parallel_20260529_223822_movielens_10m_p4_n1_w10.log
  [w11] PID 147815  →  logs/hpt_parallel_20260529_223822_movielens_10m_p4_n1_w11.log
  [w12] PID 147816  →  logs/hpt_parallel_20260529_223822_movielens_10m_p4_n1_w12.log
  [w13] PID 147817  →  logs/hpt_parallel_20260529_223822_movielens_10m_p4_n1_w13.log
  [w14] PID 147818  →  logs/hpt_parallel_20260529_223822_movielens_10m_p4_n1_w14.log
  [w15] PID 147819  →  logs/hpt_parallel_20260529_223822_movielens_10m_p4_n1_w15.log
  [w16] PID 147820  →  logs/hpt_parallel_20260529_223822_movielens_10m_p4_n1_w16.log
  [w17] PID 147821  →  logs/hpt_parallel_20260529_223822_movielens_10m_p4_n1_w17.log
  [w18] PID 147822  →  logs/hpt_parallel_20260529_223822_movielens_10m_p4_n1_w18.log
  [w19] PID 147823  →  logs/hpt_parallel_20260529_223822_movielens_10m_p4_n1_w19.log
  [w20] PID 147824  →  logs/hpt_parallel_20260529_223822_movielens_10m_p4_n1_w20.log
  [w21] PID 147825  →  logs/hpt_parallel_20260529_223822_movielens_10m_p4_n1_w21.log
  [w22] PID 147826  →  logs/hpt_parallel_20260529_223822_movielens_10m_p4_n1_w22.log
  [w23] PID 147827  →  logs/hpt_parallel_20260529_223822_movielens_10m_p4_n1_w23.log
  [w24] PID 147828  →  logs/hpt_parallel_20260529_223822_movielens_10m_p4_n1_w24.log
  [w25] PID 147829  →  logs/hpt_parallel_20260529_223822_movielens_10m_p4_n1_w25.log
  [w26] PID 147830  →  logs/hpt_parallel_20260529_223822_movielens_10m_p4_n1_w26.log
  [w27] PID 147831  →  logs/hpt_parallel_20260529_223822_movielens_10m_p4_n1_w27.log
  [w28] PID 147832  →  logs/hpt_parallel_20260529_223822_movielens_10m_p4_n1_w28.log
  [w29] PID 147833  →  logs/hpt_parallel_20260529_223822_movielens_10m_p4_n1_w29.log
  [w30] PID 147834  →  logs/hpt_parallel_20260529_223822_movielens_10m_p4_n1_w30.log
  [w31] PID 147835  →  logs/hpt_parallel_20260529_223822_movielens_10m_p4_n1_w31.log
  [w32] PID 147836  →  logs/hpt_parallel_20260529_223822_movielens_10m_p4_n1_w32.log
  [w33] PID 147837  →  logs/hpt_parallel_20260529_223822_movielens_10m_p4_n1_w33.log
  [w34] PID 147838  →  logs/hpt_parallel_20260529_223822_movielens_10m_p4_n1_w34.log
  [w35] PID 147839  →  logs/hpt_parallel_20260529_223822_movielens_10m_p4_n1_w35.log
  [w36] PID 147840  →  logs/hpt_parallel_20260529_223822_movielens_10m_p4_n1_w36.log
  [w37] PID 147841  →  logs/hpt_parallel_20260529_223822_movielens_10m_p4_n1_w37.log
  [w38] PID 147842  →  logs/hpt_parallel_20260529_223822_movielens_10m_p4_n1_w38.log
  [w39] PID 147843  →  logs/hpt_parallel_20260529_223822_movielens_10m_p4_n1_w39.log
  [w40] PID 147844  →  logs/hpt_parallel_20260529_223822_movielens_10m_p4_n1_w40.log
  [w41] PID 147845  →  logs/hpt_parallel_20260529_223822_movielens_10m_p4_n1_w41.log
  [w42] PID 147846  →  logs/hpt_parallel_20260529_223822_movielens_10m_p4_n1_w42.log
  [w43] PID 147847  →  logs/hpt_parallel_20260529_223822_movielens_10m_p4_n1_w43.log
  [w44] PID 147848  →  logs/hpt_parallel_20260529_223822_movielens_10m_p4_n1_w44.log
  [w45] PID 147849  →  logs/hpt_parallel_20260529_223822_movielens_10m_p4_n1_w45.log
  [w46] PID 147850  →  logs/hpt_parallel_20260529_223822_movielens_10m_p4_n1_w46.log
  [w47] PID 147851  →  logs/hpt_parallel_20260529_223822_movielens_10m_p4_n1_w47.log
  [w48] PID 147852  →  logs/hpt_parallel_20260529_223822_movielens_10m_p4_n1_w48.log
  [w49] PID 147853  →  logs/hpt_parallel_20260529_223822_movielens_10m_p4_n1_w49.log
  [w50] PID 147854  →  logs/hpt_parallel_20260529_223822_movielens_10m_p4_n1_w50.log
  [w51] PID 147855  →  logs/hpt_parallel_20260529_223822_movielens_10m_p4_n1_w51.log
  [w52] PID 147856  →  logs/hpt_parallel_20260529_223822_movielens_10m_p4_n1_w52.log
  [w53] PID 147857  →  logs/hpt_parallel_20260529_223822_movielens_10m_p4_n1_w53.log
  [w54] PID 147858  →  logs/hpt_parallel_20260529_223822_movielens_10m_p4_n1_w54.log
  [w55] PID 147859  →  logs/hpt_parallel_20260529_223822_movielens_10m_p4_n1_w55.log
  [w56] PID 147860  →  logs/hpt_parallel_20260529_223822_movielens_10m_p4_n1_w56.log
  [w57] PID 147861  →  logs/hpt_parallel_20260529_223822_movielens_10m_p4_n1_w57.log
  [w58] PID 147862  →  logs/hpt_parallel_20260529_223822_movielens_10m_p4_n1_w58.log
  [w59] PID 147863  →  logs/hpt_parallel_20260529_223822_movielens_10m_p4_n1_w59.log
  [w60] PID 147864  →  logs/hpt_parallel_20260529_223822_movielens_10m_p4_n1_w60.log
  [w61] PID 147865  →  logs/hpt_parallel_20260529_223822_movielens_10m_p4_n1_w61.log
  [w62] PID 147866  →  logs/hpt_parallel_20260529_223822_movielens_10m_p4_n1_w62.log
  [w63] PID 147867  →  logs/hpt_parallel_20260529_223822_movielens_10m_p4_n1_w63.log
  [w64] PID 147868  →  logs/hpt_parallel_20260529_223822_movielens_10m_p4_n1_w64.log
  [w65] PID 147869  →  logs/hpt_parallel_20260529_223822_movielens_10m_p4_n1_w65.log
  [w66] PID 147870  →  logs/hpt_parallel_20260529_223822_movielens_10m_p4_n1_w66.log
  [w67] PID 147871  →  logs/hpt_parallel_20260529_223822_movielens_10m_p4_n1_w67.log
  [w68] PID 147872  →  logs/hpt_parallel_20260529_223822_movielens_10m_p4_n1_w68.log
  [w69] PID 147873  →  logs/hpt_parallel_20260529_223822_movielens_10m_p4_n1_w69.log
  [w70] PID 147874  →  logs/hpt_parallel_20260529_223822_movielens_10m_p4_n1_w70.log
  [w71] PID 147875  →  logs/hpt_parallel_20260529_223822_movielens_10m_p4_n1_w71.log
  [w72] PID 147876  →  logs/hpt_parallel_20260529_223822_movielens_10m_p4_n1_w72.log
  [w73] PID 147877  →  logs/hpt_parallel_20260529_223822_movielens_10m_p4_n1_w73.log
  [w74] PID 147878  →  logs/hpt_parallel_20260529_223822_movielens_10m_p4_n1_w74.log
  [w75] PID 147879  →  logs/hpt_parallel_20260529_223822_movielens_10m_p4_n1_w75.log
  [w76] PID 147880  →  logs/hpt_parallel_20260529_223822_movielens_10m_p4_n1_w76.log
  [w77] PID 147881  →  logs/hpt_parallel_20260529_223822_movielens_10m_p4_n1_w77.log
  [w78] PID 147882  →  logs/hpt_parallel_20260529_223822_movielens_10m_p4_n1_w78.log
  [w79] PID 147883  →  logs/hpt_parallel_20260529_223822_movielens_10m_p4_n1_w79.log
  [w80] PID 147884  →  logs/hpt_parallel_20260529_223822_movielens_10m_p4_n1_w80.log
  [w81] PID 147885  →  logs/hpt_parallel_20260529_223822_movielens_10m_p4_n1_w81.log
  [w82] PID 147886  →  logs/hpt_parallel_20260529_223822_movielens_10m_p4_n1_w82.log
  [w83] PID 147887  →  logs/hpt_parallel_20260529_223822_movielens_10m_p4_n1_w83.log
  [w84] PID 147888  →  logs/hpt_parallel_20260529_223822_movielens_10m_p4_n1_w84.log
  [w85] PID 147889  →  logs/hpt_parallel_20260529_223822_movielens_10m_p4_n1_w85.log
  [w86] PID 147890  →  logs/hpt_parallel_20260529_223822_movielens_10m_p4_n1_w86.log
  [w87] PID 147891  →  logs/hpt_parallel_20260529_223822_movielens_10m_p4_n1_w87.log
  [w88] PID 147892  →  logs/hpt_parallel_20260529_223822_movielens_10m_p4_n1_w88.log
  [w89] PID 147893  →  logs/hpt_parallel_20260529_223822_movielens_10m_p4_n1_w89.log
  [w90] PID 147894  →  logs/hpt_parallel_20260529_223822_movielens_10m_p4_n1_w90.log
  [w91] PID 147895  →  logs/hpt_parallel_20260529_223822_movielens_10m_p4_n1_w91.log
  [w92] PID 147896  →  logs/hpt_parallel_20260529_223822_movielens_10m_p4_n1_w92.log
  [w93] PID 147897  →  logs/hpt_parallel_20260529_223822_movielens_10m_p4_n1_w93.log
  [w94] PID 147898  →  logs/hpt_parallel_20260529_223822_movielens_10m_p4_n1_w94.log
  [w95] PID 147899  →  logs/hpt_parallel_20260529_223822_movielens_10m_p4_n1_w95.log
  [w96] PID 147900  →  logs/hpt_parallel_20260529_223822_movielens_10m_p4_n1_w96.log
  [w97] PID 147901  →  logs/hpt_parallel_20260529_223822_movielens_10m_p4_n1_w97.log
  [w98] PID 147902  →  logs/hpt_parallel_20260529_223822_movielens_10m_p4_n1_w98.log
  [w99] PID 147903  →  logs/hpt_parallel_20260529_223822_movielens_10m_p4_n1_w99.log
  [w100] PID 147904  →  logs/hpt_parallel_20260529_223822_movielens_10m_p4_n1_w100.log
  [w101] PID 147905  →  logs/hpt_parallel_20260529_223822_movielens_10m_p4_n1_w101.log
  [w102] PID 147906  →  logs/hpt_parallel_20260529_223822_movielens_10m_p4_n1_w102.log
  [w103] PID 147907  →  logs/hpt_parallel_20260529_223822_movielens_10m_p4_n1_w103.log
  [w104] PID 147908  →  logs/hpt_parallel_20260529_223822_movielens_10m_p4_n1_w104.log
  [w105] PID 147909  →  logs/hpt_parallel_20260529_223822_movielens_10m_p4_n1_w105.log
  [w106] PID 147910  →  logs/hpt_parallel_20260529_223822_movielens_10m_p4_n1_w106.log
  [w107] PID 147911  →  logs/hpt_parallel_20260529_223822_movielens_10m_p4_n1_w107.log
  [w108] PID 147912  →  logs/hpt_parallel_20260529_223822_movielens_10m_p4_n1_w108.log
  [w109] PID 147913  →  logs/hpt_parallel_20260529_223822_movielens_10m_p4_n1_w109.log
  [w110] PID 147914  →  logs/hpt_parallel_20260529_223822_movielens_10m_p4_n1_w110.log
  [w111] PID 147915  →  logs/hpt_parallel_20260529_223822_movielens_10m_p4_n1_w111.log
  [w112] PID 147916  →  logs/hpt_parallel_20260529_223822_movielens_10m_p4_n1_w112.log
  [w113] PID 147917  →  logs/hpt_parallel_20260529_223822_movielens_10m_p4_n1_w113.log
  [w114] PID 147918  →  logs/hpt_parallel_20260529_223822_movielens_10m_p4_n1_w114.log
  [w115] PID 147919  →  logs/hpt_parallel_20260529_223822_movielens_10m_p4_n1_w115.log
  [w116] PID 147920  →  logs/hpt_parallel_20260529_223822_movielens_10m_p4_n1_w116.log
  [w117] PID 147921  →  logs/hpt_parallel_20260529_223822_movielens_10m_p4_n1_w117.log
  [w118] PID 147922  →  logs/hpt_parallel_20260529_223822_movielens_10m_p4_n1_w118.log
  [w119] PID 147923  →  logs/hpt_parallel_20260529_223822_movielens_10m_p4_n1_w119.log
  [w120] PID 147924  →  logs/hpt_parallel_20260529_223822_movielens_10m_p4_n1_w120.log
  [w121] PID 147925  →  logs/hpt_parallel_20260529_223822_movielens_10m_p4_n1_w121.log
  [w122] PID 147926  →  logs/hpt_parallel_20260529_223822_movielens_10m_p4_n1_w122.log
  [w123] PID 147927  →  logs/hpt_parallel_20260529_223822_movielens_10m_p4_n1_w123.log
  [w124] PID 147928  →  logs/hpt_parallel_20260529_223822_movielens_10m_p4_n1_w124.log
  [w125] PID 147929  →  logs/hpt_parallel_20260529_223822_movielens_10m_p4_n1_w125.log
  [w126] PID 147930  →  logs/hpt_parallel_20260529_223822_movielens_10m_p4_n1_w126.log
  [w127] PID 147931  →  logs/hpt_parallel_20260529_223822_movielens_10m_p4_n1_w127.log
  [w128] PID 147932  →  logs/hpt_parallel_20260529_223822_movielens_10m_p4_n1_w128.log
  [w129] PID 147933  →  logs/hpt_parallel_20260529_223822_movielens_10m_p4_n1_w129.log
  [w130] PID 147934  →  logs/hpt_parallel_20260529_223822_movielens_10m_p4_n1_w130.log
  [w131] PID 147935  →  logs/hpt_parallel_20260529_223822_movielens_10m_p4_n1_w131.log
  [w132] PID 147936  →  logs/hpt_parallel_20260529_223822_movielens_10m_p4_n1_w132.log
  [w133] PID 147937  →  logs/hpt_parallel_20260529_223822_movielens_10m_p4_n1_w133.log
  [w134] PID 147938  →  logs/hpt_parallel_20260529_223822_movielens_10m_p4_n1_w134.log
  [w135] PID 147939  →  logs/hpt_parallel_20260529_223822_movielens_10m_p4_n1_w135.log
  [w136] PID 147940  →  logs/hpt_parallel_20260529_223822_movielens_10m_p4_n1_w136.log
  [w137] PID 147941  →  logs/hpt_parallel_20260529_223822_movielens_10m_p4_n1_w137.log
  [w138] PID 147942  →  logs/hpt_parallel_20260529_223822_movielens_10m_p4_n1_w138.log
  [w139] PID 147943  →  logs/hpt_parallel_20260529_223822_movielens_10m_p4_n1_w139.log
  [w140] PID 147944  →  logs/hpt_parallel_20260529_223822_movielens_10m_p4_n1_w140.log
  [w141] PID 147945  →  logs/hpt_parallel_20260529_223822_movielens_10m_p4_n1_w141.log
  [w142] PID 147946  →  logs/hpt_parallel_20260529_223822_movielens_10m_p4_n1_w142.log
  [w143] PID 147947  →  logs/hpt_parallel_20260529_223822_movielens_10m_p4_n1_w143.log
  [w144] PID 147948  →  logs/hpt_parallel_20260529_223822_movielens_10m_p4_n1_w144.log
  [w145] PID 147949  →  logs/hpt_parallel_20260529_223822_movielens_10m_p4_n1_w145.log
  [w146] PID 147950  →  logs/hpt_parallel_20260529_223822_movielens_10m_p4_n1_w146.log
  [w147] PID 147951  →  logs/hpt_parallel_20260529_223822_movielens_10m_p4_n1_w147.log
  [w148] PID 147952  →  logs/hpt_parallel_20260529_223822_movielens_10m_p4_n1_w148.log
  [w149] PID 147953  →  logs/hpt_parallel_20260529_223822_movielens_10m_p4_n1_w149.log
  [w150] PID 147954  →  logs/hpt_parallel_20260529_223822_movielens_10m_p4_n1_w150.log
  [w151] PID 147955  →  logs/hpt_parallel_20260529_223822_movielens_10m_p4_n1_w151.log
  [w152] PID 147956  →  logs/hpt_parallel_20260529_223822_movielens_10m_p4_n1_w152.log
  [w153] PID 147957  →  logs/hpt_parallel_20260529_223822_movielens_10m_p4_n1_w153.log
  [w154] PID 147958  →  logs/hpt_parallel_20260529_223822_movielens_10m_p4_n1_w154.log
  [w155] PID 147959  →  logs/hpt_parallel_20260529_223822_movielens_10m_p4_n1_w155.log
  [w156] PID 147960  →  logs/hpt_parallel_20260529_223822_movielens_10m_p4_n1_w156.log
  [w157] PID 147961  →  logs/hpt_parallel_20260529_223822_movielens_10m_p4_n1_w157.log
  [w158] PID 147962  →  logs/hpt_parallel_20260529_223822_movielens_10m_p4_n1_w158.log
  [w159] PID 147963  →  logs/hpt_parallel_20260529_223822_movielens_10m_p4_n1_w159.log
  [w160] PID 147964  →  logs/hpt_parallel_20260529_223822_movielens_10m_p4_n1_w160.log
  [w161] PID 147965  →  logs/hpt_parallel_20260529_223822_movielens_10m_p4_n1_w161.log
  [w162] PID 147966  →  logs/hpt_parallel_20260529_223822_movielens_10m_p4_n1_w162.log
  [w163] PID 147967  →  logs/hpt_parallel_20260529_223822_movielens_10m_p4_n1_w163.log
  [w164] PID 147968  →  logs/hpt_parallel_20260529_223822_movielens_10m_p4_n1_w164.log
  [w165] PID 147969  →  logs/hpt_parallel_20260529_223822_movielens_10m_p4_n1_w165.log
  [w166] PID 147970  →  logs/hpt_parallel_20260529_223822_movielens_10m_p4_n1_w166.log
  [w167] PID 147971  →  logs/hpt_parallel_20260529_223822_movielens_10m_p4_n1_w167.log
  [w168] PID 147972  →  logs/hpt_parallel_20260529_223822_movielens_10m_p4_n1_w168.log
  [w169] PID 147973  →  logs/hpt_parallel_20260529_223822_movielens_10m_p4_n1_w169.log
  [w170] PID 147974  →  logs/hpt_parallel_20260529_223822_movielens_10m_p4_n1_w170.log
  [w171] PID 147975  →  logs/hpt_parallel_20260529_223822_movielens_10m_p4_n1_w171.log
  [w172] PID 147976  →  logs/hpt_parallel_20260529_223822_movielens_10m_p4_n1_w172.log
  [w173] PID 147977  →  logs/hpt_parallel_20260529_223822_movielens_10m_p4_n1_w173.log
  [w174] PID 147978  →  logs/hpt_parallel_20260529_223822_movielens_10m_p4_n1_w174.log
  [w175] PID 147979  →  logs/hpt_parallel_20260529_223822_movielens_10m_p4_n1_w175.log
  [w176] PID 147980  →  logs/hpt_parallel_20260529_223822_movielens_10m_p4_n1_w176.log
  [w177] PID 147981  →  logs/hpt_parallel_20260529_223822_movielens_10m_p4_n1_w177.log
  [w178] PID 147982  →  logs/hpt_parallel_20260529_223822_movielens_10m_p4_n1_w178.log
  [w179] PID 147983  →  logs/hpt_parallel_20260529_223822_movielens_10m_p4_n1_w179.log
  [w180] PID 147984  →  logs/hpt_parallel_20260529_223822_movielens_10m_p4_n1_w180.log
  [w181] PID 147985  →  logs/hpt_parallel_20260529_223822_movielens_10m_p4_n1_w181.log
  [w182] PID 147986  →  logs/hpt_parallel_20260529_223822_movielens_10m_p4_n1_w182.log
  [w183] PID 147987  →  logs/hpt_parallel_20260529_223822_movielens_10m_p4_n1_w183.log
  [w184] PID 147988  →  logs/hpt_parallel_20260529_223822_movielens_10m_p4_n1_w184.log
  [w185] PID 147989  →  logs/hpt_parallel_20260529_223822_movielens_10m_p4_n1_w185.log
  [w186] PID 147990  →  logs/hpt_parallel_20260529_223822_movielens_10m_p4_n1_w186.log
  [w187] PID 147991  →  logs/hpt_parallel_20260529_223822_movielens_10m_p4_n1_w187.log
  [w188] PID 147992  →  logs/hpt_parallel_20260529_223822_movielens_10m_p4_n1_w188.log
  [w189] PID 147993  →  logs/hpt_parallel_20260529_223822_movielens_10m_p4_n1_w189.log
  [w190] PID 147994  →  logs/hpt_parallel_20260529_223822_movielens_10m_p4_n1_w190.log
  [w191] PID 147995  →  logs/hpt_parallel_20260529_223822_movielens_10m_p4_n1_w191.log
  [w192] PID 147996  →  logs/hpt_parallel_20260529_223822_movielens_10m_p4_n1_w192.log
  [w193] PID 147997  →  logs/hpt_parallel_20260529_223822_movielens_10m_p4_n1_w193.log
  [w194] PID 147998  →  logs/hpt_parallel_20260529_223822_movielens_10m_p4_n1_w194.log
  [w195] PID 147999  →  logs/hpt_parallel_20260529_223822_movielens_10m_p4_n1_w195.log
  [w196] PID 148000  →  logs/hpt_parallel_20260529_223822_movielens_10m_p4_n1_w196.log
  [w197] PID 148001  →  logs/hpt_parallel_20260529_223822_movielens_10m_p4_n1_w197.log
  [w198] PID 148002  →  logs/hpt_parallel_20260529_223822_movielens_10m_p4_n1_w198.log
  [w199] PID 148003  →  logs/hpt_parallel_20260529_223822_movielens_10m_p4_n1_w199.log
  [w200] PID 148004  →  logs/hpt_parallel_20260529_223822_movielens_10m_p4_n1_w200.log
  Waiting for all 200 workers to finish...
./run_hpt_parallel.sh: line 111: 147805 Killed                  nohup python scripts/run_hyperparameter_tuning.py --config "$cfg" --arm d --threshold "$pos" --neg_threshold "$neg" --n_trials "$n_trials" --max_users "$MAX_USERS" --overwrite > "$wlog" 2>&1
./run_hpt_parallel.sh: line 111: 147811 Killed                  nohup python scripts/run_hyperparameter_tuning.py --config "$cfg" --arm d --threshold "$pos" --neg_threshold "$neg" --n_trials "$n_trials" --max_users "$MAX_USERS" --overwrite > "$wlog" 2>&1
./run_hpt_parallel.sh: line 111: 147817 Killed                  nohup python scripts/run_hyperparameter_tuning.py --config "$cfg" --arm d --threshold "$pos" --neg_threshold "$neg" --n_trials "$n_trials" --max_users "$MAX_USERS" --overwrite > "$wlog" 2>&1
./run_hpt_parallel.sh: line 111: 147819 Killed                  nohup python scripts/run_hyperparameter_tuning.py --config "$cfg" --arm d --threshold "$pos" --neg_threshold "$neg" --n_trials "$n_trials" --max_users "$MAX_USERS" --overwrite > "$wlog" 2>&1
./run_hpt_parallel.sh: line 111: 147825 Killed                  nohup python scripts/run_hyperparameter_tuning.py --config "$cfg" --arm d --threshold "$pos" --neg_threshold "$neg" --n_trials "$n_trials" --max_users "$MAX_USERS" --overwrite > "$wlog" 2>&1
./run_hpt_parallel.sh: line 111: 147827 Killed                  nohup python scripts/run_hyperparameter_tuning.py --config "$cfg" --arm d --threshold "$pos" --neg_threshold "$neg" --n_trials "$n_trials" --max_users "$MAX_USERS" --overwrite > "$wlog" 2>&1
./run_hpt_parallel.sh: line 111: 147847 Killed                  nohup python scripts/run_hyperparameter_tuning.py --config "$cfg" --arm d --threshold "$pos" --neg_threshold "$neg" --n_trials "$n_trials" --max_users "$MAX_USERS" --overwrite > "$wlog" 2>&1
./run_hpt_parallel.sh: line 111: 147857 Killed                  nohup python scripts/run_hyperparameter_tuning.py --config "$cfg" --arm d --threshold "$pos" --neg_threshold "$neg" --n_trials "$n_trials" --max_users "$MAX_USERS" --overwrite > "$wlog" 2>&1
./run_hpt_parallel.sh: line 111: 147879 Killed                  nohup python scripts/run_hyperparameter_tuning.py --config "$cfg" --arm d --threshold "$pos" --neg_threshold "$neg" --n_trials "$n_trials" --max_users "$MAX_USERS" --overwrite > "$wlog" 2>&1
./run_hpt_parallel.sh: line 111: 147884 Killed                  nohup python scripts/run_hyperparameter_tuning.py --config "$cfg" --arm d --threshold "$pos" --neg_threshold "$neg" --n_trials "$n_trials" --max_users "$MAX_USERS" --overwrite > "$wlog" 2>&1
./run_hpt_parallel.sh: line 111: 147903 Killed                  nohup python scripts/run_hyperparameter_tuning.py --config "$cfg" --arm d --threshold "$pos" --neg_threshold "$neg" --n_trials "$n_trials" --max_users "$MAX_USERS" --overwrite > "$wlog" 2>&1
./run_hpt_parallel.sh: line 111: 147906 Killed                  nohup python scripts/run_hyperparameter_tuning.py --config "$cfg" --arm d --threshold "$pos" --neg_threshold "$neg" --n_trials "$n_trials" --max_users "$MAX_USERS" --overwrite > "$wlog" 2>&1
./run_hpt_parallel.sh: line 111: 147907 Killed                  nohup python scripts/run_hyperparameter_tuning.py --config "$cfg" --arm d --threshold "$pos" --neg_threshold "$neg" --n_trials "$n_trials" --max_users "$MAX_USERS" --overwrite > "$wlog" 2>&1
./run_hpt_parallel.sh: line 111: 147913 Killed                  nohup python scripts/run_hyperparameter_tuning.py --config "$cfg" --arm d --threshold "$pos" --neg_threshold "$neg" --n_trials "$n_trials" --max_users "$MAX_USERS" --overwrite > "$wlog" 2>&1
./run_hpt_parallel.sh: line 111: 147916 Killed                  nohup python scripts/run_hyperparameter_tuning.py --config "$cfg" --arm d --threshold "$pos" --neg_threshold "$neg" --n_trials "$n_trials" --max_users "$MAX_USERS" --overwrite > "$wlog" 2>&1
./run_hpt_parallel.sh: line 111: 147919 Killed                  nohup python scripts/run_hyperparameter_tuning.py --config "$cfg" --arm d --threshold "$pos" --neg_threshold "$neg" --n_trials "$n_trials" --max_users "$MAX_USERS" --overwrite > "$wlog" 2>&1
./run_hpt_parallel.sh: line 111: 147929 Killed                  nohup python scripts/run_hyperparameter_tuning.py --config "$cfg" --arm d --threshold "$pos" --neg_threshold "$neg" --n_trials "$n_trials" --max_users "$MAX_USERS" --overwrite > "$wlog" 2>&1
./run_hpt_parallel.sh: line 111: 147932 Killed                  nohup python scripts/run_hyperparameter_tuning.py --config "$cfg" --arm d --threshold "$pos" --neg_threshold "$neg" --n_trials "$n_trials" --max_users "$MAX_USERS" --overwrite > "$wlog" 2>&1
./run_hpt_parallel.sh: line 111: 147958 Killed                  nohup python scripts/run_hyperparameter_tuning.py --config "$cfg" --arm d --threshold "$pos" --neg_threshold "$neg" --n_trials "$n_trials" --max_users "$MAX_USERS" --overwrite > "$wlog" 2>&1
./run_hpt_parallel.sh: line 111: 147959 Killed                  nohup python scripts/run_hyperparameter_tuning.py --config "$cfg" --arm d --threshold "$pos" --neg_threshold "$neg" --n_trials "$n_trials" --max_users "$MAX_USERS" --overwrite > "$wlog" 2>&1
./run_hpt_parallel.sh: line 111: 147968 Killed                  nohup python scripts/run_hyperparameter_tuning.py --config "$cfg" --arm d --threshold "$pos" --neg_threshold "$neg" --n_trials "$n_trials" --max_users "$MAX_USERS" --overwrite > "$wlog" 2>&1
./run_hpt_parallel.sh: line 111: 147995 Killed                  nohup python scripts/run_hyperparameter_tuning.py --config "$cfg" --arm d --threshold "$pos" --neg_threshold "$neg" --n_trials "$n_trials" --max_users "$MAX_USERS" --overwrite > "$wlog" 2>&1
./run_hpt_parallel.sh: line 111: 147806 Killed                  nohup python scripts/run_hyperparameter_tuning.py --config "$cfg" --arm d --threshold "$pos" --neg_threshold "$neg" --n_trials "$n_trials" --max_users "$MAX_USERS" --overwrite > "$wlog" 2>&1
./run_hpt_parallel.sh: line 111: 147807 Killed                  nohup python scripts/run_hyperparameter_tuning.py --config "$cfg" --arm d --threshold "$pos" --neg_threshold "$neg" --n_trials "$n_trials" --max_users "$MAX_USERS" --overwrite > "$wlog" 2>&1
./run_hpt_parallel.sh: line 111: 147808 Killed                  nohup python scripts/run_hyperparameter_tuning.py --config "$cfg" --arm d --threshold "$pos" --neg_threshold "$neg" --n_trials "$n_trials" --max_users "$MAX_USERS" --overwrite > "$wlog" 2>&1
./run_hpt_parallel.sh: line 111: 147814 Killed                  nohup python scripts/run_hyperparameter_tuning.py --config "$cfg" --arm d --threshold "$pos" --neg_threshold "$neg" --n_trials "$n_trials" --max_users "$MAX_USERS" --overwrite > "$wlog" 2>&1
./run_hpt_parallel.sh: line 111: 147815 Killed                  nohup python scripts/run_hyperparameter_tuning.py --config "$cfg" --arm d --threshold "$pos" --neg_threshold "$neg" --n_trials "$n_trials" --max_users "$MAX_USERS" --overwrite > "$wlog" 2>&1
./run_hpt_parallel.sh: line 111: 147816 Killed                  nohup python scripts/run_hyperparameter_tuning.py --config "$cfg" --arm d --threshold "$pos" --neg_threshold "$neg" --n_trials "$n_trials" --max_users "$MAX_USERS" --overwrite > "$wlog" 2>&1
./run_hpt_parallel.sh: line 111: 147818 Killed                  nohup python scripts/run_hyperparameter_tuning.py --config "$cfg" --arm d --threshold "$pos" --neg_threshold "$neg" --n_trials "$n_trials" --max_users "$MAX_USERS" --overwrite > "$wlog" 2>&1
./run_hpt_parallel.sh: line 111: 147820 Killed                  nohup python scripts/run_hyperparameter_tuning.py --config "$cfg" --arm d --threshold "$pos" --neg_threshold "$neg" --n_trials "$n_trials" --max_users "$MAX_USERS" --overwrite > "$wlog" 2>&1
./run_hpt_parallel.sh: line 111: 147822 Killed                  nohup python scripts/run_hyperparameter_tuning.py --config "$cfg" --arm d --threshold "$pos" --neg_threshold "$neg" --n_trials "$n_trials" --max_users "$MAX_USERS" --overwrite > "$wlog" 2>&1
./run_hpt_parallel.sh: line 111: 147823 Killed                  nohup python scripts/run_hyperparameter_tuning.py --config "$cfg" --arm d --threshold "$pos" --neg_threshold "$neg" --n_trials "$n_trials" --max_users "$MAX_USERS" --overwrite > "$wlog" 2>&1
./run_hpt_parallel.sh: line 111: 147826 Killed                  nohup python scripts/run_hyperparameter_tuning.py --config "$cfg" --arm d --threshold "$pos" --neg_threshold "$neg" --n_trials "$n_trials" --max_users "$MAX_USERS" --overwrite > "$wlog" 2>&1
./run_hpt_parallel.sh: line 111: 147828 Killed                  nohup python scripts/run_hyperparameter_tuning.py --config "$cfg" --arm d --threshold "$pos" --neg_threshold "$neg" --n_trials "$n_trials" --max_users "$MAX_USERS" --overwrite > "$wlog" 2>&1
./run_hpt_parallel.sh: line 111: 147829 Killed                  nohup python scripts/run_hyperparameter_tuning.py --config "$cfg" --arm d --threshold "$pos" --neg_threshold "$neg" --n_trials "$n_trials" --max_users "$MAX_USERS" --overwrite > "$wlog" 2>&1
./run_hpt_parallel.sh: line 111: 147830 Killed                  nohup python scripts/run_hyperparameter_tuning.py --config "$cfg" --arm d --threshold "$pos" --neg_threshold "$neg" --n_trials "$n_trials" --max_users "$MAX_USERS" --overwrite > "$wlog" 2>&1
./run_hpt_parallel.sh: line 111: 147831 Killed                  nohup python scripts/run_hyperparameter_tuning.py --config "$cfg" --arm d --threshold "$pos" --neg_threshold "$neg" --n_trials "$n_trials" --max_users "$MAX_USERS" --overwrite > "$wlog" 2>&1
./run_hpt_parallel.sh: line 111: 147832 Killed                  nohup python scripts/run_hyperparameter_tuning.py --config "$cfg" --arm d --threshold "$pos" --neg_threshold "$neg" --n_trials "$n_trials" --max_users "$MAX_USERS" --overwrite > "$wlog" 2>&1
./run_hpt_parallel.sh: line 111: 147833 Killed                  nohup python scripts/run_hyperparameter_tuning.py --config "$cfg" --arm d --threshold "$pos" --neg_threshold "$neg" --n_trials "$n_trials" --max_users "$MAX_USERS" --overwrite > "$wlog" 2>&1
./run_hpt_parallel.sh: line 111: 147834 Killed                  nohup python scripts/run_hyperparameter_tuning.py --config "$cfg" --arm d --threshold "$pos" --neg_threshold "$neg" --n_trials "$n_trials" --max_users "$MAX_USERS" --overwrite > "$wlog" 2>&1
./run_hpt_parallel.sh: line 111: 147835 Killed                  nohup python scripts/run_hyperparameter_tuning.py --config "$cfg" --arm d --threshold "$pos" --neg_threshold "$neg" --n_trials "$n_trials" --max_users "$MAX_USERS" --overwrite > "$wlog" 2>&1
./run_hpt_parallel.sh: line 111: 147836 Killed                  nohup python scripts/run_hyperparameter_tuning.py --config "$cfg" --arm d --threshold "$pos" --neg_threshold "$neg" --n_trials "$n_trials" --max_users "$MAX_USERS" --overwrite > "$wlog" 2>&1
./run_hpt_parallel.sh: line 111: 147837 Killed                  nohup python scripts/run_hyperparameter_tuning.py --config "$cfg" --arm d --threshold "$pos" --neg_threshold "$neg" --n_trials "$n_trials" --max_users "$MAX_USERS" --overwrite > "$wlog" 2>&1
./run_hpt_parallel.sh: line 111: 147840 Killed                  nohup python scripts/run_hyperparameter_tuning.py --config "$cfg" --arm d --threshold "$pos" --neg_threshold "$neg" --n_trials "$n_trials" --max_users "$MAX_USERS" --overwrite > "$wlog" 2>&1
./run_hpt_parallel.sh: line 111: 147843 Killed                  nohup python scripts/run_hyperparameter_tuning.py --config "$cfg" --arm d --threshold "$pos" --neg_threshold "$neg" --n_trials "$n_trials" --max_users "$MAX_USERS" --overwrite > "$wlog" 2>&1
./run_hpt_parallel.sh: line 111: 147844 Killed                  nohup python scripts/run_hyperparameter_tuning.py --config "$cfg" --arm d --threshold "$pos" --neg_threshold "$neg" --n_trials "$n_trials" --max_users "$MAX_USERS" --overwrite > "$wlog" 2>&1
./run_hpt_parallel.sh: line 111: 147845 Killed                  nohup python scripts/run_hyperparameter_tuning.py --config "$cfg" --arm d --threshold "$pos" --neg_threshold "$neg" --n_trials "$n_trials" --max_users "$MAX_USERS" --overwrite > "$wlog" 2>&1
./run_hpt_parallel.sh: line 111: 147846 Killed                  nohup python scripts/run_hyperparameter_tuning.py --config "$cfg" --arm d --threshold "$pos" --neg_threshold "$neg" --n_trials "$n_trials" --max_users "$MAX_USERS" --overwrite > "$wlog" 2>&1
./run_hpt_parallel.sh: line 111: 147848 Killed                  nohup python scripts/run_hyperparameter_tuning.py --config "$cfg" --arm d --threshold "$pos" --neg_threshold "$neg" --n_trials "$n_trials" --max_users "$MAX_USERS" --overwrite > "$wlog" 2>&1
./run_hpt_parallel.sh: line 111: 147849 Killed                  nohup python scripts/run_hyperparameter_tuning.py --config "$cfg" --arm d --threshold "$pos" --neg_threshold "$neg" --n_trials "$n_trials" --max_users "$MAX_USERS" --overwrite > "$wlog" 2>&1
./run_hpt_parallel.sh: line 111: 147850 Killed                  nohup python scripts/run_hyperparameter_tuning.py --config "$cfg" --arm d --threshold "$pos" --neg_threshold "$neg" --n_trials "$n_trials" --max_users "$MAX_USERS" --overwrite > "$wlog" 2>&1
./run_hpt_parallel.sh: line 111: 147851 Killed                  nohup python scripts/run_hyperparameter_tuning.py --config "$cfg" --arm d --threshold "$pos" --neg_threshold "$neg" --n_trials "$n_trials" --max_users "$MAX_USERS" --overwrite > "$wlog" 2>&1
./run_hpt_parallel.sh: line 111: 147852 Killed                  nohup python scripts/run_hyperparameter_tuning.py --config "$cfg" --arm d --threshold "$pos" --neg_threshold "$neg" --n_trials "$n_trials" --max_users "$MAX_USERS" --overwrite > "$wlog" 2>&1
./run_hpt_parallel.sh: line 111: 147853 Killed                  nohup python scripts/run_hyperparameter_tuning.py --config "$cfg" --arm d --threshold "$pos" --neg_threshold "$neg" --n_trials "$n_trials" --max_users "$MAX_USERS" --overwrite > "$wlog" 2>&1
./run_hpt_parallel.sh: line 111: 147854 Killed                  nohup python scripts/run_hyperparameter_tuning.py --config "$cfg" --arm d --threshold "$pos" --neg_threshold "$neg" --n_trials "$n_trials" --max_users "$MAX_USERS" --overwrite > "$wlog" 2>&1
./run_hpt_parallel.sh: line 111: 147856 Killed                  nohup python scripts/run_hyperparameter_tuning.py --config "$cfg" --arm d --threshold "$pos" --neg_threshold "$neg" --n_trials "$n_trials" --max_users "$MAX_USERS" --overwrite > "$wlog" 2>&1
./run_hpt_parallel.sh: line 111: 147858 Killed                  nohup python scripts/run_hyperparameter_tuning.py --config "$cfg" --arm d --threshold "$pos" --neg_threshold "$neg" --n_trials "$n_trials" --max_users "$MAX_USERS" --overwrite > "$wlog" 2>&1
./run_hpt_parallel.sh: line 111: 147859 Killed                  nohup python scripts/run_hyperparameter_tuning.py --config "$cfg" --arm d --threshold "$pos" --neg_threshold "$neg" --n_trials "$n_trials" --max_users "$MAX_USERS" --overwrite > "$wlog" 2>&1
./run_hpt_parallel.sh: line 111: 147861 Killed                  nohup python scripts/run_hyperparameter_tuning.py --config "$cfg" --arm d --threshold "$pos" --neg_threshold "$neg" --n_trials "$n_trials" --max_users "$MAX_USERS" --overwrite > "$wlog" 2>&1
./run_hpt_parallel.sh: line 111: 147863 Killed                  nohup python scripts/run_hyperparameter_tuning.py --config "$cfg" --arm d --threshold "$pos" --neg_threshold "$neg" --n_trials "$n_trials" --max_users "$MAX_USERS" --overwrite > "$wlog" 2>&1
./run_hpt_parallel.sh: line 111: 147866 Killed                  nohup python scripts/run_hyperparameter_tuning.py --config "$cfg" --arm d --threshold "$pos" --neg_threshold "$neg" --n_trials "$n_trials" --max_users "$MAX_USERS" --overwrite > "$wlog" 2>&1
./run_hpt_parallel.sh: line 111: 147867 Killed                  nohup python scripts/run_hyperparameter_tuning.py --config "$cfg" --arm d --threshold "$pos" --neg_threshold "$neg" --n_trials "$n_trials" --max_users "$MAX_USERS" --overwrite > "$wlog" 2>&1
./run_hpt_parallel.sh: line 111: 147868 Killed                  nohup python scripts/run_hyperparameter_tuning.py --config "$cfg" --arm d --threshold "$pos" --neg_threshold "$neg" --n_trials "$n_trials" --max_users "$MAX_USERS" --overwrite > "$wlog" 2>&1
./run_hpt_parallel.sh: line 111: 147869 Killed                  nohup python scripts/run_hyperparameter_tuning.py --config "$cfg" --arm d --threshold "$pos" --neg_threshold "$neg" --n_trials "$n_trials" --max_users "$MAX_USERS" --overwrite > "$wlog" 2>&1
./run_hpt_parallel.sh: line 111: 147871 Killed                  nohup python scripts/run_hyperparameter_tuning.py --config "$cfg" --arm d --threshold "$pos" --neg_threshold "$neg" --n_trials "$n_trials" --max_users "$MAX_USERS" --overwrite > "$wlog" 2>&1
./run_hpt_parallel.sh: line 111: 147872 Killed                  nohup python scripts/run_hyperparameter_tuning.py --config "$cfg" --arm d --threshold "$pos" --neg_threshold "$neg" --n_trials "$n_trials" --max_users "$MAX_USERS" --overwrite > "$wlog" 2>&1
./run_hpt_parallel.sh: line 111: 147873 Killed                  nohup python scripts/run_hyperparameter_tuning.py --config "$cfg" --arm d --threshold "$pos" --neg_threshold "$neg" --n_trials "$n_trials" --max_users "$MAX_USERS" --overwrite > "$wlog" 2>&1
./run_hpt_parallel.sh: line 111: 147874 Killed                  nohup python scripts/run_hyperparameter_tuning.py --config "$cfg" --arm d --threshold "$pos" --neg_threshold "$neg" --n_trials "$n_trials" --max_users "$MAX_USERS" --overwrite > "$wlog" 2>&1
./run_hpt_parallel.sh: line 111: 147876 Killed                  nohup python scripts/run_hyperparameter_tuning.py --config "$cfg" --arm d --threshold "$pos" --neg_threshold "$neg" --n_trials "$n_trials" --max_users "$MAX_USERS" --overwrite > "$wlog" 2>&1
./run_hpt_parallel.sh: line 111: 147877 Killed                  nohup python scripts/run_hyperparameter_tuning.py --config "$cfg" --arm d --threshold "$pos" --neg_threshold "$neg" --n_trials "$n_trials" --max_users "$MAX_USERS" --overwrite > "$wlog" 2>&1
./run_hpt_parallel.sh: line 111: 147885 Killed                  nohup python scripts/run_hyperparameter_tuning.py --config "$cfg" --arm d --threshold "$pos" --neg_threshold "$neg" --n_trials "$n_trials" --max_users "$MAX_USERS" --overwrite > "$wlog" 2>&1
./run_hpt_parallel.sh: line 111: 147886 Killed                  nohup python scripts/run_hyperparameter_tuning.py --config "$cfg" --arm d --threshold "$pos" --neg_threshold "$neg" --n_trials "$n_trials" --max_users "$MAX_USERS" --overwrite > "$wlog" 2>&1
./run_hpt_parallel.sh: line 111: 147887 Killed                  nohup python scripts/run_hyperparameter_tuning.py --config "$cfg" --arm d --threshold "$pos" --neg_threshold "$neg" --n_trials "$n_trials" --max_users "$MAX_USERS" --overwrite > "$wlog" 2>&1
./run_hpt_parallel.sh: line 111: 147888 Killed                  nohup python scripts/run_hyperparameter_tuning.py --config "$cfg" --arm d --threshold "$pos" --neg_threshold "$neg" --n_trials "$n_trials" --max_users "$MAX_USERS" --overwrite > "$wlog" 2>&1
./run_hpt_parallel.sh: line 111: 147889 Killed                  nohup python scripts/run_hyperparameter_tuning.py --config "$cfg" --arm d --threshold "$pos" --neg_threshold "$neg" --n_trials "$n_trials" --max_users "$MAX_USERS" --overwrite > "$wlog" 2>&1
./run_hpt_parallel.sh: line 111: 147891 Killed                  nohup python scripts/run_hyperparameter_tuning.py --config "$cfg" --arm d --threshold "$pos" --neg_threshold "$neg" --n_trials "$n_trials" --max_users "$MAX_USERS" --overwrite > "$wlog" 2>&1
./run_hpt_parallel.sh: line 111: 147892 Killed                  nohup python scripts/run_hyperparameter_tuning.py --config "$cfg" --arm d --threshold "$pos" --neg_threshold "$neg" --n_trials "$n_trials" --max_users "$MAX_USERS" --overwrite > "$wlog" 2>&1
./run_hpt_parallel.sh: line 111: 147894 Killed                  nohup python scripts/run_hyperparameter_tuning.py --config "$cfg" --arm d --threshold "$pos" --neg_threshold "$neg" --n_trials "$n_trials" --max_users "$MAX_USERS" --overwrite > "$wlog" 2>&1
./run_hpt_parallel.sh: line 111: 147896 Killed                  nohup python scripts/run_hyperparameter_tuning.py --config "$cfg" --arm d --threshold "$pos" --neg_threshold "$neg" --n_trials "$n_trials" --max_users "$MAX_USERS" --overwrite > "$wlog" 2>&1
./run_hpt_parallel.sh: line 111: 147899 Killed                  nohup python scripts/run_hyperparameter_tuning.py --config "$cfg" --arm d --threshold "$pos" --neg_threshold "$neg" --n_trials "$n_trials" --max_users "$MAX_USERS" --overwrite > "$wlog" 2>&1
./run_hpt_parallel.sh: line 111: 147901 Killed                  nohup python scripts/run_hyperparameter_tuning.py --config "$cfg" --arm d --threshold "$pos" --neg_threshold "$neg" --n_trials "$n_trials" --max_users "$MAX_USERS" --overwrite > "$wlog" 2>&1
./run_hpt_parallel.sh: line 111: 147902 Killed                  nohup python scripts/run_hyperparameter_tuning.py --config "$cfg" --arm d --threshold "$pos" --neg_threshold "$neg" --n_trials "$n_trials" --max_users "$MAX_USERS" --overwrite > "$wlog" 2>&1
./run_hpt_parallel.sh: line 111: 147904 Killed                  nohup python scripts/run_hyperparameter_tuning.py --config "$cfg" --arm d --threshold "$pos" --neg_threshold "$neg" --n_trials "$n_trials" --max_users "$MAX_USERS" --overwrite > "$wlog" 2>&1
./run_hpt_parallel.sh: line 111: 147908 Killed                  nohup python scripts/run_hyperparameter_tuning.py --config "$cfg" --arm d --threshold "$pos" --neg_threshold "$neg" --n_trials "$n_trials" --max_users "$MAX_USERS" --overwrite > "$wlog" 2>&1
./run_hpt_parallel.sh: line 111: 147909 Killed                  nohup python scripts/run_hyperparameter_tuning.py --config "$cfg" --arm d --threshold "$pos" --neg_threshold "$neg" --n_trials "$n_trials" --max_users "$MAX_USERS" --overwrite > "$wlog" 2>&1
./run_hpt_parallel.sh: line 111: 147911 Killed                  nohup python scripts/run_hyperparameter_tuning.py --config "$cfg" --arm d --threshold "$pos" --neg_threshold "$neg" --n_trials "$n_trials" --max_users "$MAX_USERS" --overwrite > "$wlog" 2>&1
./run_hpt_parallel.sh: line 111: 147912 Killed                  nohup python scripts/run_hyperparameter_tuning.py --config "$cfg" --arm d --threshold "$pos" --neg_threshold "$neg" --n_trials "$n_trials" --max_users "$MAX_USERS" --overwrite > "$wlog" 2>&1
./run_hpt_parallel.sh: line 111: 147914 Killed                  nohup python scripts/run_hyperparameter_tuning.py --config "$cfg" --arm d --threshold "$pos" --neg_threshold "$neg" --n_trials "$n_trials" --max_users "$MAX_USERS" --overwrite > "$wlog" 2>&1
./run_hpt_parallel.sh: line 111: 147918 Killed                  nohup python scripts/run_hyperparameter_tuning.py --config "$cfg" --arm d --threshold "$pos" --neg_threshold "$neg" --n_trials "$n_trials" --max_users "$MAX_USERS" --overwrite > "$wlog" 2>&1
./run_hpt_parallel.sh: line 111: 147920 Killed                  nohup python scripts/run_hyperparameter_tuning.py --config "$cfg" --arm d --threshold "$pos" --neg_threshold "$neg" --n_trials "$n_trials" --max_users "$MAX_USERS" --overwrite > "$wlog" 2>&1
./run_hpt_parallel.sh: line 111: 147924 Killed                  nohup python scripts/run_hyperparameter_tuning.py --config "$cfg" --arm d --threshold "$pos" --neg_threshold "$neg" --n_trials "$n_trials" --max_users "$MAX_USERS" --overwrite > "$wlog" 2>&1
./run_hpt_parallel.sh: line 111: 147927 Killed                  nohup python scripts/run_hyperparameter_tuning.py --config "$cfg" --arm d --threshold "$pos" --neg_threshold "$neg" --n_trials "$n_trials" --max_users "$MAX_USERS" --overwrite > "$wlog" 2>&1
./run_hpt_parallel.sh: line 111: 147928 Killed                  nohup python scripts/run_hyperparameter_tuning.py --config "$cfg" --arm d --threshold "$pos" --neg_threshold "$neg" --n_trials "$n_trials" --max_users "$MAX_USERS" --overwrite > "$wlog" 2>&1
./run_hpt_parallel.sh: line 111: 147930 Killed                  nohup python scripts/run_hyperparameter_tuning.py --config "$cfg" --arm d --threshold "$pos" --neg_threshold "$neg" --n_trials "$n_trials" --max_users "$MAX_USERS" --overwrite > "$wlog" 2>&1
./run_hpt_parallel.sh: line 111: 147931 Killed                  nohup python scripts/run_hyperparameter_tuning.py --config "$cfg" --arm d --threshold "$pos" --neg_threshold "$neg" --n_trials "$n_trials" --max_users "$MAX_USERS" --overwrite > "$wlog" 2>&1
./run_hpt_parallel.sh: line 111: 147933 Killed                  nohup python scripts/run_hyperparameter_tuning.py --config "$cfg" --arm d --threshold "$pos" --neg_threshold "$neg" --n_trials "$n_trials" --max_users "$MAX_USERS" --overwrite > "$wlog" 2>&1
./run_hpt_parallel.sh: line 111: 147937 Killed                  nohup python scripts/run_hyperparameter_tuning.py --config "$cfg" --arm d --threshold "$pos" --neg_threshold "$neg" --n_trials "$n_trials" --max_users "$MAX_USERS" --overwrite > "$wlog" 2>&1
./run_hpt_parallel.sh: line 111: 147938 Killed                  nohup python scripts/run_hyperparameter_tuning.py --config "$cfg" --arm d --threshold "$pos" --neg_threshold "$neg" --n_trials "$n_trials" --max_users "$MAX_USERS" --overwrite > "$wlog" 2>&1
./run_hpt_parallel.sh: line 111: 147939 Killed                  nohup python scripts/run_hyperparameter_tuning.py --config "$cfg" --arm d --threshold "$pos" --neg_threshold "$neg" --n_trials "$n_trials" --max_users "$MAX_USERS" --overwrite > "$wlog" 2>&1
./run_hpt_parallel.sh: line 111: 147940 Killed                  nohup python scripts/run_hyperparameter_tuning.py --config "$cfg" --arm d --threshold "$pos" --neg_threshold "$neg" --n_trials "$n_trials" --max_users "$MAX_USERS" --overwrite > "$wlog" 2>&1
./run_hpt_parallel.sh: line 111: 147944 Killed                  nohup python scripts/run_hyperparameter_tuning.py --config "$cfg" --arm d --threshold "$pos" --neg_threshold "$neg" --n_trials "$n_trials" --max_users "$MAX_USERS" --overwrite > "$wlog" 2>&1
./run_hpt_parallel.sh: line 111: 147945 Killed                  nohup python scripts/run_hyperparameter_tuning.py --config "$cfg" --arm d --threshold "$pos" --neg_threshold "$neg" --n_trials "$n_trials" --max_users "$MAX_USERS" --overwrite > "$wlog" 2>&1
./run_hpt_parallel.sh: line 111: 147946 Killed                  nohup python scripts/run_hyperparameter_tuning.py --config "$cfg" --arm d --threshold "$pos" --neg_threshold "$neg" --n_trials "$n_trials" --max_users "$MAX_USERS" --overwrite > "$wlog" 2>&1
./run_hpt_parallel.sh: line 111: 147947 Killed                  nohup python scripts/run_hyperparameter_tuning.py --config "$cfg" --arm d --threshold "$pos" --neg_threshold "$neg" --n_trials "$n_trials" --max_users "$MAX_USERS" --overwrite > "$wlog" 2>&1
./run_hpt_parallel.sh: line 111: 147948 Killed                  nohup python scripts/run_hyperparameter_tuning.py --config "$cfg" --arm d --threshold "$pos" --neg_threshold "$neg" --n_trials "$n_trials" --max_users "$MAX_USERS" --overwrite > "$wlog" 2>&1
./run_hpt_parallel.sh: line 111: 147950 Killed                  nohup python scripts/run_hyperparameter_tuning.py --config "$cfg" --arm d --threshold "$pos" --neg_threshold "$neg" --n_trials "$n_trials" --max_users "$MAX_USERS" --overwrite > "$wlog" 2>&1
./run_hpt_parallel.sh: line 111: 147951 Killed                  nohup python scripts/run_hyperparameter_tuning.py --config "$cfg" --arm d --threshold "$pos" --neg_threshold "$neg" --n_trials "$n_trials" --max_users "$MAX_USERS" --overwrite > "$wlog" 2>&1
./run_hpt_parallel.sh: line 111: 147952 Killed                  nohup python scripts/run_hyperparameter_tuning.py --config "$cfg" --arm d --threshold "$pos" --neg_threshold "$neg" --n_trials "$n_trials" --max_users "$MAX_USERS" --overwrite > "$wlog" 2>&1
./run_hpt_parallel.sh: line 111: 147953 Killed                  nohup python scripts/run_hyperparameter_tuning.py --config "$cfg" --arm d --threshold "$pos" --neg_threshold "$neg" --n_trials "$n_trials" --max_users "$MAX_USERS" --overwrite > "$wlog" 2>&1
./run_hpt_parallel.sh: line 111: 147954 Killed                  nohup python scripts/run_hyperparameter_tuning.py --config "$cfg" --arm d --threshold "$pos" --neg_threshold "$neg" --n_trials "$n_trials" --max_users "$MAX_USERS" --overwrite > "$wlog" 2>&1
./run_hpt_parallel.sh: line 111: 147955 Killed                  nohup python scripts/run_hyperparameter_tuning.py --config "$cfg" --arm d --threshold "$pos" --neg_threshold "$neg" --n_trials "$n_trials" --max_users "$MAX_USERS" --overwrite > "$wlog" 2>&1
./run_hpt_parallel.sh: line 111: 147956 Killed                  nohup python scripts/run_hyperparameter_tuning.py --config "$cfg" --arm d --threshold "$pos" --neg_threshold "$neg" --n_trials "$n_trials" --max_users "$MAX_USERS" --overwrite > "$wlog" 2>&1
./run_hpt_parallel.sh: line 111: 147960 Killed                  nohup python scripts/run_hyperparameter_tuning.py --config "$cfg" --arm d --threshold "$pos" --neg_threshold "$neg" --n_trials "$n_trials" --max_users "$MAX_USERS" --overwrite > "$wlog" 2>&1
./run_hpt_parallel.sh: line 111: 147961 Killed                  nohup python scripts/run_hyperparameter_tuning.py --config "$cfg" --arm d --threshold "$pos" --neg_threshold "$neg" --n_trials "$n_trials" --max_users "$MAX_USERS" --overwrite > "$wlog" 2>&1
./run_hpt_parallel.sh: line 111: 147963 Killed                  nohup python scripts/run_hyperparameter_tuning.py --config "$cfg" --arm d --threshold "$pos" --neg_threshold "$neg" --n_trials "$n_trials" --max_users "$MAX_USERS" --overwrite > "$wlog" 2>&1
./run_hpt_parallel.sh: line 111: 147966 Killed                  nohup python scripts/run_hyperparameter_tuning.py --config "$cfg" --arm d --threshold "$pos" --neg_threshold "$neg" --n_trials "$n_trials" --max_users "$MAX_USERS" --overwrite > "$wlog" 2>&1
./run_hpt_parallel.sh: line 111: 147967 Killed                  nohup python scripts/run_hyperparameter_tuning.py --config "$cfg" --arm d --threshold "$pos" --neg_threshold "$neg" --n_trials "$n_trials" --max_users "$MAX_USERS" --overwrite > "$wlog" 2>&1
./run_hpt_parallel.sh: line 111: 147969 Killed                  nohup python scripts/run_hyperparameter_tuning.py --config "$cfg" --arm d --threshold "$pos" --neg_threshold "$neg" --n_trials "$n_trials" --max_users "$MAX_USERS" --overwrite > "$wlog" 2>&1
./run_hpt_parallel.sh: line 111: 147971 Killed                  nohup python scripts/run_hyperparameter_tuning.py --config "$cfg" --arm d --threshold "$pos" --neg_threshold "$neg" --n_trials "$n_trials" --max_users "$MAX_USERS" --overwrite > "$wlog" 2>&1
./run_hpt_parallel.sh: line 111: 147972 Killed                  nohup python scripts/run_hyperparameter_tuning.py --config "$cfg" --arm d --threshold "$pos" --neg_threshold "$neg" --n_trials "$n_trials" --max_users "$MAX_USERS" --overwrite > "$wlog" 2>&1
./run_hpt_parallel.sh: line 111: 147974 Killed                  nohup python scripts/run_hyperparameter_tuning.py --config "$cfg" --arm d --threshold "$pos" --neg_threshold "$neg" --n_trials "$n_trials" --max_users "$MAX_USERS" --overwrite > "$wlog" 2>&1
./run_hpt_parallel.sh: line 111: 147975 Killed                  nohup python scripts/run_hyperparameter_tuning.py --config "$cfg" --arm d --threshold "$pos" --neg_threshold "$neg" --n_trials "$n_trials" --max_users "$MAX_USERS" --overwrite > "$wlog" 2>&1
./run_hpt_parallel.sh: line 111: 147976 Killed                  nohup python scripts/run_hyperparameter_tuning.py --config "$cfg" --arm d --threshold "$pos" --neg_threshold "$neg" --n_trials "$n_trials" --max_users "$MAX_USERS" --overwrite > "$wlog" 2>&1
./run_hpt_parallel.sh: line 111: 147977 Killed                  nohup python scripts/run_hyperparameter_tuning.py --config "$cfg" --arm d --threshold "$pos" --neg_threshold "$neg" --n_trials "$n_trials" --max_users "$MAX_USERS" --overwrite > "$wlog" 2>&1
./run_hpt_parallel.sh: line 111: 147978 Killed                  nohup python scripts/run_hyperparameter_tuning.py --config "$cfg" --arm d --threshold "$pos" --neg_threshold "$neg" --n_trials "$n_trials" --max_users "$MAX_USERS" --overwrite > "$wlog" 2>&1
./run_hpt_parallel.sh: line 111: 147979 Killed                  nohup python scripts/run_hyperparameter_tuning.py --config "$cfg" --arm d --threshold "$pos" --neg_threshold "$neg" --n_trials "$n_trials" --max_users "$MAX_USERS" --overwrite > "$wlog" 2>&1
./run_hpt_parallel.sh: line 111: 147980 Killed                  nohup python scripts/run_hyperparameter_tuning.py --config "$cfg" --arm d --threshold "$pos" --neg_threshold "$neg" --n_trials "$n_trials" --max_users "$MAX_USERS" --overwrite > "$wlog" 2>&1
./run_hpt_parallel.sh: line 111: 147982 Killed                  nohup python scripts/run_hyperparameter_tuning.py --config "$cfg" --arm d --threshold "$pos" --neg_threshold "$neg" --n_trials "$n_trials" --max_users "$MAX_USERS" --overwrite > "$wlog" 2>&1
./run_hpt_parallel.sh: line 111: 147983 Killed                  nohup python scripts/run_hyperparameter_tuning.py --config "$cfg" --arm d --threshold "$pos" --neg_threshold "$neg" --n_trials "$n_trials" --max_users "$MAX_USERS" --overwrite > "$wlog" 2>&1
./run_hpt_parallel.sh: line 111: 147984 Killed                  nohup python scripts/run_hyperparameter_tuning.py --config "$cfg" --arm d --threshold "$pos" --neg_threshold "$neg" --n_trials "$n_trials" --max_users "$MAX_USERS" --overwrite > "$wlog" 2>&1
./run_hpt_parallel.sh: line 111: 147986 Killed                  nohup python scripts/run_hyperparameter_tuning.py --config "$cfg" --arm d --threshold "$pos" --neg_threshold "$neg" --n_trials "$n_trials" --max_users "$MAX_USERS" --overwrite > "$wlog" 2>&1
./run_hpt_parallel.sh: line 111: 147988 Killed                  nohup python scripts/run_hyperparameter_tuning.py --config "$cfg" --arm d --threshold "$pos" --neg_threshold "$neg" --n_trials "$n_trials" --max_users "$MAX_USERS" --overwrite > "$wlog" 2>&1
./run_hpt_parallel.sh: line 111: 147989 Killed                  nohup python scripts/run_hyperparameter_tuning.py --config "$cfg" --arm d --threshold "$pos" --neg_threshold "$neg" --n_trials "$n_trials" --max_users "$MAX_USERS" --overwrite > "$wlog" 2>&1
./run_hpt_parallel.sh: line 111: 147990 Killed                  nohup python scripts/run_hyperparameter_tuning.py --config "$cfg" --arm d --threshold "$pos" --neg_threshold "$neg" --n_trials "$n_trials" --max_users "$MAX_USERS" --overwrite > "$wlog" 2>&1
./run_hpt_parallel.sh: line 111: 147992 Killed                  nohup python scripts/run_hyperparameter_tuning.py --config "$cfg" --arm d --threshold "$pos" --neg_threshold "$neg" --n_trials "$n_trials" --max_users "$MAX_USERS" --overwrite > "$wlog" 2>&1
./run_hpt_parallel.sh: line 111: 147993 Killed                  nohup python scripts/run_hyperparameter_tuning.py --config "$cfg" --arm d --threshold "$pos" --neg_threshold "$neg" --n_trials "$n_trials" --max_users "$MAX_USERS" --overwrite > "$wlog" 2>&1
./run_hpt_parallel.sh: line 111: 147994 Killed                  nohup python scripts/run_hyperparameter_tuning.py --config "$cfg" --arm d --threshold "$pos" --neg_threshold "$neg" --n_trials "$n_trials" --max_users "$MAX_USERS" --overwrite > "$wlog" 2>&1
./run_hpt_parallel.sh: line 111: 147996 Killed                  nohup python scripts/run_hyperparameter_tuning.py --config "$cfg" --arm d --threshold "$pos" --neg_threshold "$neg" --n_trials "$n_trials" --max_users "$MAX_USERS" --overwrite > "$wlog" 2>&1
./run_hpt_parallel.sh: line 111: 147997 Killed                  nohup python scripts/run_hyperparameter_tuning.py --config "$cfg" --arm d --threshold "$pos" --neg_threshold "$neg" --n_trials "$n_trials" --max_users "$MAX_USERS" --overwrite > "$wlog" 2>&1
./run_hpt_parallel.sh: line 111: 147999 Killed                  nohup python scripts/run_hyperparameter_tuning.py --config "$cfg" --arm d --threshold "$pos" --neg_threshold "$neg" --n_trials "$n_trials" --max_users "$MAX_USERS" --overwrite > "$wlog" 2>&1
./run_hpt_parallel.sh: line 111: 148000 Killed                  nohup python scripts/run_hyperparameter_tuning.py --config "$cfg" --arm d --threshold "$pos" --neg_threshold "$neg" --n_trials "$n_trials" --max_users "$MAX_USERS" --overwrite > "$wlog" 2>&1
./run_hpt_parallel.sh: line 111: 148003 Killed                  nohup python scripts/run_hyperparameter_tuning.py --config "$cfg" --arm d --threshold "$pos" --neg_threshold "$neg" --n_trials "$n_trials" --max_users "$MAX_USERS" --overwrite > "$wlog" 2>&1
./run_hpt_parallel.sh: line 111: 148004 Killed                  nohup python scripts/run_hyperparameter_tuning.py --config "$cfg" --arm d --threshold "$pos" --neg_threshold "$neg" --n_trials "$n_trials" --max_users "$MAX_USERS" --overwrite > "$wlog" 2>&1
./run_hpt_parallel.sh: line 111: 147809 Killed                  nohup python scripts/run_hyperparameter_tuning.py --config "$cfg" --arm d --threshold "$pos" --neg_threshold "$neg" --n_trials "$n_trials" --max_users "$MAX_USERS" --overwrite > "$wlog" 2>&1
./run_hpt_parallel.sh: line 111: 147812 Killed                  nohup python scripts/run_hyperparameter_tuning.py --config "$cfg" --arm d --threshold "$pos" --neg_threshold "$neg" --n_trials "$n_trials" --max_users "$MAX_USERS" --overwrite > "$wlog" 2>&1
./run_hpt_parallel.sh: line 111: 147813 Killed                  nohup python scripts/run_hyperparameter_tuning.py --config "$cfg" --arm d --threshold "$pos" --neg_threshold "$neg" --n_trials "$n_trials" --max_users "$MAX_USERS" --overwrite > "$wlog" 2>&1
./run_hpt_parallel.sh: line 111: 147838 Killed                  nohup python scripts/run_hyperparameter_tuning.py --config "$cfg" --arm d --threshold "$pos" --neg_threshold "$neg" --n_trials "$n_trials" --max_users "$MAX_USERS" --overwrite > "$wlog" 2>&1
./run_hpt_parallel.sh: line 111: 147855 Killed                  nohup python scripts/run_hyperparameter_tuning.py --config "$cfg" --arm d --threshold "$pos" --neg_threshold "$neg" --n_trials "$n_trials" --max_users "$MAX_USERS" --overwrite > "$wlog" 2>&1
./run_hpt_parallel.sh: line 111: 147864 Killed                  nohup python scripts/run_hyperparameter_tuning.py --config "$cfg" --arm d --threshold "$pos" --neg_threshold "$neg" --n_trials "$n_trials" --max_users "$MAX_USERS" --overwrite > "$wlog" 2>&1
./run_hpt_parallel.sh: line 111: 147878 Killed                  nohup python scripts/run_hyperparameter_tuning.py --config "$cfg" --arm d --threshold "$pos" --neg_threshold "$neg" --n_trials "$n_trials" --max_users "$MAX_USERS" --overwrite > "$wlog" 2>&1
./run_hpt_parallel.sh: line 111: 147880 Killed                  nohup python scripts/run_hyperparameter_tuning.py --config "$cfg" --arm d --threshold "$pos" --neg_threshold "$neg" --n_trials "$n_trials" --max_users "$MAX_USERS" --overwrite > "$wlog" 2>&1
./run_hpt_parallel.sh: line 111: 147895 Killed                  nohup python scripts/run_hyperparameter_tuning.py --config "$cfg" --arm d --threshold "$pos" --neg_threshold "$neg" --n_trials "$n_trials" --max_users "$MAX_USERS" --overwrite > "$wlog" 2>&1
./run_hpt_parallel.sh: line 111: 147923 Killed                  nohup python scripts/run_hyperparameter_tuning.py --config "$cfg" --arm d --threshold "$pos" --neg_threshold "$neg" --n_trials "$n_trials" --max_users "$MAX_USERS" --overwrite > "$wlog" 2>&1
./run_hpt_parallel.sh: line 111: 147925 Killed                  nohup python scripts/run_hyperparameter_tuning.py --config "$cfg" --arm d --threshold "$pos" --neg_threshold "$neg" --n_trials "$n_trials" --max_users "$MAX_USERS" --overwrite > "$wlog" 2>&1
./run_hpt_parallel.sh: line 111: 147943 Killed                  nohup python scripts/run_hyperparameter_tuning.py --config "$cfg" --arm d --threshold "$pos" --neg_threshold "$neg" --n_trials "$n_trials" --max_users "$MAX_USERS" --overwrite > "$wlog" 2>&1
./run_hpt_parallel.sh: line 111: 147949 Killed                  nohup python scripts/run_hyperparameter_tuning.py --config "$cfg" --arm d --threshold "$pos" --neg_threshold "$neg" --n_trials "$n_trials" --max_users "$MAX_USERS" --overwrite > "$wlog" 2>&1
./run_hpt_parallel.sh: line 111: 147957 Killed                  nohup python scripts/run_hyperparameter_tuning.py --config "$cfg" --arm d --threshold "$pos" --neg_threshold "$neg" --n_trials "$n_trials" --max_users "$MAX_USERS" --overwrite > "$wlog" 2>&1
./run_hpt_parallel.sh: line 111: 147962 Killed                  nohup python scripts/run_hyperparameter_tuning.py --config "$cfg" --arm d --threshold "$pos" --neg_threshold "$neg" --n_trials "$n_trials" --max_users "$MAX_USERS" --overwrite > "$wlog" 2>&1
./run_hpt_parallel.sh: line 111: 147965 Killed                  nohup python scripts/run_hyperparameter_tuning.py --config "$cfg" --arm d --threshold "$pos" --neg_threshold "$neg" --n_trials "$n_trials" --max_users "$MAX_USERS" --overwrite > "$wlog" 2>&1
./run_hpt_parallel.sh: line 111: 147973 Killed                  nohup python scripts/run_hyperparameter_tuning.py --config "$cfg" --arm d --threshold "$pos" --neg_threshold "$neg" --n_trials "$n_trials" --max_users "$MAX_USERS" --overwrite > "$wlog" 2>&1
./run_hpt_parallel.sh: line 111: 148001 Killed                  nohup python scripts/run_hyperparameter_tuning.py --config "$cfg" --arm d --threshold "$pos" --neg_threshold "$neg" --n_trials "$n_trials" --max_users "$MAX_USERS" --overwrite > "$wlog" 2>&1
./run_hpt_parallel.sh: line 111: 147810 Killed                  nohup python scripts/run_hyperparameter_tuning.py --config "$cfg" --arm d --threshold "$pos" --neg_threshold "$neg" --n_trials "$n_trials" --max_users "$MAX_USERS" --overwrite > "$wlog" 2>&1
./run_hpt_parallel.sh: line 111: 147824 Killed                  nohup python scripts/run_hyperparameter_tuning.py --config "$cfg" --arm d --threshold "$pos" --neg_threshold "$neg" --n_trials "$n_trials" --max_users "$MAX_USERS" --overwrite > "$wlog" 2>&1
./run_hpt_parallel.sh: line 111: 147839 Killed                  nohup python scripts/run_hyperparameter_tuning.py --config "$cfg" --arm d --threshold "$pos" --neg_threshold "$neg" --n_trials "$n_trials" --max_users "$MAX_USERS" --overwrite > "$wlog" 2>&1
./run_hpt_parallel.sh: line 111: 147841 Killed                  nohup python scripts/run_hyperparameter_tuning.py --config "$cfg" --arm d --threshold "$pos" --neg_threshold "$neg" --n_trials "$n_trials" --max_users "$MAX_USERS" --overwrite > "$wlog" 2>&1
./run_hpt_parallel.sh: line 111: 147842 Killed                  nohup python scripts/run_hyperparameter_tuning.py --config "$cfg" --arm d --threshold "$pos" --neg_threshold "$neg" --n_trials "$n_trials" --max_users "$MAX_USERS" --overwrite > "$wlog" 2>&1
./run_hpt_parallel.sh: line 111: 147860 Killed                  nohup python scripts/run_hyperparameter_tuning.py --config "$cfg" --arm d --threshold "$pos" --neg_threshold "$neg" --n_trials "$n_trials" --max_users "$MAX_USERS" --overwrite > "$wlog" 2>&1
./run_hpt_parallel.sh: line 111: 147862 Killed                  nohup python scripts/run_hyperparameter_tuning.py --config "$cfg" --arm d --threshold "$pos" --neg_threshold "$neg" --n_trials "$n_trials" --max_users "$MAX_USERS" --overwrite > "$wlog" 2>&1
./run_hpt_parallel.sh: line 111: 147865 Killed                  nohup python scripts/run_hyperparameter_tuning.py --config "$cfg" --arm d --threshold "$pos" --neg_threshold "$neg" --n_trials "$n_trials" --max_users "$MAX_USERS" --overwrite > "$wlog" 2>&1
./run_hpt_parallel.sh: line 111: 147870 Killed                  nohup python scripts/run_hyperparameter_tuning.py --config "$cfg" --arm d --threshold "$pos" --neg_threshold "$neg" --n_trials "$n_trials" --max_users "$MAX_USERS" --overwrite > "$wlog" 2>&1
./run_hpt_parallel.sh: line 111: 147875 Killed                  nohup python scripts/run_hyperparameter_tuning.py --config "$cfg" --arm d --threshold "$pos" --neg_threshold "$neg" --n_trials "$n_trials" --max_users "$MAX_USERS" --overwrite > "$wlog" 2>&1
./run_hpt_parallel.sh: line 111: 147881 Killed                  nohup python scripts/run_hyperparameter_tuning.py --config "$cfg" --arm d --threshold "$pos" --neg_threshold "$neg" --n_trials "$n_trials" --max_users "$MAX_USERS" --overwrite > "$wlog" 2>&1
./run_hpt_parallel.sh: line 111: 147883 Killed                  nohup python scripts/run_hyperparameter_tuning.py --config "$cfg" --arm d --threshold "$pos" --neg_threshold "$neg" --n_trials "$n_trials" --max_users "$MAX_USERS" --overwrite > "$wlog" 2>&1
./run_hpt_parallel.sh: line 111: 147890 Killed                  nohup python scripts/run_hyperparameter_tuning.py --config "$cfg" --arm d --threshold "$pos" --neg_threshold "$neg" --n_trials "$n_trials" --max_users "$MAX_USERS" --overwrite > "$wlog" 2>&1
./run_hpt_parallel.sh: line 111: 147893 Killed                  nohup python scripts/run_hyperparameter_tuning.py --config "$cfg" --arm d --threshold "$pos" --neg_threshold "$neg" --n_trials "$n_trials" --max_users "$MAX_USERS" --overwrite > "$wlog" 2>&1
./run_hpt_parallel.sh: line 111: 147897 Killed                  nohup python scripts/run_hyperparameter_tuning.py --config "$cfg" --arm d --threshold "$pos" --neg_threshold "$neg" --n_trials "$n_trials" --max_users "$MAX_USERS" --overwrite > "$wlog" 2>&1
./run_hpt_parallel.sh: line 111: 147900 Killed                  nohup python scripts/run_hyperparameter_tuning.py --config "$cfg" --arm d --threshold "$pos" --neg_threshold "$neg" --n_trials "$n_trials" --max_users "$MAX_USERS" --overwrite > "$wlog" 2>&1
./run_hpt_parallel.sh: line 111: 147905 Killed                  nohup python scripts/run_hyperparameter_tuning.py --config "$cfg" --arm d --threshold "$pos" --neg_threshold "$neg" --n_trials "$n_trials" --max_users "$MAX_USERS" --overwrite > "$wlog" 2>&1
./run_hpt_parallel.sh: line 111: 147910 Killed                  nohup python scripts/run_hyperparameter_tuning.py --config "$cfg" --arm d --threshold "$pos" --neg_threshold "$neg" --n_trials "$n_trials" --max_users "$MAX_USERS" --overwrite > "$wlog" 2>&1
./run_hpt_parallel.sh: line 111: 147917 Killed                  nohup python scripts/run_hyperparameter_tuning.py --config "$cfg" --arm d --threshold "$pos" --neg_threshold "$neg" --n_trials "$n_trials" --max_users "$MAX_USERS" --overwrite > "$wlog" 2>&1
./run_hpt_parallel.sh: line 111: 147921 Killed                  nohup python scripts/run_hyperparameter_tuning.py --config "$cfg" --arm d --threshold "$pos" --neg_threshold "$neg" --n_trials "$n_trials" --max_users "$MAX_USERS" --overwrite > "$wlog" 2>&1
./run_hpt_parallel.sh: line 111: 147926 Killed                  nohup python scripts/run_hyperparameter_tuning.py --config "$cfg" --arm d --threshold "$pos" --neg_threshold "$neg" --n_trials "$n_trials" --max_users "$MAX_USERS" --overwrite > "$wlog" 2>&1
./run_hpt_parallel.sh: line 111: 147934 Killed                  nohup python scripts/run_hyperparameter_tuning.py --config "$cfg" --arm d --threshold "$pos" --neg_threshold "$neg" --n_trials "$n_trials" --max_users "$MAX_USERS" --overwrite > "$wlog" 2>&1
./run_hpt_parallel.sh: line 111: 147935 Killed                  nohup python scripts/run_hyperparameter_tuning.py --config "$cfg" --arm d --threshold "$pos" --neg_threshold "$neg" --n_trials "$n_trials" --max_users "$MAX_USERS" --overwrite > "$wlog" 2>&1
./run_hpt_parallel.sh: line 111: 147936 Killed                  nohup python scripts/run_hyperparameter_tuning.py --config "$cfg" --arm d --threshold "$pos" --neg_threshold "$neg" --n_trials "$n_trials" --max_users "$MAX_USERS" --overwrite > "$wlog" 2>&1
./run_hpt_parallel.sh: line 111: 147941 Killed                  nohup python scripts/run_hyperparameter_tuning.py --config "$cfg" --arm d --threshold "$pos" --neg_threshold "$neg" --n_trials "$n_trials" --max_users "$MAX_USERS" --overwrite > "$wlog" 2>&1
./run_hpt_parallel.sh: line 111: 147942 Killed                  nohup python scripts/run_hyperparameter_tuning.py --config "$cfg" --arm d --threshold "$pos" --neg_threshold "$neg" --n_trials "$n_trials" --max_users "$MAX_USERS" --overwrite > "$wlog" 2>&1
./run_hpt_parallel.sh: line 111: 147964 Killed                  nohup python scripts/run_hyperparameter_tuning.py --config "$cfg" --arm d --threshold "$pos" --neg_threshold "$neg" --n_trials "$n_trials" --max_users "$MAX_USERS" --overwrite > "$wlog" 2>&1
./run_hpt_parallel.sh: line 111: 147970 Killed                  nohup python scripts/run_hyperparameter_tuning.py --config "$cfg" --arm d --threshold "$pos" --neg_threshold "$neg" --n_trials "$n_trials" --max_users "$MAX_USERS" --overwrite > "$wlog" 2>&1
./run_hpt_parallel.sh: line 111: 147981 Killed                  nohup python scripts/run_hyperparameter_tuning.py --config "$cfg" --arm d --threshold "$pos" --neg_threshold "$neg" --n_trials "$n_trials" --max_users "$MAX_USERS" --overwrite > "$wlog" 2>&1
./run_hpt_parallel.sh: line 111: 147985 Killed                  nohup python scripts/run_hyperparameter_tuning.py --config "$cfg" --arm d --threshold "$pos" --neg_threshold "$neg" --n_trials "$n_trials" --max_users "$MAX_USERS" --overwrite > "$wlog" 2>&1
./run_hpt_parallel.sh: line 111: 147998 Killed                  nohup python scripts/run_hyperparameter_tuning.py --config "$cfg" --arm d --threshold "$pos" --neg_threshold "$neg" --n_trials "$n_trials" --max_users "$MAX_USERS" --overwrite > "$wlog" 2>&1
./run_hpt_parallel.sh: line 111: 148002 Killed                  nohup python scripts/run_hyperparameter_tuning.py --config "$cfg" --arm d --threshold "$pos" --neg_threshold "$neg" --n_trials "$n_trials" --max_users "$MAX_USERS" --overwrite > "$wlog" 2>&1
./run_hpt_parallel.sh: line 111: 147821 Killed                  nohup python scripts/run_hyperparameter_tuning.py --config "$cfg" --arm d --threshold "$pos" --neg_threshold "$neg" --n_trials "$n_trials" --max_users "$MAX_USERS" --overwrite > "$wlog" 2>&1
./run_hpt_parallel.sh: line 111: 147882 Killed                  nohup python scripts/run_hyperparameter_tuning.py --config "$cfg" --arm d --threshold "$pos" --neg_threshold "$neg" --n_trials "$n_trials" --max_users "$MAX_USERS" --overwrite > "$wlog" 2>&1
./run_hpt_parallel.sh: line 111: 147898 Killed                  nohup python scripts/run_hyperparameter_tuning.py --config "$cfg" --arm d --threshold "$pos" --neg_threshold "$neg" --n_trials "$n_trials" --max_users "$MAX_USERS" --overwrite > "$wlog" 2>&1
./run_hpt_parallel.sh: line 111: 147915 Killed                  nohup python scripts/run_hyperparameter_tuning.py --config "$cfg" --arm d --threshold "$pos" --neg_threshold "$neg" --n_trials "$n_trials" --max_users "$MAX_USERS" --overwrite > "$wlog" 2>&1
./run_hpt_parallel.sh: line 111: 147922 Killed                  nohup python scripts/run_hyperparameter_tuning.py --config "$cfg" --arm d --threshold "$pos" --neg_threshold "$neg" --n_trials "$n_trials" --max_users "$MAX_USERS" --overwrite > "$wlog" 2>&1
./run_hpt_parallel.sh: line 111: 147987 Killed                  nohup python scripts/run_hyperparameter_tuning.py --config "$cfg" --arm d --threshold "$pos" --neg_threshold "$neg" --n_trials "$n_trials" --max_users "$MAX_USERS" --overwrite > "$wlog" 2>&1
./run_hpt_parallel.sh: line 111: 147991 Killed                  nohup python scripts/run_hyperparameter_tuning.py --config "$cfg" --arm d --threshold "$pos" --neg_threshold "$neg" --n_trials "$n_trials" --max_users "$MAX_USERS" --overwrite > "$wlog" 2>&1
  WARNING: one or more workers exited non-zero — check logs
  Results:
    w1: 
    w2: 
    w3: 
    w4: 
    w5: 
    w6: 
    w7: 
    w8: 
    w9: 
    w10: 
    w11: 
    w12: 
    w13: 
    w14: 
    w15: 
    w16: 
    w17: 
    w18: 
    w19: 
    w20: 
    w21: 
    w22: 
    w23: 
    w24: 
    w25: 
    w26: 
    w27: 
    w28: 
    w29: 
    w30: 
    w31: 
    w32: 
    w33: 
    w34: 
    w35: 
    w36: 
    w37: 
    w38: 
    w39: 
    w40: 
    w41: 
    w42: 
    w43: 
    w44: 
    w45: 
    w46: 
    w47: 
    w48: 
    w49: 
    w50: 
    w51: 
    w52: 
    w53: 
    w54: 
    w55: 
    w56: 
    w57: 
    w58: 
    w59: 
    w60: 
    w61: 
    w62: 
    w63: 
    w64: 
    w65: 
    w66: 
    w67: 
    w68: 
    w69: 
    w70: 
    w71: 
    w72: 
    w73: 
    w74: 
    w75: 
    w76: 
    w77: 
    w78: 
    w79: 
    w80: 
    w81: 
    w82: 
    w83: 
    w84: 
    w85: 
    w86: 
    w87: 
    w88: 
    w89: 
    w90: 
    w91: 
    w92: 
    w93: 
    w94: 
    w95: 
    w96: 
    w97: 
    w98: 
    w99: 
    w100: 
    w101: 
    w102: 
    w103: 
    w104: 
    w105: 
    w106: 
    w107: 
    w108: 
    w109: 
    w110: 
    w111: 
    w112: 
    w113: 
    w114: 
    w115: 
    w116: 
    w117: 
    w118: 
    w119: 
    w120: 
    w121: 
    w122: 
    w123: 
    w124: 
    w125: 
    w126: 
    w127: 
    w128: 
    w129: 
    w130: 
    w131: 
    w132: 
    w133: 
    w134: 
    w135: 
    w136: 
    w137: 
    w138: 
    w139: 
    w140: 
    w141: 
    w142: 
    w143: 
    w144: 
    w145: 
    w146: 
    w147: 
    w148: 
    w149: 
    w150: 
    w151: 
    w152: 
    w153: 
    w154: 
    w155: 
    w156: 
    w157: 
    w158: 
    w159: 
    w160: 
    w161: 
    w162: 
    w163: 
    w164: 
    w165: 
    w166: 
    w167: 
    w168: 
    w169: 
    w170: 
    w171: 
    w172: 
    w173: 
    w174: 
    w175: 
    w176: 
    w177: 
    w178: 
    w179: 
    w180: 
    w181: 
    w182: 
    w183: 
    w184: 
    w185: 
    w186: 
    w187: 
    w188: 
    w189: 
    w190: 
    w191: 
    w192: 
    w193: 
    w194: 
    w195: 
    w196: 
    w197: 
    w198: 
    w199: 
    w200: 

══════════════════════════════════════════════════════════════
  Launching 200 workers: movielens_10m / p4_n2
  Config: configs/movielens_10m.yaml  |  pos≥4 neg≤2
  Total target trials: 150  |  MAX_USERS: 5000
  Workers share: outputs/movielens/10m/tuning/arm_d/pos_ge_4_neg_le_2/study.db
══════════════════════════════════════════════════════════════
  [w1] PID 149015  →  logs/hpt_parallel_20260529_223822_movielens_10m_p4_n2_w1.log
  [w2] PID 149016  →  logs/hpt_parallel_20260529_223822_movielens_10m_p4_n2_w2.log
  [w3] PID 149017  →  logs/hpt_parallel_20260529_223822_movielens_10m_p4_n2_w3.log
  [w4] PID 149018  →  logs/hpt_parallel_20260529_223822_movielens_10m_p4_n2_w4.log
  [w5] PID 149019  →  logs/hpt_parallel_20260529_223822_movielens_10m_p4_n2_w5.log
  [w6] PID 149020  →  logs/hpt_parallel_20260529_223822_movielens_10m_p4_n2_w6.log
  [w7] PID 149021  →  logs/hpt_parallel_20260529_223822_movielens_10m_p4_n2_w7.log
  [w8] PID 149022  →  logs/hpt_parallel_20260529_223822_movielens_10m_p4_n2_w8.log
  [w9] PID 149023  →  logs/hpt_parallel_20260529_223822_movielens_10m_p4_n2_w9.log
  [w10] PID 149024  →  logs/hpt_parallel_20260529_223822_movielens_10m_p4_n2_w10.log
  [w11] PID 149025  →  logs/hpt_parallel_20260529_223822_movielens_10m_p4_n2_w11.log
  [w12] PID 149026  →  logs/hpt_parallel_20260529_223822_movielens_10m_p4_n2_w12.log
  [w13] PID 149027  →  logs/hpt_parallel_20260529_223822_movielens_10m_p4_n2_w13.log
  [w14] PID 149028  →  logs/hpt_parallel_20260529_223822_movielens_10m_p4_n2_w14.log
  [w15] PID 149029  →  logs/hpt_parallel_20260529_223822_movielens_10m_p4_n2_w15.log
  [w16] PID 149030  →  logs/hpt_parallel_20260529_223822_movielens_10m_p4_n2_w16.log
  [w17] PID 149031  →  logs/hpt_parallel_20260529_223822_movielens_10m_p4_n2_w17.log
  [w18] PID 149032  →  logs/hpt_parallel_20260529_223822_movielens_10m_p4_n2_w18.log
  [w19] PID 149033  →  logs/hpt_parallel_20260529_223822_movielens_10m_p4_n2_w19.log
  [w20] PID 149034  →  logs/hpt_parallel_20260529_223822_movielens_10m_p4_n2_w20.log
  [w21] PID 149036  →  logs/hpt_parallel_20260529_223822_movielens_10m_p4_n2_w21.log
  [w22] PID 149037  →  logs/hpt_parallel_20260529_223822_movielens_10m_p4_n2_w22.log
  [w23] PID 149038  →  logs/hpt_parallel_20260529_223822_movielens_10m_p4_n2_w23.log
  [w24] PID 149039  →  logs/hpt_parallel_20260529_223822_movielens_10m_p4_n2_w24.log
  [w25] PID 149040  →  logs/hpt_parallel_20260529_223822_movielens_10m_p4_n2_w25.log
  [w26] PID 149041  →  logs/hpt_parallel_20260529_223822_movielens_10m_p4_n2_w26.log
  [w27] PID 149042  →  logs/hpt_parallel_20260529_223822_movielens_10m_p4_n2_w27.log
  [w28] PID 149043  →  logs/hpt_parallel_20260529_223822_movielens_10m_p4_n2_w28.log
  [w29] PID 149044  →  logs/hpt_parallel_20260529_223822_movielens_10m_p4_n2_w29.log
  [w30] PID 149045  →  logs/hpt_parallel_20260529_223822_movielens_10m_p4_n2_w30.log
  [w31] PID 149046  →  logs/hpt_parallel_20260529_223822_movielens_10m_p4_n2_w31.log
  [w32] PID 149047  →  logs/hpt_parallel_20260529_223822_movielens_10m_p4_n2_w32.log
  [w33] PID 149048  →  logs/hpt_parallel_20260529_223822_movielens_10m_p4_n2_w33.log
  [w34] PID 149049  →  logs/hpt_parallel_20260529_223822_movielens_10m_p4_n2_w34.log
  [w35] PID 149050  →  logs/hpt_parallel_20260529_223822_movielens_10m_p4_n2_w35.log
  [w36] PID 149051  →  logs/hpt_parallel_20260529_223822_movielens_10m_p4_n2_w36.log
  [w37] PID 149052  →  logs/hpt_parallel_20260529_223822_movielens_10m_p4_n2_w37.log
  [w38] PID 149053  →  logs/hpt_parallel_20260529_223822_movielens_10m_p4_n2_w38.log
  [w39] PID 149054  →  logs/hpt_parallel_20260529_223822_movielens_10m_p4_n2_w39.log
  [w40] PID 149055  →  logs/hpt_parallel_20260529_223822_movielens_10m_p4_n2_w40.log
  [w41] PID 149056  →  logs/hpt_parallel_20260529_223822_movielens_10m_p4_n2_w41.log
  [w42] PID 149057  →  logs/hpt_parallel_20260529_223822_movielens_10m_p4_n2_w42.log
  [w43] PID 149058  →  logs/hpt_parallel_20260529_223822_movielens_10m_p4_n2_w43.log
  [w44] PID 149059  →  logs/hpt_parallel_20260529_223822_movielens_10m_p4_n2_w44.log
  [w45] PID 149060  →  logs/hpt_parallel_20260529_223822_movielens_10m_p4_n2_w45.log
  [w46] PID 149061  →  logs/hpt_parallel_20260529_223822_movielens_10m_p4_n2_w46.log
  [w47] PID 149062  →  logs/hpt_parallel_20260529_223822_movielens_10m_p4_n2_w47.log
  [w48] PID 149063  →  logs/hpt_parallel_20260529_223822_movielens_10m_p4_n2_w48.log
  [w49] PID 149064  →  logs/hpt_parallel_20260529_223822_movielens_10m_p4_n2_w49.log
  [w50] PID 149065  →  logs/hpt_parallel_20260529_223822_movielens_10m_p4_n2_w50.log
  [w51] PID 149066  →  logs/hpt_parallel_20260529_223822_movielens_10m_p4_n2_w51.log
  [w52] PID 149067  →  logs/hpt_parallel_20260529_223822_movielens_10m_p4_n2_w52.log
  [w53] PID 149068  →  logs/hpt_parallel_20260529_223822_movielens_10m_p4_n2_w53.log
  [w54] PID 149069  →  logs/hpt_parallel_20260529_223822_movielens_10m_p4_n2_w54.log
  [w55] PID 149070  →  logs/hpt_parallel_20260529_223822_movielens_10m_p4_n2_w55.log
  [w56] PID 149071  →  logs/hpt_parallel_20260529_223822_movielens_10m_p4_n2_w56.log
  [w57] PID 149072  →  logs/hpt_parallel_20260529_223822_movielens_10m_p4_n2_w57.log
  [w58] PID 149073  →  logs/hpt_parallel_20260529_223822_movielens_10m_p4_n2_w58.log
  [w59] PID 149074  →  logs/hpt_parallel_20260529_223822_movielens_10m_p4_n2_w59.log
  [w60] PID 149075  →  logs/hpt_parallel_20260529_223822_movielens_10m_p4_n2_w60.log
  [w61] PID 149076  →  logs/hpt_parallel_20260529_223822_movielens_10m_p4_n2_w61.log
  [w62] PID 149077  →  logs/hpt_parallel_20260529_223822_movielens_10m_p4_n2_w62.log
  [w63] PID 149078  →  logs/hpt_parallel_20260529_223822_movielens_10m_p4_n2_w63.log
  [w64] PID 149079  →  logs/hpt_parallel_20260529_223822_movielens_10m_p4_n2_w64.log
  [w65] PID 149080  →  logs/hpt_parallel_20260529_223822_movielens_10m_p4_n2_w65.log
  [w66] PID 149081  →  logs/hpt_parallel_20260529_223822_movielens_10m_p4_n2_w66.log
  [w67] PID 149082  →  logs/hpt_parallel_20260529_223822_movielens_10m_p4_n2_w67.log
  [w68] PID 149083  →  logs/hpt_parallel_20260529_223822_movielens_10m_p4_n2_w68.log
  [w69] PID 149084  →  logs/hpt_parallel_20260529_223822_movielens_10m_p4_n2_w69.log
  [w70] PID 149085  →  logs/hpt_parallel_20260529_223822_movielens_10m_p4_n2_w70.log
  [w71] PID 149086  →  logs/hpt_parallel_20260529_223822_movielens_10m_p4_n2_w71.log
  [w72] PID 149087  →  logs/hpt_parallel_20260529_223822_movielens_10m_p4_n2_w72.log
  [w73] PID 149088  →  logs/hpt_parallel_20260529_223822_movielens_10m_p4_n2_w73.log
  [w74] PID 149089  →  logs/hpt_parallel_20260529_223822_movielens_10m_p4_n2_w74.log
  [w75] PID 149090  →  logs/hpt_parallel_20260529_223822_movielens_10m_p4_n2_w75.log
  [w76] PID 149091  →  logs/hpt_parallel_20260529_223822_movielens_10m_p4_n2_w76.log
  [w77] PID 149092  →  logs/hpt_parallel_20260529_223822_movielens_10m_p4_n2_w77.log
  [w78] PID 149093  →  logs/hpt_parallel_20260529_223822_movielens_10m_p4_n2_w78.log
  [w79] PID 149094  →  logs/hpt_parallel_20260529_223822_movielens_10m_p4_n2_w79.log
  [w80] PID 149095  →  logs/hpt_parallel_20260529_223822_movielens_10m_p4_n2_w80.log
  [w81] PID 149096  →  logs/hpt_parallel_20260529_223822_movielens_10m_p4_n2_w81.log
  [w82] PID 149097  →  logs/hpt_parallel_20260529_223822_movielens_10m_p4_n2_w82.log
  [w83] PID 149098  →  logs/hpt_parallel_20260529_223822_movielens_10m_p4_n2_w83.log
  [w84] PID 149099  →  logs/hpt_parallel_20260529_223822_movielens_10m_p4_n2_w84.log
  [w85] PID 149100  →  logs/hpt_parallel_20260529_223822_movielens_10m_p4_n2_w85.log
  [w86] PID 149101  →  logs/hpt_parallel_20260529_223822_movielens_10m_p4_n2_w86.log
  [w87] PID 149102  →  logs/hpt_parallel_20260529_223822_movielens_10m_p4_n2_w87.log
  [w88] PID 149103  →  logs/hpt_parallel_20260529_223822_movielens_10m_p4_n2_w88.log
  [w89] PID 149104  →  logs/hpt_parallel_20260529_223822_movielens_10m_p4_n2_w89.log
  [w90] PID 149105  →  logs/hpt_parallel_20260529_223822_movielens_10m_p4_n2_w90.log
  [w91] PID 149106  →  logs/hpt_parallel_20260529_223822_movielens_10m_p4_n2_w91.log
  [w92] PID 149107  →  logs/hpt_parallel_20260529_223822_movielens_10m_p4_n2_w92.log
  [w93] PID 149108  →  logs/hpt_parallel_20260529_223822_movielens_10m_p4_n2_w93.log
  [w94] PID 149109  →  logs/hpt_parallel_20260529_223822_movielens_10m_p4_n2_w94.log
  [w95] PID 149110  →  logs/hpt_parallel_20260529_223822_movielens_10m_p4_n2_w95.log
  [w96] PID 149111  →  logs/hpt_parallel_20260529_223822_movielens_10m_p4_n2_w96.log
  [w97] PID 149112  →  logs/hpt_parallel_20260529_223822_movielens_10m_p4_n2_w97.log
  [w98] PID 149113  →  logs/hpt_parallel_20260529_223822_movielens_10m_p4_n2_w98.log
  [w99] PID 149114  →  logs/hpt_parallel_20260529_223822_movielens_10m_p4_n2_w99.log
  [w100] PID 149115  →  logs/hpt_parallel_20260529_223822_movielens_10m_p4_n2_w100.log
  [w101] PID 149116  →  logs/hpt_parallel_20260529_223822_movielens_10m_p4_n2_w101.log
  [w102] PID 149117  →  logs/hpt_parallel_20260529_223822_movielens_10m_p4_n2_w102.log
  [w103] PID 149118  →  logs/hpt_parallel_20260529_223822_movielens_10m_p4_n2_w103.log
  [w104] PID 149119  →  logs/hpt_parallel_20260529_223822_movielens_10m_p4_n2_w104.log
  [w105] PID 149120  →  logs/hpt_parallel_20260529_223822_movielens_10m_p4_n2_w105.log
  [w106] PID 149121  →  logs/hpt_parallel_20260529_223822_movielens_10m_p4_n2_w106.log
  [w107] PID 149122  →  logs/hpt_parallel_20260529_223822_movielens_10m_p4_n2_w107.log
  [w108] PID 149123  →  logs/hpt_parallel_20260529_223822_movielens_10m_p4_n2_w108.log
  [w109] PID 149124  →  logs/hpt_parallel_20260529_223822_movielens_10m_p4_n2_w109.log
  [w110] PID 149125  →  logs/hpt_parallel_20260529_223822_movielens_10m_p4_n2_w110.log
  [w111] PID 149126  →  logs/hpt_parallel_20260529_223822_movielens_10m_p4_n2_w111.log
  [w112] PID 149127  →  logs/hpt_parallel_20260529_223822_movielens_10m_p4_n2_w112.log
  [w113] PID 149128  →  logs/hpt_parallel_20260529_223822_movielens_10m_p4_n2_w113.log
  [w114] PID 149130  →  logs/hpt_parallel_20260529_223822_movielens_10m_p4_n2_w114.log
  [w115] PID 149131  →  logs/hpt_parallel_20260529_223822_movielens_10m_p4_n2_w115.log
  [w116] PID 149132  →  logs/hpt_parallel_20260529_223822_movielens_10m_p4_n2_w116.log
  [w117] PID 149133  →  logs/hpt_parallel_20260529_223822_movielens_10m_p4_n2_w117.log
  [w118] PID 149134  →  logs/hpt_parallel_20260529_223822_movielens_10m_p4_n2_w118.log
  [w119] PID 149135  →  logs/hpt_parallel_20260529_223822_movielens_10m_p4_n2_w119.log
  [w120] PID 149136  →  logs/hpt_parallel_20260529_223822_movielens_10m_p4_n2_w120.log
  [w121] PID 149139  →  logs/hpt_parallel_20260529_223822_movielens_10m_p4_n2_w121.log
  [w122] PID 149140  →  logs/hpt_parallel_20260529_223822_movielens_10m_p4_n2_w122.log
  [w123] PID 149141  →  logs/hpt_parallel_20260529_223822_movielens_10m_p4_n2_w123.log
  [w124] PID 149142  →  logs/hpt_parallel_20260529_223822_movielens_10m_p4_n2_w124.log
  [w125] PID 149145  →  logs/hpt_parallel_20260529_223822_movielens_10m_p4_n2_w125.log
  [w126] PID 149147  →  logs/hpt_parallel_20260529_223822_movielens_10m_p4_n2_w126.log
  [w127] PID 149148  →  logs/hpt_parallel_20260529_223822_movielens_10m_p4_n2_w127.log
  [w128] PID 149149  →  logs/hpt_parallel_20260529_223822_movielens_10m_p4_n2_w128.log
  [w129] PID 149150  →  logs/hpt_parallel_20260529_223822_movielens_10m_p4_n2_w129.log
  [w130] PID 149154  →  logs/hpt_parallel_20260529_223822_movielens_10m_p4_n2_w130.log
  [w131] PID 149155  →  logs/hpt_parallel_20260529_223822_movielens_10m_p4_n2_w131.log
  [w132] PID 149160  →  logs/hpt_parallel_20260529_223822_movielens_10m_p4_n2_w132.log
  [w133] PID 149161  →  logs/hpt_parallel_20260529_223822_movielens_10m_p4_n2_w133.log
  [w134] PID 149162  →  logs/hpt_parallel_20260529_223822_movielens_10m_p4_n2_w134.log
  [w135] PID 149163  →  logs/hpt_parallel_20260529_223822_movielens_10m_p4_n2_w135.log
  [w136] PID 149164  →  logs/hpt_parallel_20260529_223822_movielens_10m_p4_n2_w136.log
  [w137] PID 149165  →  logs/hpt_parallel_20260529_223822_movielens_10m_p4_n2_w137.log
  [w138] PID 149168  →  logs/hpt_parallel_20260529_223822_movielens_10m_p4_n2_w138.log
  [w139] PID 149169  →  logs/hpt_parallel_20260529_223822_movielens_10m_p4_n2_w139.log
  [w140] PID 149170  →  logs/hpt_parallel_20260529_223822_movielens_10m_p4_n2_w140.log
  [w141] PID 149171  →  logs/hpt_parallel_20260529_223822_movielens_10m_p4_n2_w141.log
  [w142] PID 149172  →  logs/hpt_parallel_20260529_223822_movielens_10m_p4_n2_w142.log
  [w143] PID 149175  →  logs/hpt_parallel_20260529_223822_movielens_10m_p4_n2_w143.log
  [w144] PID 149177  →  logs/hpt_parallel_20260529_223822_movielens_10m_p4_n2_w144.log
  [w145] PID 149178  →  logs/hpt_parallel_20260529_223822_movielens_10m_p4_n2_w145.log
  [w146] PID 149181  →  logs/hpt_parallel_20260529_223822_movielens_10m_p4_n2_w146.log
  [w147] PID 149182  →  logs/hpt_parallel_20260529_223822_movielens_10m_p4_n2_w147.log
  [w148] PID 149184  →  logs/hpt_parallel_20260529_223822_movielens_10m_p4_n2_w148.log
  [w149] PID 149185  →  logs/hpt_parallel_20260529_223822_movielens_10m_p4_n2_w149.log
  [w150] PID 149186  →  logs/hpt_parallel_20260529_223822_movielens_10m_p4_n2_w150.log
  [w151] PID 149187  →  logs/hpt_parallel_20260529_223822_movielens_10m_p4_n2_w151.log
  [w152] PID 149189  →  logs/hpt_parallel_20260529_223822_movielens_10m_p4_n2_w152.log
  [w153] PID 149190  →  logs/hpt_parallel_20260529_223822_movielens_10m_p4_n2_w153.log
  [w154] PID 149191  →  logs/hpt_parallel_20260529_223822_movielens_10m_p4_n2_w154.log
  [w155] PID 149194  →  logs/hpt_parallel_20260529_223822_movielens_10m_p4_n2_w155.log
  [w156] PID 149195  →  logs/hpt_parallel_20260529_223822_movielens_10m_p4_n2_w156.log
  [w157] PID 149196  →  logs/hpt_parallel_20260529_223822_movielens_10m_p4_n2_w157.log
  [w158] PID 149197  →  logs/hpt_parallel_20260529_223822_movielens_10m_p4_n2_w158.log
  [w159] PID 149198  →  logs/hpt_parallel_20260529_223822_movielens_10m_p4_n2_w159.log
  [w160] PID 149199  →  logs/hpt_parallel_20260529_223822_movielens_10m_p4_n2_w160.log
  [w161] PID 149201  →  logs/hpt_parallel_20260529_223822_movielens_10m_p4_n2_w161.log
  [w162] PID 149202  →  logs/hpt_parallel_20260529_223822_movielens_10m_p4_n2_w162.log
  [w163] PID 149203  →  logs/hpt_parallel_20260529_223822_movielens_10m_p4_n2_w163.log
  [w164] PID 149204  →  logs/hpt_parallel_20260529_223822_movielens_10m_p4_n2_w164.log
  [w165] PID 149205  →  logs/hpt_parallel_20260529_223822_movielens_10m_p4_n2_w165.log
  [w166] PID 149207  →  logs/hpt_parallel_20260529_223822_movielens_10m_p4_n2_w166.log
  [w167] PID 149209  →  logs/hpt_parallel_20260529_223822_movielens_10m_p4_n2_w167.log
  [w168] PID 149210  →  logs/hpt_parallel_20260529_223822_movielens_10m_p4_n2_w168.log
  [w169] PID 149211  →  logs/hpt_parallel_20260529_223822_movielens_10m_p4_n2_w169.log
  [w170] PID 149212  →  logs/hpt_parallel_20260529_223822_movielens_10m_p4_n2_w170.log
  [w171] PID 149213  →  logs/hpt_parallel_20260529_223822_movielens_10m_p4_n2_w171.log
  [w172] PID 149217  →  logs/hpt_parallel_20260529_223822_movielens_10m_p4_n2_w172.log
  [w173] PID 149218  →  logs/hpt_parallel_20260529_223822_movielens_10m_p4_n2_w173.log
  [w174] PID 149219  →  logs/hpt_parallel_20260529_223822_movielens_10m_p4_n2_w174.log
  [w175] PID 149220  →  logs/hpt_parallel_20260529_223822_movielens_10m_p4_n2_w175.log
  [w176] PID 149222  →  logs/hpt_parallel_20260529_223822_movielens_10m_p4_n2_w176.log
  [w177] PID 149225  →  logs/hpt_parallel_20260529_223822_movielens_10m_p4_n2_w177.log
  [w178] PID 149226  →  logs/hpt_parallel_20260529_223822_movielens_10m_p4_n2_w178.log
  [w179] PID 149227  →  logs/hpt_parallel_20260529_223822_movielens_10m_p4_n2_w179.log
  [w180] PID 149228  →  logs/hpt_parallel_20260529_223822_movielens_10m_p4_n2_w180.log
  [w181] PID 149229  →  logs/hpt_parallel_20260529_223822_movielens_10m_p4_n2_w181.log
  [w182] PID 149230  →  logs/hpt_parallel_20260529_223822_movielens_10m_p4_n2_w182.log
  [w183] PID 149232  →  logs/hpt_parallel_20260529_223822_movielens_10m_p4_n2_w183.log
  [w184] PID 149233  →  logs/hpt_parallel_20260529_223822_movielens_10m_p4_n2_w184.log
  [w185] PID 149234  →  logs/hpt_parallel_20260529_223822_movielens_10m_p4_n2_w185.log
  [w186] PID 149237  →  logs/hpt_parallel_20260529_223822_movielens_10m_p4_n2_w186.log
  [w187] PID 149238  →  logs/hpt_parallel_20260529_223822_movielens_10m_p4_n2_w187.log
  [w188] PID 149241  →  logs/hpt_parallel_20260529_223822_movielens_10m_p4_n2_w188.log
  [w189] PID 149242  →  logs/hpt_parallel_20260529_223822_movielens_10m_p4_n2_w189.log
  [w190] PID 149243  →  logs/hpt_parallel_20260529_223822_movielens_10m_p4_n2_w190.log
  [w191] PID 149244  →  logs/hpt_parallel_20260529_223822_movielens_10m_p4_n2_w191.log
  [w192] PID 149245  →  logs/hpt_parallel_20260529_223822_movielens_10m_p4_n2_w192.log
  [w193] PID 149249  →  logs/hpt_parallel_20260529_223822_movielens_10m_p4_n2_w193.log
  [w194] PID 149252  →  logs/hpt_parallel_20260529_223822_movielens_10m_p4_n2_w194.log
  [w195] PID 149254  →  logs/hpt_parallel_20260529_223822_movielens_10m_p4_n2_w195.log
  [w196] PID 149255  →  logs/hpt_parallel_20260529_223822_movielens_10m_p4_n2_w196.log
  [w197] PID 149256  →  logs/hpt_parallel_20260529_223822_movielens_10m_p4_n2_w197.log
  [w198] PID 149257  →  logs/hpt_parallel_20260529_223822_movielens_10m_p4_n2_w198.log
  [w199] PID 149258  →  logs/hpt_parallel_20260529_223822_movielens_10m_p4_n2_w199.log
  [w200] PID 149259  →  logs/hpt_parallel_20260529_223822_movielens_10m_p4_n2_w200.log
  Waiting for all 200 workers to finish...
./run_hpt_parallel.sh: line 111: 149015 Killed                  nohup python scripts/run_hyperparameter_tuning.py --config "$cfg" --arm d --threshold "$pos" --neg_threshold "$neg" --n_trials "$n_trials" --max_users "$MAX_USERS" --overwrite > "$wlog" 2>&1
./run_hpt_parallel.sh: line 111: 149048 Killed                  nohup python scripts/run_hyperparameter_tuning.py --config "$cfg" --arm d --threshold "$pos" --neg_threshold "$neg" --n_trials "$n_trials" --max_users "$MAX_USERS" --overwrite > "$wlog" 2>&1
./run_hpt_parallel.sh: line 111: 149069 Killed                  nohup python scripts/run_hyperparameter_tuning.py --config "$cfg" --arm d --threshold "$pos" --neg_threshold "$neg" --n_trials "$n_trials" --max_users "$MAX_USERS" --overwrite > "$wlog" 2>&1
./run_hpt_parallel.sh: line 111: 149099 Killed                  nohup python scripts/run_hyperparameter_tuning.py --config "$cfg" --arm d --threshold "$pos" --neg_threshold "$neg" --n_trials "$n_trials" --max_users "$MAX_USERS" --overwrite > "$wlog" 2>&1
./run_hpt_parallel.sh: line 111: 149102 Killed                  nohup python scripts/run_hyperparameter_tuning.py --config "$cfg" --arm d --threshold "$pos" --neg_threshold "$neg" --n_trials "$n_trials" --max_users "$MAX_USERS" --overwrite > "$wlog" 2>&1
./run_hpt_parallel.sh: line 111: 149125 Killed                  nohup python scripts/run_hyperparameter_tuning.py --config "$cfg" --arm d --threshold "$pos" --neg_threshold "$neg" --n_trials "$n_trials" --max_users "$MAX_USERS" --overwrite > "$wlog" 2>&1
./run_hpt_parallel.sh: line 111: 149169 Killed                  nohup python scripts/run_hyperparameter_tuning.py --config "$cfg" --arm d --threshold "$pos" --neg_threshold "$neg" --n_trials "$n_trials" --max_users "$MAX_USERS" --overwrite > "$wlog" 2>&1
./run_hpt_parallel.sh: line 111: 149178 Killed                  nohup python scripts/run_hyperparameter_tuning.py --config "$cfg" --arm d --threshold "$pos" --neg_threshold "$neg" --n_trials "$n_trials" --max_users "$MAX_USERS" --overwrite > "$wlog" 2>&1
./run_hpt_parallel.sh: line 111: 149205 Killed                  nohup python scripts/run_hyperparameter_tuning.py --config "$cfg" --arm d --threshold "$pos" --neg_threshold "$neg" --n_trials "$n_trials" --max_users "$MAX_USERS" --overwrite > "$wlog" 2>&1
./run_hpt_parallel.sh: line 111: 149233 Killed                  nohup python scripts/run_hyperparameter_tuning.py --config "$cfg" --arm d --threshold "$pos" --neg_threshold "$neg" --n_trials "$n_trials" --max_users "$MAX_USERS" --overwrite > "$wlog" 2>&1
./run_hpt_parallel.sh: line 111: 149241 Killed                  nohup python scripts/run_hyperparameter_tuning.py --config "$cfg" --arm d --threshold "$pos" --neg_threshold "$neg" --n_trials "$n_trials" --max_users "$MAX_USERS" --overwrite > "$wlog" 2>&1
./run_hpt_parallel.sh: line 111: 149016 Killed                  nohup python scripts/run_hyperparameter_tuning.py --config "$cfg" --arm d --threshold "$pos" --neg_threshold "$neg" --n_trials "$n_trials" --max_users "$MAX_USERS" --overwrite > "$wlog" 2>&1
./run_hpt_parallel.sh: line 111: 149017 Killed                  nohup python scripts/run_hyperparameter_tuning.py --config "$cfg" --arm d --threshold "$pos" --neg_threshold "$neg" --n_trials "$n_trials" --max_users "$MAX_USERS" --overwrite > "$wlog" 2>&1
./run_hpt_parallel.sh: line 111: 149018 Killed                  nohup python scripts/run_hyperparameter_tuning.py --config "$cfg" --arm d --threshold "$pos" --neg_threshold "$neg" --n_trials "$n_trials" --max_users "$MAX_USERS" --overwrite > "$wlog" 2>&1
./run_hpt_parallel.sh: line 111: 149019 Killed                  nohup python scripts/run_hyperparameter_tuning.py --config "$cfg" --arm d --threshold "$pos" --neg_threshold "$neg" --n_trials "$n_trials" --max_users "$MAX_USERS" --overwrite > "$wlog" 2>&1
./run_hpt_parallel.sh: line 111: 149020 Killed                  nohup python scripts/run_hyperparameter_tuning.py --config "$cfg" --arm d --threshold "$pos" --neg_threshold "$neg" --n_trials "$n_trials" --max_users "$MAX_USERS" --overwrite > "$wlog" 2>&1
./run_hpt_parallel.sh: line 111: 149021 Killed                  nohup python scripts/run_hyperparameter_tuning.py --config "$cfg" --arm d --threshold "$pos" --neg_threshold "$neg" --n_trials "$n_trials" --max_users "$MAX_USERS" --overwrite > "$wlog" 2>&1
./run_hpt_parallel.sh: line 111: 149022 Killed                  nohup python scripts/run_hyperparameter_tuning.py --config "$cfg" --arm d --threshold "$pos" --neg_threshold "$neg" --n_trials "$n_trials" --max_users "$MAX_USERS" --overwrite > "$wlog" 2>&1
./run_hpt_parallel.sh: line 111: 149023 Killed                  nohup python scripts/run_hyperparameter_tuning.py --config "$cfg" --arm d --threshold "$pos" --neg_threshold "$neg" --n_trials "$n_trials" --max_users "$MAX_USERS" --overwrite > "$wlog" 2>&1
./run_hpt_parallel.sh: line 111: 149024 Killed                  nohup python scripts/run_hyperparameter_tuning.py --config "$cfg" --arm d --threshold "$pos" --neg_threshold "$neg" --n_trials "$n_trials" --max_users "$MAX_USERS" --overwrite > "$wlog" 2>&1
./run_hpt_parallel.sh: line 111: 149025 Killed                  nohup python scripts/run_hyperparameter_tuning.py --config "$cfg" --arm d --threshold "$pos" --neg_threshold "$neg" --n_trials "$n_trials" --max_users "$MAX_USERS" --overwrite > "$wlog" 2>&1
./run_hpt_parallel.sh: line 111: 149026 Killed                  nohup python scripts/run_hyperparameter_tuning.py --config "$cfg" --arm d --threshold "$pos" --neg_threshold "$neg" --n_trials "$n_trials" --max_users "$MAX_USERS" --overwrite > "$wlog" 2>&1
./run_hpt_parallel.sh: line 111: 149027 Killed                  nohup python scripts/run_hyperparameter_tuning.py --config "$cfg" --arm d --threshold "$pos" --neg_threshold "$neg" --n_trials "$n_trials" --max_users "$MAX_USERS" --overwrite > "$wlog" 2>&1
./run_hpt_parallel.sh: line 111: 149031 Killed                  nohup python scripts/run_hyperparameter_tuning.py --config "$cfg" --arm d --threshold "$pos" --neg_threshold "$neg" --n_trials "$n_trials" --max_users "$MAX_USERS" --overwrite > "$wlog" 2>&1
./run_hpt_parallel.sh: line 111: 149034 Killed                  nohup python scripts/run_hyperparameter_tuning.py --config "$cfg" --arm d --threshold "$pos" --neg_threshold "$neg" --n_trials "$n_trials" --max_users "$MAX_USERS" --overwrite > "$wlog" 2>&1
./run_hpt_parallel.sh: line 111: 149037 Killed                  nohup python scripts/run_hyperparameter_tuning.py --config "$cfg" --arm d --threshold "$pos" --neg_threshold "$neg" --n_trials "$n_trials" --max_users "$MAX_USERS" --overwrite > "$wlog" 2>&1
./run_hpt_parallel.sh: line 111: 149038 Killed                  nohup python scripts/run_hyperparameter_tuning.py --config "$cfg" --arm d --threshold "$pos" --neg_threshold "$neg" --n_trials "$n_trials" --max_users "$MAX_USERS" --overwrite > "$wlog" 2>&1
./run_hpt_parallel.sh: line 111: 149039 Killed                  nohup python scripts/run_hyperparameter_tuning.py --config "$cfg" --arm d --threshold "$pos" --neg_threshold "$neg" --n_trials "$n_trials" --max_users "$MAX_USERS" --overwrite > "$wlog" 2>&1
./run_hpt_parallel.sh: line 111: 149040 Killed                  nohup python scripts/run_hyperparameter_tuning.py --config "$cfg" --arm d --threshold "$pos" --neg_threshold "$neg" --n_trials "$n_trials" --max_users "$MAX_USERS" --overwrite > "$wlog" 2>&1
./run_hpt_parallel.sh: line 111: 149041 Killed                  nohup python scripts/run_hyperparameter_tuning.py --config "$cfg" --arm d --threshold "$pos" --neg_threshold "$neg" --n_trials "$n_trials" --max_users "$MAX_USERS" --overwrite > "$wlog" 2>&1
./run_hpt_parallel.sh: line 111: 149042 Killed                  nohup python scripts/run_hyperparameter_tuning.py --config "$cfg" --arm d --threshold "$pos" --neg_threshold "$neg" --n_trials "$n_trials" --max_users "$MAX_USERS" --overwrite > "$wlog" 2>&1
./run_hpt_parallel.sh: line 111: 149044 Killed                  nohup python scripts/run_hyperparameter_tuning.py --config "$cfg" --arm d --threshold "$pos" --neg_threshold "$neg" --n_trials "$n_trials" --max_users "$MAX_USERS" --overwrite > "$wlog" 2>&1
./run_hpt_parallel.sh: line 111: 149047 Killed                  nohup python scripts/run_hyperparameter_tuning.py --config "$cfg" --arm d --threshold "$pos" --neg_threshold "$neg" --n_trials "$n_trials" --max_users "$MAX_USERS" --overwrite > "$wlog" 2>&1
./run_hpt_parallel.sh: line 111: 149049 Killed                  nohup python scripts/run_hyperparameter_tuning.py --config "$cfg" --arm d --threshold "$pos" --neg_threshold "$neg" --n_trials "$n_trials" --max_users "$MAX_USERS" --overwrite > "$wlog" 2>&1
./run_hpt_parallel.sh: line 111: 149052 Killed                  nohup python scripts/run_hyperparameter_tuning.py --config "$cfg" --arm d --threshold "$pos" --neg_threshold "$neg" --n_trials "$n_trials" --max_users "$MAX_USERS" --overwrite > "$wlog" 2>&1
./run_hpt_parallel.sh: line 111: 149053 Killed                  nohup python scripts/run_hyperparameter_tuning.py --config "$cfg" --arm d --threshold "$pos" --neg_threshold "$neg" --n_trials "$n_trials" --max_users "$MAX_USERS" --overwrite > "$wlog" 2>&1
./run_hpt_parallel.sh: line 111: 149054 Killed                  nohup python scripts/run_hyperparameter_tuning.py --config "$cfg" --arm d --threshold "$pos" --neg_threshold "$neg" --n_trials "$n_trials" --max_users "$MAX_USERS" --overwrite > "$wlog" 2>&1
./run_hpt_parallel.sh: line 111: 149055 Killed                  nohup python scripts/run_hyperparameter_tuning.py --config "$cfg" --arm d --threshold "$pos" --neg_threshold "$neg" --n_trials "$n_trials" --max_users "$MAX_USERS" --overwrite > "$wlog" 2>&1
./run_hpt_parallel.sh: line 111: 149056 Killed                  nohup python scripts/run_hyperparameter_tuning.py --config "$cfg" --arm d --threshold "$pos" --neg_threshold "$neg" --n_trials "$n_trials" --max_users "$MAX_USERS" --overwrite > "$wlog" 2>&1
./run_hpt_parallel.sh: line 111: 149057 Killed                  nohup python scripts/run_hyperparameter_tuning.py --config "$cfg" --arm d --threshold "$pos" --neg_threshold "$neg" --n_trials "$n_trials" --max_users "$MAX_USERS" --overwrite > "$wlog" 2>&1
./run_hpt_parallel.sh: line 111: 149058 Killed                  nohup python scripts/run_hyperparameter_tuning.py --config "$cfg" --arm d --threshold "$pos" --neg_threshold "$neg" --n_trials "$n_trials" --max_users "$MAX_USERS" --overwrite > "$wlog" 2>&1
./run_hpt_parallel.sh: line 111: 149061 Killed                  nohup python scripts/run_hyperparameter_tuning.py --config "$cfg" --arm d --threshold "$pos" --neg_threshold "$neg" --n_trials "$n_trials" --max_users "$MAX_USERS" --overwrite > "$wlog" 2>&1
./run_hpt_parallel.sh: line 111: 149063 Killed                  nohup python scripts/run_hyperparameter_tuning.py --config "$cfg" --arm d --threshold "$pos" --neg_threshold "$neg" --n_trials "$n_trials" --max_users "$MAX_USERS" --overwrite > "$wlog" 2>&1
./run_hpt_parallel.sh: line 111: 149064 Killed                  nohup python scripts/run_hyperparameter_tuning.py --config "$cfg" --arm d --threshold "$pos" --neg_threshold "$neg" --n_trials "$n_trials" --max_users "$MAX_USERS" --overwrite > "$wlog" 2>&1
./run_hpt_parallel.sh: line 111: 149065 Killed                  nohup python scripts/run_hyperparameter_tuning.py --config "$cfg" --arm d --threshold "$pos" --neg_threshold "$neg" --n_trials "$n_trials" --max_users "$MAX_USERS" --overwrite > "$wlog" 2>&1
./run_hpt_parallel.sh: line 111: 149066 Killed                  nohup python scripts/run_hyperparameter_tuning.py --config "$cfg" --arm d --threshold "$pos" --neg_threshold "$neg" --n_trials "$n_trials" --max_users "$MAX_USERS" --overwrite > "$wlog" 2>&1
./run_hpt_parallel.sh: line 111: 149067 Killed                  nohup python scripts/run_hyperparameter_tuning.py --config "$cfg" --arm d --threshold "$pos" --neg_threshold "$neg" --n_trials "$n_trials" --max_users "$MAX_USERS" --overwrite > "$wlog" 2>&1
./run_hpt_parallel.sh: line 111: 149070 Killed                  nohup python scripts/run_hyperparameter_tuning.py --config "$cfg" --arm d --threshold "$pos" --neg_threshold "$neg" --n_trials "$n_trials" --max_users "$MAX_USERS" --overwrite > "$wlog" 2>&1
./run_hpt_parallel.sh: line 111: 149072 Killed                  nohup python scripts/run_hyperparameter_tuning.py --config "$cfg" --arm d --threshold "$pos" --neg_threshold "$neg" --n_trials "$n_trials" --max_users "$MAX_USERS" --overwrite > "$wlog" 2>&1
./run_hpt_parallel.sh: line 111: 149074 Killed                  nohup python scripts/run_hyperparameter_tuning.py --config "$cfg" --arm d --threshold "$pos" --neg_threshold "$neg" --n_trials "$n_trials" --max_users "$MAX_USERS" --overwrite > "$wlog" 2>&1
./run_hpt_parallel.sh: line 111: 149076 Killed                  nohup python scripts/run_hyperparameter_tuning.py --config "$cfg" --arm d --threshold "$pos" --neg_threshold "$neg" --n_trials "$n_trials" --max_users "$MAX_USERS" --overwrite > "$wlog" 2>&1
./run_hpt_parallel.sh: line 111: 149080 Killed                  nohup python scripts/run_hyperparameter_tuning.py --config "$cfg" --arm d --threshold "$pos" --neg_threshold "$neg" --n_trials "$n_trials" --max_users "$MAX_USERS" --overwrite > "$wlog" 2>&1
./run_hpt_parallel.sh: line 111: 149081 Killed                  nohup python scripts/run_hyperparameter_tuning.py --config "$cfg" --arm d --threshold "$pos" --neg_threshold "$neg" --n_trials "$n_trials" --max_users "$MAX_USERS" --overwrite > "$wlog" 2>&1
./run_hpt_parallel.sh: line 111: 149082 Killed                  nohup python scripts/run_hyperparameter_tuning.py --config "$cfg" --arm d --threshold "$pos" --neg_threshold "$neg" --n_trials "$n_trials" --max_users "$MAX_USERS" --overwrite > "$wlog" 2>&1
./run_hpt_parallel.sh: line 111: 149083 Killed                  nohup python scripts/run_hyperparameter_tuning.py --config "$cfg" --arm d --threshold "$pos" --neg_threshold "$neg" --n_trials "$n_trials" --max_users "$MAX_USERS" --overwrite > "$wlog" 2>&1
./run_hpt_parallel.sh: line 111: 149084 Killed                  nohup python scripts/run_hyperparameter_tuning.py --config "$cfg" --arm d --threshold "$pos" --neg_threshold "$neg" --n_trials "$n_trials" --max_users "$MAX_USERS" --overwrite > "$wlog" 2>&1
./run_hpt_parallel.sh: line 111: 149085 Killed                  nohup python scripts/run_hyperparameter_tuning.py --config "$cfg" --arm d --threshold "$pos" --neg_threshold "$neg" --n_trials "$n_trials" --max_users "$MAX_USERS" --overwrite > "$wlog" 2>&1
./run_hpt_parallel.sh: line 111: 149086 Killed                  nohup python scripts/run_hyperparameter_tuning.py --config "$cfg" --arm d --threshold "$pos" --neg_threshold "$neg" --n_trials "$n_trials" --max_users "$MAX_USERS" --overwrite > "$wlog" 2>&1
./run_hpt_parallel.sh: line 111: 149087 Killed                  nohup python scripts/run_hyperparameter_tuning.py --config "$cfg" --arm d --threshold "$pos" --neg_threshold "$neg" --n_trials "$n_trials" --max_users "$MAX_USERS" --overwrite > "$wlog" 2>&1
./run_hpt_parallel.sh: line 111: 149088 Killed                  nohup python scripts/run_hyperparameter_tuning.py --config "$cfg" --arm d --threshold "$pos" --neg_threshold "$neg" --n_trials "$n_trials" --max_users "$MAX_USERS" --overwrite > "$wlog" 2>&1
./run_hpt_parallel.sh: line 111: 149090 Killed                  nohup python scripts/run_hyperparameter_tuning.py --config "$cfg" --arm d --threshold "$pos" --neg_threshold "$neg" --n_trials "$n_trials" --max_users "$MAX_USERS" --overwrite > "$wlog" 2>&1
./run_hpt_parallel.sh: line 111: 149091 Killed                  nohup python scripts/run_hyperparameter_tuning.py --config "$cfg" --arm d --threshold "$pos" --neg_threshold "$neg" --n_trials "$n_trials" --max_users "$MAX_USERS" --overwrite > "$wlog" 2>&1
./run_hpt_parallel.sh: line 111: 149094 Killed                  nohup python scripts/run_hyperparameter_tuning.py --config "$cfg" --arm d --threshold "$pos" --neg_threshold "$neg" --n_trials "$n_trials" --max_users "$MAX_USERS" --overwrite > "$wlog" 2>&1
./run_hpt_parallel.sh: line 111: 149095 Killed                  nohup python scripts/run_hyperparameter_tuning.py --config "$cfg" --arm d --threshold "$pos" --neg_threshold "$neg" --n_trials "$n_trials" --max_users "$MAX_USERS" --overwrite > "$wlog" 2>&1
./run_hpt_parallel.sh: line 111: 149096 Killed                  nohup python scripts/run_hyperparameter_tuning.py --config "$cfg" --arm d --threshold "$pos" --neg_threshold "$neg" --n_trials "$n_trials" --max_users "$MAX_USERS" --overwrite > "$wlog" 2>&1
./run_hpt_parallel.sh: line 111: 149097 Killed                  nohup python scripts/run_hyperparameter_tuning.py --config "$cfg" --arm d --threshold "$pos" --neg_threshold "$neg" --n_trials "$n_trials" --max_users "$MAX_USERS" --overwrite > "$wlog" 2>&1
./run_hpt_parallel.sh: line 111: 149098 Killed                  nohup python scripts/run_hyperparameter_tuning.py --config "$cfg" --arm d --threshold "$pos" --neg_threshold "$neg" --n_trials "$n_trials" --max_users "$MAX_USERS" --overwrite > "$wlog" 2>&1
./run_hpt_parallel.sh: line 111: 149101 Killed                  nohup python scripts/run_hyperparameter_tuning.py --config "$cfg" --arm d --threshold "$pos" --neg_threshold "$neg" --n_trials "$n_trials" --max_users "$MAX_USERS" --overwrite > "$wlog" 2>&1
./run_hpt_parallel.sh: line 111: 149104 Killed                  nohup python scripts/run_hyperparameter_tuning.py --config "$cfg" --arm d --threshold "$pos" --neg_threshold "$neg" --n_trials "$n_trials" --max_users "$MAX_USERS" --overwrite > "$wlog" 2>&1
./run_hpt_parallel.sh: line 111: 149106 Killed                  nohup python scripts/run_hyperparameter_tuning.py --config "$cfg" --arm d --threshold "$pos" --neg_threshold "$neg" --n_trials "$n_trials" --max_users "$MAX_USERS" --overwrite > "$wlog" 2>&1
./run_hpt_parallel.sh: line 111: 149109 Killed                  nohup python scripts/run_hyperparameter_tuning.py --config "$cfg" --arm d --threshold "$pos" --neg_threshold "$neg" --n_trials "$n_trials" --max_users "$MAX_USERS" --overwrite > "$wlog" 2>&1
./run_hpt_parallel.sh: line 111: 149111 Killed                  nohup python scripts/run_hyperparameter_tuning.py --config "$cfg" --arm d --threshold "$pos" --neg_threshold "$neg" --n_trials "$n_trials" --max_users "$MAX_USERS" --overwrite > "$wlog" 2>&1
./run_hpt_parallel.sh: line 111: 149112 Killed                  nohup python scripts/run_hyperparameter_tuning.py --config "$cfg" --arm d --threshold "$pos" --neg_threshold "$neg" --n_trials "$n_trials" --max_users "$MAX_USERS" --overwrite > "$wlog" 2>&1
./run_hpt_parallel.sh: line 111: 149115 Killed                  nohup python scripts/run_hyperparameter_tuning.py --config "$cfg" --arm d --threshold "$pos" --neg_threshold "$neg" --n_trials "$n_trials" --max_users "$MAX_USERS" --overwrite > "$wlog" 2>&1
./run_hpt_parallel.sh: line 111: 149117 Killed                  nohup python scripts/run_hyperparameter_tuning.py --config "$cfg" --arm d --threshold "$pos" --neg_threshold "$neg" --n_trials "$n_trials" --max_users "$MAX_USERS" --overwrite > "$wlog" 2>&1
./run_hpt_parallel.sh: line 111: 149118 Killed                  nohup python scripts/run_hyperparameter_tuning.py --config "$cfg" --arm d --threshold "$pos" --neg_threshold "$neg" --n_trials "$n_trials" --max_users "$MAX_USERS" --overwrite > "$wlog" 2>&1
./run_hpt_parallel.sh: line 111: 149119 Killed                  nohup python scripts/run_hyperparameter_tuning.py --config "$cfg" --arm d --threshold "$pos" --neg_threshold "$neg" --n_trials "$n_trials" --max_users "$MAX_USERS" --overwrite > "$wlog" 2>&1
./run_hpt_parallel.sh: line 111: 149120 Killed                  nohup python scripts/run_hyperparameter_tuning.py --config "$cfg" --arm d --threshold "$pos" --neg_threshold "$neg" --n_trials "$n_trials" --max_users "$MAX_USERS" --overwrite > "$wlog" 2>&1
./run_hpt_parallel.sh: line 111: 149122 Killed                  nohup python scripts/run_hyperparameter_tuning.py --config "$cfg" --arm d --threshold "$pos" --neg_threshold "$neg" --n_trials "$n_trials" --max_users "$MAX_USERS" --overwrite > "$wlog" 2>&1
./run_hpt_parallel.sh: line 111: 149124 Killed                  nohup python scripts/run_hyperparameter_tuning.py --config "$cfg" --arm d --threshold "$pos" --neg_threshold "$neg" --n_trials "$n_trials" --max_users "$MAX_USERS" --overwrite > "$wlog" 2>&1
./run_hpt_parallel.sh: line 111: 149127 Killed                  nohup python scripts/run_hyperparameter_tuning.py --config "$cfg" --arm d --threshold "$pos" --neg_threshold "$neg" --n_trials "$n_trials" --max_users "$MAX_USERS" --overwrite > "$wlog" 2>&1
./run_hpt_parallel.sh: line 111: 149130 Killed                  nohup python scripts/run_hyperparameter_tuning.py --config "$cfg" --arm d --threshold "$pos" --neg_threshold "$neg" --n_trials "$n_trials" --max_users "$MAX_USERS" --overwrite > "$wlog" 2>&1
./run_hpt_parallel.sh: line 111: 149132 Killed                  nohup python scripts/run_hyperparameter_tuning.py --config "$cfg" --arm d --threshold "$pos" --neg_threshold "$neg" --n_trials "$n_trials" --max_users "$MAX_USERS" --overwrite > "$wlog" 2>&1
./run_hpt_parallel.sh: line 111: 149133 Killed                  nohup python scripts/run_hyperparameter_tuning.py --config "$cfg" --arm d --threshold "$pos" --neg_threshold "$neg" --n_trials "$n_trials" --max_users "$MAX_USERS" --overwrite > "$wlog" 2>&1
./run_hpt_parallel.sh: line 111: 149139 Killed                  nohup python scripts/run_hyperparameter_tuning.py --config "$cfg" --arm d --threshold "$pos" --neg_threshold "$neg" --n_trials "$n_trials" --max_users "$MAX_USERS" --overwrite > "$wlog" 2>&1
./run_hpt_parallel.sh: line 111: 149142 Killed                  nohup python scripts/run_hyperparameter_tuning.py --config "$cfg" --arm d --threshold "$pos" --neg_threshold "$neg" --n_trials "$n_trials" --max_users "$MAX_USERS" --overwrite > "$wlog" 2>&1
./run_hpt_parallel.sh: line 111: 149145 Killed                  nohup python scripts/run_hyperparameter_tuning.py --config "$cfg" --arm d --threshold "$pos" --neg_threshold "$neg" --n_trials "$n_trials" --max_users "$MAX_USERS" --overwrite > "$wlog" 2>&1
./run_hpt_parallel.sh: line 111: 149147 Killed                  nohup python scripts/run_hyperparameter_tuning.py --config "$cfg" --arm d --threshold "$pos" --neg_threshold "$neg" --n_trials "$n_trials" --max_users "$MAX_USERS" --overwrite > "$wlog" 2>&1
./run_hpt_parallel.sh: line 111: 149148 Killed                  nohup python scripts/run_hyperparameter_tuning.py --config "$cfg" --arm d --threshold "$pos" --neg_threshold "$neg" --n_trials "$n_trials" --max_users "$MAX_USERS" --overwrite > "$wlog" 2>&1
./run_hpt_parallel.sh: line 111: 149154 Killed                  nohup python scripts/run_hyperparameter_tuning.py --config "$cfg" --arm d --threshold "$pos" --neg_threshold "$neg" --n_trials "$n_trials" --max_users "$MAX_USERS" --overwrite > "$wlog" 2>&1
./run_hpt_parallel.sh: line 111: 149163 Killed                  nohup python scripts/run_hyperparameter_tuning.py --config "$cfg" --arm d --threshold "$pos" --neg_threshold "$neg" --n_trials "$n_trials" --max_users "$MAX_USERS" --overwrite > "$wlog" 2>&1
./run_hpt_parallel.sh: line 111: 149165 Killed                  nohup python scripts/run_hyperparameter_tuning.py --config "$cfg" --arm d --threshold "$pos" --neg_threshold "$neg" --n_trials "$n_trials" --max_users "$MAX_USERS" --overwrite > "$wlog" 2>&1
./run_hpt_parallel.sh: line 111: 149171 Killed                  nohup python scripts/run_hyperparameter_tuning.py --config "$cfg" --arm d --threshold "$pos" --neg_threshold "$neg" --n_trials "$n_trials" --max_users "$MAX_USERS" --overwrite > "$wlog" 2>&1
./run_hpt_parallel.sh: line 111: 149177 Killed                  nohup python scripts/run_hyperparameter_tuning.py --config "$cfg" --arm d --threshold "$pos" --neg_threshold "$neg" --n_trials "$n_trials" --max_users "$MAX_USERS" --overwrite > "$wlog" 2>&1
./run_hpt_parallel.sh: line 111: 149185 Killed                  nohup python scripts/run_hyperparameter_tuning.py --config "$cfg" --arm d --threshold "$pos" --neg_threshold "$neg" --n_trials "$n_trials" --max_users "$MAX_USERS" --overwrite > "$wlog" 2>&1
./run_hpt_parallel.sh: line 111: 149186 Killed                  nohup python scripts/run_hyperparameter_tuning.py --config "$cfg" --arm d --threshold "$pos" --neg_threshold "$neg" --n_trials "$n_trials" --max_users "$MAX_USERS" --overwrite > "$wlog" 2>&1
./run_hpt_parallel.sh: line 111: 149187 Killed                  nohup python scripts/run_hyperparameter_tuning.py --config "$cfg" --arm d --threshold "$pos" --neg_threshold "$neg" --n_trials "$n_trials" --max_users "$MAX_USERS" --overwrite > "$wlog" 2>&1
./run_hpt_parallel.sh: line 111: 149190 Killed                  nohup python scripts/run_hyperparameter_tuning.py --config "$cfg" --arm d --threshold "$pos" --neg_threshold "$neg" --n_trials "$n_trials" --max_users "$MAX_USERS" --overwrite > "$wlog" 2>&1
./run_hpt_parallel.sh: line 111: 149191 Killed                  nohup python scripts/run_hyperparameter_tuning.py --config "$cfg" --arm d --threshold "$pos" --neg_threshold "$neg" --n_trials "$n_trials" --max_users "$MAX_USERS" --overwrite > "$wlog" 2>&1
./run_hpt_parallel.sh: line 111: 149195 Killed                  nohup python scripts/run_hyperparameter_tuning.py --config "$cfg" --arm d --threshold "$pos" --neg_threshold "$neg" --n_trials "$n_trials" --max_users "$MAX_USERS" --overwrite > "$wlog" 2>&1
./run_hpt_parallel.sh: line 111: 149198 Killed                  nohup python scripts/run_hyperparameter_tuning.py --config "$cfg" --arm d --threshold "$pos" --neg_threshold "$neg" --n_trials "$n_trials" --max_users "$MAX_USERS" --overwrite > "$wlog" 2>&1
./run_hpt_parallel.sh: line 111: 149199 Killed                  nohup python scripts/run_hyperparameter_tuning.py --config "$cfg" --arm d --threshold "$pos" --neg_threshold "$neg" --n_trials "$n_trials" --max_users "$MAX_USERS" --overwrite > "$wlog" 2>&1
./run_hpt_parallel.sh: line 111: 149201 Killed                  nohup python scripts/run_hyperparameter_tuning.py --config "$cfg" --arm d --threshold "$pos" --neg_threshold "$neg" --n_trials "$n_trials" --max_users "$MAX_USERS" --overwrite > "$wlog" 2>&1
./run_hpt_parallel.sh: line 111: 149202 Killed                  nohup python scripts/run_hyperparameter_tuning.py --config "$cfg" --arm d --threshold "$pos" --neg_threshold "$neg" --n_trials "$n_trials" --max_users "$MAX_USERS" --overwrite > "$wlog" 2>&1
./run_hpt_parallel.sh: line 111: 149204 Killed                  nohup python scripts/run_hyperparameter_tuning.py --config "$cfg" --arm d --threshold "$pos" --neg_threshold "$neg" --n_trials "$n_trials" --max_users "$MAX_USERS" --overwrite > "$wlog" 2>&1
./run_hpt_parallel.sh: line 111: 149209 Killed                  nohup python scripts/run_hyperparameter_tuning.py --config "$cfg" --arm d --threshold "$pos" --neg_threshold "$neg" --n_trials "$n_trials" --max_users "$MAX_USERS" --overwrite > "$wlog" 2>&1
./run_hpt_parallel.sh: line 111: 149210 Killed                  nohup python scripts/run_hyperparameter_tuning.py --config "$cfg" --arm d --threshold "$pos" --neg_threshold "$neg" --n_trials "$n_trials" --max_users "$MAX_USERS" --overwrite > "$wlog" 2>&1
./run_hpt_parallel.sh: line 111: 149211 Killed                  nohup python scripts/run_hyperparameter_tuning.py --config "$cfg" --arm d --threshold "$pos" --neg_threshold "$neg" --n_trials "$n_trials" --max_users "$MAX_USERS" --overwrite > "$wlog" 2>&1
./run_hpt_parallel.sh: line 111: 149212 Killed                  nohup python scripts/run_hyperparameter_tuning.py --config "$cfg" --arm d --threshold "$pos" --neg_threshold "$neg" --n_trials "$n_trials" --max_users "$MAX_USERS" --overwrite > "$wlog" 2>&1
./run_hpt_parallel.sh: line 111: 149217 Killed                  nohup python scripts/run_hyperparameter_tuning.py --config "$cfg" --arm d --threshold "$pos" --neg_threshold "$neg" --n_trials "$n_trials" --max_users "$MAX_USERS" --overwrite > "$wlog" 2>&1
./run_hpt_parallel.sh: line 111: 149218 Killed                  nohup python scripts/run_hyperparameter_tuning.py --config "$cfg" --arm d --threshold "$pos" --neg_threshold "$neg" --n_trials "$n_trials" --max_users "$MAX_USERS" --overwrite > "$wlog" 2>&1
./run_hpt_parallel.sh: line 111: 149219 Killed                  nohup python scripts/run_hyperparameter_tuning.py --config "$cfg" --arm d --threshold "$pos" --neg_threshold "$neg" --n_trials "$n_trials" --max_users "$MAX_USERS" --overwrite > "$wlog" 2>&1
./run_hpt_parallel.sh: line 111: 149220 Killed                  nohup python scripts/run_hyperparameter_tuning.py --config "$cfg" --arm d --threshold "$pos" --neg_threshold "$neg" --n_trials "$n_trials" --max_users "$MAX_USERS" --overwrite > "$wlog" 2>&1
./run_hpt_parallel.sh: line 111: 149226 Killed                  nohup python scripts/run_hyperparameter_tuning.py --config "$cfg" --arm d --threshold "$pos" --neg_threshold "$neg" --n_trials "$n_trials" --max_users "$MAX_USERS" --overwrite > "$wlog" 2>&1
./run_hpt_parallel.sh: line 111: 149227 Killed                  nohup python scripts/run_hyperparameter_tuning.py --config "$cfg" --arm d --threshold "$pos" --neg_threshold "$neg" --n_trials "$n_trials" --max_users "$MAX_USERS" --overwrite > "$wlog" 2>&1
./run_hpt_parallel.sh: line 111: 149228 Killed                  nohup python scripts/run_hyperparameter_tuning.py --config "$cfg" --arm d --threshold "$pos" --neg_threshold "$neg" --n_trials "$n_trials" --max_users "$MAX_USERS" --overwrite > "$wlog" 2>&1
./run_hpt_parallel.sh: line 111: 149229 Killed                  nohup python scripts/run_hyperparameter_tuning.py --config "$cfg" --arm d --threshold "$pos" --neg_threshold "$neg" --n_trials "$n_trials" --max_users "$MAX_USERS" --overwrite > "$wlog" 2>&1
./run_hpt_parallel.sh: line 111: 149232 Killed                  nohup python scripts/run_hyperparameter_tuning.py --config "$cfg" --arm d --threshold "$pos" --neg_threshold "$neg" --n_trials "$n_trials" --max_users "$MAX_USERS" --overwrite > "$wlog" 2>&1
./run_hpt_parallel.sh: line 111: 149237 Killed                  nohup python scripts/run_hyperparameter_tuning.py --config "$cfg" --arm d --threshold "$pos" --neg_threshold "$neg" --n_trials "$n_trials" --max_users "$MAX_USERS" --overwrite > "$wlog" 2>&1
./run_hpt_parallel.sh: line 111: 149238 Killed                  nohup python scripts/run_hyperparameter_tuning.py --config "$cfg" --arm d --threshold "$pos" --neg_threshold "$neg" --n_trials "$n_trials" --max_users "$MAX_USERS" --overwrite > "$wlog" 2>&1
./run_hpt_parallel.sh: line 111: 149242 Killed                  nohup python scripts/run_hyperparameter_tuning.py --config "$cfg" --arm d --threshold "$pos" --neg_threshold "$neg" --n_trials "$n_trials" --max_users "$MAX_USERS" --overwrite > "$wlog" 2>&1
./run_hpt_parallel.sh: line 111: 149243 Killed                  nohup python scripts/run_hyperparameter_tuning.py --config "$cfg" --arm d --threshold "$pos" --neg_threshold "$neg" --n_trials "$n_trials" --max_users "$MAX_USERS" --overwrite > "$wlog" 2>&1
./run_hpt_parallel.sh: line 111: 149252 Killed                  nohup python scripts/run_hyperparameter_tuning.py --config "$cfg" --arm d --threshold "$pos" --neg_threshold "$neg" --n_trials "$n_trials" --max_users "$MAX_USERS" --overwrite > "$wlog" 2>&1
./run_hpt_parallel.sh: line 111: 149254 Killed                  nohup python scripts/run_hyperparameter_tuning.py --config "$cfg" --arm d --threshold "$pos" --neg_threshold "$neg" --n_trials "$n_trials" --max_users "$MAX_USERS" --overwrite > "$wlog" 2>&1
./run_hpt_parallel.sh: line 111: 149256 Killed                  nohup python scripts/run_hyperparameter_tuning.py --config "$cfg" --arm d --threshold "$pos" --neg_threshold "$neg" --n_trials "$n_trials" --max_users "$MAX_USERS" --overwrite > "$wlog" 2>&1
./run_hpt_parallel.sh: line 111: 149257 Killed                  nohup python scripts/run_hyperparameter_tuning.py --config "$cfg" --arm d --threshold "$pos" --neg_threshold "$neg" --n_trials "$n_trials" --max_users "$MAX_USERS" --overwrite > "$wlog" 2>&1
./run_hpt_parallel.sh: line 111: 149258 Killed                  nohup python scripts/run_hyperparameter_tuning.py --config "$cfg" --arm d --threshold "$pos" --neg_threshold "$neg" --n_trials "$n_trials" --max_users "$MAX_USERS" --overwrite > "$wlog" 2>&1
./run_hpt_parallel.sh: line 111: 149259 Killed                  nohup python scripts/run_hyperparameter_tuning.py --config "$cfg" --arm d --threshold "$pos" --neg_threshold "$neg" --n_trials "$n_trials" --max_users "$MAX_USERS" --overwrite > "$wlog" 2>&1
./run_hpt_parallel.sh: line 111: 149028 Killed                  nohup python scripts/run_hyperparameter_tuning.py --config "$cfg" --arm d --threshold "$pos" --neg_threshold "$neg" --n_trials "$n_trials" --max_users "$MAX_USERS" --overwrite > "$wlog" 2>&1
./run_hpt_parallel.sh: line 111: 149032 Killed                  nohup python scripts/run_hyperparameter_tuning.py --config "$cfg" --arm d --threshold "$pos" --neg_threshold "$neg" --n_trials "$n_trials" --max_users "$MAX_USERS" --overwrite > "$wlog" 2>&1
./run_hpt_parallel.sh: line 111: 149036 Killed                  nohup python scripts/run_hyperparameter_tuning.py --config "$cfg" --arm d --threshold "$pos" --neg_threshold "$neg" --n_trials "$n_trials" --max_users "$MAX_USERS" --overwrite > "$wlog" 2>&1
./run_hpt_parallel.sh: line 111: 149051 Killed                  nohup python scripts/run_hyperparameter_tuning.py --config "$cfg" --arm d --threshold "$pos" --neg_threshold "$neg" --n_trials "$n_trials" --max_users "$MAX_USERS" --overwrite > "$wlog" 2>&1
./run_hpt_parallel.sh: line 111: 149079 Killed                  nohup python scripts/run_hyperparameter_tuning.py --config "$cfg" --arm d --threshold "$pos" --neg_threshold "$neg" --n_trials "$n_trials" --max_users "$MAX_USERS" --overwrite > "$wlog" 2>&1
./run_hpt_parallel.sh: line 111: 149029 Killed                  nohup python scripts/run_hyperparameter_tuning.py --config "$cfg" --arm d --threshold "$pos" --neg_threshold "$neg" --n_trials "$n_trials" --max_users "$MAX_USERS" --overwrite > "$wlog" 2>&1
./run_hpt_parallel.sh: line 111: 149030 Killed                  nohup python scripts/run_hyperparameter_tuning.py --config "$cfg" --arm d --threshold "$pos" --neg_threshold "$neg" --n_trials "$n_trials" --max_users "$MAX_USERS" --overwrite > "$wlog" 2>&1
./run_hpt_parallel.sh: line 111: 149033 Killed                  nohup python scripts/run_hyperparameter_tuning.py --config "$cfg" --arm d --threshold "$pos" --neg_threshold "$neg" --n_trials "$n_trials" --max_users "$MAX_USERS" --overwrite > "$wlog" 2>&1
./run_hpt_parallel.sh: line 111: 149043 Killed                  nohup python scripts/run_hyperparameter_tuning.py --config "$cfg" --arm d --threshold "$pos" --neg_threshold "$neg" --n_trials "$n_trials" --max_users "$MAX_USERS" --overwrite > "$wlog" 2>&1
./run_hpt_parallel.sh: line 111: 149045 Killed                  nohup python scripts/run_hyperparameter_tuning.py --config "$cfg" --arm d --threshold "$pos" --neg_threshold "$neg" --n_trials "$n_trials" --max_users "$MAX_USERS" --overwrite > "$wlog" 2>&1
./run_hpt_parallel.sh: line 111: 149046 Killed                  nohup python scripts/run_hyperparameter_tuning.py --config "$cfg" --arm d --threshold "$pos" --neg_threshold "$neg" --n_trials "$n_trials" --max_users "$MAX_USERS" --overwrite > "$wlog" 2>&1
./run_hpt_parallel.sh: line 111: 149050 Killed                  nohup python scripts/run_hyperparameter_tuning.py --config "$cfg" --arm d --threshold "$pos" --neg_threshold "$neg" --n_trials "$n_trials" --max_users "$MAX_USERS" --overwrite > "$wlog" 2>&1
./run_hpt_parallel.sh: line 111: 149059 Killed                  nohup python scripts/run_hyperparameter_tuning.py --config "$cfg" --arm d --threshold "$pos" --neg_threshold "$neg" --n_trials "$n_trials" --max_users "$MAX_USERS" --overwrite > "$wlog" 2>&1
./run_hpt_parallel.sh: line 111: 149068 Killed                  nohup python scripts/run_hyperparameter_tuning.py --config "$cfg" --arm d --threshold "$pos" --neg_threshold "$neg" --n_trials "$n_trials" --max_users "$MAX_USERS" --overwrite > "$wlog" 2>&1
./run_hpt_parallel.sh: line 111: 149071 Killed                  nohup python scripts/run_hyperparameter_tuning.py --config "$cfg" --arm d --threshold "$pos" --neg_threshold "$neg" --n_trials "$n_trials" --max_users "$MAX_USERS" --overwrite > "$wlog" 2>&1
./run_hpt_parallel.sh: line 111: 149073 Killed                  nohup python scripts/run_hyperparameter_tuning.py --config "$cfg" --arm d --threshold "$pos" --neg_threshold "$neg" --n_trials "$n_trials" --max_users "$MAX_USERS" --overwrite > "$wlog" 2>&1
./run_hpt_parallel.sh: line 111: 149075 Killed                  nohup python scripts/run_hyperparameter_tuning.py --config "$cfg" --arm d --threshold "$pos" --neg_threshold "$neg" --n_trials "$n_trials" --max_users "$MAX_USERS" --overwrite > "$wlog" 2>&1
./run_hpt_parallel.sh: line 111: 149077 Killed                  nohup python scripts/run_hyperparameter_tuning.py --config "$cfg" --arm d --threshold "$pos" --neg_threshold "$neg" --n_trials "$n_trials" --max_users "$MAX_USERS" --overwrite > "$wlog" 2>&1
./run_hpt_parallel.sh: line 111: 149078 Killed                  nohup python scripts/run_hyperparameter_tuning.py --config "$cfg" --arm d --threshold "$pos" --neg_threshold "$neg" --n_trials "$n_trials" --max_users "$MAX_USERS" --overwrite > "$wlog" 2>&1
./run_hpt_parallel.sh: line 111: 149089 Killed                  nohup python scripts/run_hyperparameter_tuning.py --config "$cfg" --arm d --threshold "$pos" --neg_threshold "$neg" --n_trials "$n_trials" --max_users "$MAX_USERS" --overwrite > "$wlog" 2>&1
./run_hpt_parallel.sh: line 111: 149092 Killed                  nohup python scripts/run_hyperparameter_tuning.py --config "$cfg" --arm d --threshold "$pos" --neg_threshold "$neg" --n_trials "$n_trials" --max_users "$MAX_USERS" --overwrite > "$wlog" 2>&1
./run_hpt_parallel.sh: line 111: 149100 Killed                  nohup python scripts/run_hyperparameter_tuning.py --config "$cfg" --arm d --threshold "$pos" --neg_threshold "$neg" --n_trials "$n_trials" --max_users "$MAX_USERS" --overwrite > "$wlog" 2>&1
./run_hpt_parallel.sh: line 111: 149103 Killed                  nohup python scripts/run_hyperparameter_tuning.py --config "$cfg" --arm d --threshold "$pos" --neg_threshold "$neg" --n_trials "$n_trials" --max_users "$MAX_USERS" --overwrite > "$wlog" 2>&1
./run_hpt_parallel.sh: line 111: 149107 Killed                  nohup python scripts/run_hyperparameter_tuning.py --config "$cfg" --arm d --threshold "$pos" --neg_threshold "$neg" --n_trials "$n_trials" --max_users "$MAX_USERS" --overwrite > "$wlog" 2>&1
./run_hpt_parallel.sh: line 111: 149108 Killed                  nohup python scripts/run_hyperparameter_tuning.py --config "$cfg" --arm d --threshold "$pos" --neg_threshold "$neg" --n_trials "$n_trials" --max_users "$MAX_USERS" --overwrite > "$wlog" 2>&1
./run_hpt_parallel.sh: line 111: 149113 Killed                  nohup python scripts/run_hyperparameter_tuning.py --config "$cfg" --arm d --threshold "$pos" --neg_threshold "$neg" --n_trials "$n_trials" --max_users "$MAX_USERS" --overwrite > "$wlog" 2>&1
./run_hpt_parallel.sh: line 111: 149114 Killed                  nohup python scripts/run_hyperparameter_tuning.py --config "$cfg" --arm d --threshold "$pos" --neg_threshold "$neg" --n_trials "$n_trials" --max_users "$MAX_USERS" --overwrite > "$wlog" 2>&1
./run_hpt_parallel.sh: line 111: 149116 Killed                  nohup python scripts/run_hyperparameter_tuning.py --config "$cfg" --arm d --threshold "$pos" --neg_threshold "$neg" --n_trials "$n_trials" --max_users "$MAX_USERS" --overwrite > "$wlog" 2>&1
./run_hpt_parallel.sh: line 111: 149121 Killed                  nohup python scripts/run_hyperparameter_tuning.py --config "$cfg" --arm d --threshold "$pos" --neg_threshold "$neg" --n_trials "$n_trials" --max_users "$MAX_USERS" --overwrite > "$wlog" 2>&1
./run_hpt_parallel.sh: line 111: 149123 Killed                  nohup python scripts/run_hyperparameter_tuning.py --config "$cfg" --arm d --threshold "$pos" --neg_threshold "$neg" --n_trials "$n_trials" --max_users "$MAX_USERS" --overwrite > "$wlog" 2>&1
./run_hpt_parallel.sh: line 111: 149126 Killed                  nohup python scripts/run_hyperparameter_tuning.py --config "$cfg" --arm d --threshold "$pos" --neg_threshold "$neg" --n_trials "$n_trials" --max_users "$MAX_USERS" --overwrite > "$wlog" 2>&1
./run_hpt_parallel.sh: line 111: 149128 Killed                  nohup python scripts/run_hyperparameter_tuning.py --config "$cfg" --arm d --threshold "$pos" --neg_threshold "$neg" --n_trials "$n_trials" --max_users "$MAX_USERS" --overwrite > "$wlog" 2>&1
./run_hpt_parallel.sh: line 111: 149136 Killed                  nohup python scripts/run_hyperparameter_tuning.py --config "$cfg" --arm d --threshold "$pos" --neg_threshold "$neg" --n_trials "$n_trials" --max_users "$MAX_USERS" --overwrite > "$wlog" 2>&1
./run_hpt_parallel.sh: line 111: 149141 Killed                  nohup python scripts/run_hyperparameter_tuning.py --config "$cfg" --arm d --threshold "$pos" --neg_threshold "$neg" --n_trials "$n_trials" --max_users "$MAX_USERS" --overwrite > "$wlog" 2>&1
./run_hpt_parallel.sh: line 111: 149149 Killed                  nohup python scripts/run_hyperparameter_tuning.py --config "$cfg" --arm d --threshold "$pos" --neg_threshold "$neg" --n_trials "$n_trials" --max_users "$MAX_USERS" --overwrite > "$wlog" 2>&1
./run_hpt_parallel.sh: line 111: 149155 Killed                  nohup python scripts/run_hyperparameter_tuning.py --config "$cfg" --arm d --threshold "$pos" --neg_threshold "$neg" --n_trials "$n_trials" --max_users "$MAX_USERS" --overwrite > "$wlog" 2>&1
./run_hpt_parallel.sh: line 111: 149161 Killed                  nohup python scripts/run_hyperparameter_tuning.py --config "$cfg" --arm d --threshold "$pos" --neg_threshold "$neg" --n_trials "$n_trials" --max_users "$MAX_USERS" --overwrite > "$wlog" 2>&1
./run_hpt_parallel.sh: line 111: 149164 Killed                  nohup python scripts/run_hyperparameter_tuning.py --config "$cfg" --arm d --threshold "$pos" --neg_threshold "$neg" --n_trials "$n_trials" --max_users "$MAX_USERS" --overwrite > "$wlog" 2>&1
./run_hpt_parallel.sh: line 111: 149168 Killed                  nohup python scripts/run_hyperparameter_tuning.py --config "$cfg" --arm d --threshold "$pos" --neg_threshold "$neg" --n_trials "$n_trials" --max_users "$MAX_USERS" --overwrite > "$wlog" 2>&1
./run_hpt_parallel.sh: line 111: 149170 Killed                  nohup python scripts/run_hyperparameter_tuning.py --config "$cfg" --arm d --threshold "$pos" --neg_threshold "$neg" --n_trials "$n_trials" --max_users "$MAX_USERS" --overwrite > "$wlog" 2>&1
./run_hpt_parallel.sh: line 111: 149172 Killed                  nohup python scripts/run_hyperparameter_tuning.py --config "$cfg" --arm d --threshold "$pos" --neg_threshold "$neg" --n_trials "$n_trials" --max_users "$MAX_USERS" --overwrite > "$wlog" 2>&1
./run_hpt_parallel.sh: line 111: 149175 Killed                  nohup python scripts/run_hyperparameter_tuning.py --config "$cfg" --arm d --threshold "$pos" --neg_threshold "$neg" --n_trials "$n_trials" --max_users "$MAX_USERS" --overwrite > "$wlog" 2>&1
./run_hpt_parallel.sh: line 111: 149181 Killed                  nohup python scripts/run_hyperparameter_tuning.py --config "$cfg" --arm d --threshold "$pos" --neg_threshold "$neg" --n_trials "$n_trials" --max_users "$MAX_USERS" --overwrite > "$wlog" 2>&1
./run_hpt_parallel.sh: line 111: 149189 Killed                  nohup python scripts/run_hyperparameter_tuning.py --config "$cfg" --arm d --threshold "$pos" --neg_threshold "$neg" --n_trials "$n_trials" --max_users "$MAX_USERS" --overwrite > "$wlog" 2>&1
./run_hpt_parallel.sh: line 111: 149194 Killed                  nohup python scripts/run_hyperparameter_tuning.py --config "$cfg" --arm d --threshold "$pos" --neg_threshold "$neg" --n_trials "$n_trials" --max_users "$MAX_USERS" --overwrite > "$wlog" 2>&1
./run_hpt_parallel.sh: line 111: 149196 Killed                  nohup python scripts/run_hyperparameter_tuning.py --config "$cfg" --arm d --threshold "$pos" --neg_threshold "$neg" --n_trials "$n_trials" --max_users "$MAX_USERS" --overwrite > "$wlog" 2>&1
./run_hpt_parallel.sh: line 111: 149197 Killed                  nohup python scripts/run_hyperparameter_tuning.py --config "$cfg" --arm d --threshold "$pos" --neg_threshold "$neg" --n_trials "$n_trials" --max_users "$MAX_USERS" --overwrite > "$wlog" 2>&1
./run_hpt_parallel.sh: line 111: 149203 Killed                  nohup python scripts/run_hyperparameter_tuning.py --config "$cfg" --arm d --threshold "$pos" --neg_threshold "$neg" --n_trials "$n_trials" --max_users "$MAX_USERS" --overwrite > "$wlog" 2>&1
./run_hpt_parallel.sh: line 111: 149207 Killed                  nohup python scripts/run_hyperparameter_tuning.py --config "$cfg" --arm d --threshold "$pos" --neg_threshold "$neg" --n_trials "$n_trials" --max_users "$MAX_USERS" --overwrite > "$wlog" 2>&1
./run_hpt_parallel.sh: line 111: 149213 Killed                  nohup python scripts/run_hyperparameter_tuning.py --config "$cfg" --arm d --threshold "$pos" --neg_threshold "$neg" --n_trials "$n_trials" --max_users "$MAX_USERS" --overwrite > "$wlog" 2>&1
./run_hpt_parallel.sh: line 111: 149222 Killed                  nohup python scripts/run_hyperparameter_tuning.py --config "$cfg" --arm d --threshold "$pos" --neg_threshold "$neg" --n_trials "$n_trials" --max_users "$MAX_USERS" --overwrite > "$wlog" 2>&1
./run_hpt_parallel.sh: line 111: 149225 Killed                  nohup python scripts/run_hyperparameter_tuning.py --config "$cfg" --arm d --threshold "$pos" --neg_threshold "$neg" --n_trials "$n_trials" --max_users "$MAX_USERS" --overwrite > "$wlog" 2>&1
./run_hpt_parallel.sh: line 111: 149230 Killed                  nohup python scripts/run_hyperparameter_tuning.py --config "$cfg" --arm d --threshold "$pos" --neg_threshold "$neg" --n_trials "$n_trials" --max_users "$MAX_USERS" --overwrite > "$wlog" 2>&1
./run_hpt_parallel.sh: line 111: 149234 Killed                  nohup python scripts/run_hyperparameter_tuning.py --config "$cfg" --arm d --threshold "$pos" --neg_threshold "$neg" --n_trials "$n_trials" --max_users "$MAX_USERS" --overwrite > "$wlog" 2>&1
./run_hpt_parallel.sh: line 111: 149244 Killed                  nohup python scripts/run_hyperparameter_tuning.py --config "$cfg" --arm d --threshold "$pos" --neg_threshold "$neg" --n_trials "$n_trials" --max_users "$MAX_USERS" --overwrite > "$wlog" 2>&1
./run_hpt_parallel.sh: line 111: 149245 Killed                  nohup python scripts/run_hyperparameter_tuning.py --config "$cfg" --arm d --threshold "$pos" --neg_threshold "$neg" --n_trials "$n_trials" --max_users "$MAX_USERS" --overwrite > "$wlog" 2>&1
./run_hpt_parallel.sh: line 111: 149249 Killed                  nohup python scripts/run_hyperparameter_tuning.py --config "$cfg" --arm d --threshold "$pos" --neg_threshold "$neg" --n_trials "$n_trials" --max_users "$MAX_USERS" --overwrite > "$wlog" 2>&1
./run_hpt_parallel.sh: line 111: 149255 Killed                  nohup python scripts/run_hyperparameter_tuning.py --config "$cfg" --arm d --threshold "$pos" --neg_threshold "$neg" --n_trials "$n_trials" --max_users "$MAX_USERS" --overwrite > "$wlog" 2>&1
./run_hpt_parallel.sh: line 111: 149060 Killed                  nohup python scripts/run_hyperparameter_tuning.py --config "$cfg" --arm d --threshold "$pos" --neg_threshold "$neg" --n_trials "$n_trials" --max_users "$MAX_USERS" --overwrite > "$wlog" 2>&1
./run_hpt_parallel.sh: line 111: 149062 Killed                  nohup python scripts/run_hyperparameter_tuning.py --config "$cfg" --arm d --threshold "$pos" --neg_threshold "$neg" --n_trials "$n_trials" --max_users "$MAX_USERS" --overwrite > "$wlog" 2>&1
./run_hpt_parallel.sh: line 111: 149093 Killed                  nohup python scripts/run_hyperparameter_tuning.py --config "$cfg" --arm d --threshold "$pos" --neg_threshold "$neg" --n_trials "$n_trials" --max_users "$MAX_USERS" --overwrite > "$wlog" 2>&1
./run_hpt_parallel.sh: line 111: 149105 Killed                  nohup python scripts/run_hyperparameter_tuning.py --config "$cfg" --arm d --threshold "$pos" --neg_threshold "$neg" --n_trials "$n_trials" --max_users "$MAX_USERS" --overwrite > "$wlog" 2>&1
./run_hpt_parallel.sh: line 111: 149110 Killed                  nohup python scripts/run_hyperparameter_tuning.py --config "$cfg" --arm d --threshold "$pos" --neg_threshold "$neg" --n_trials "$n_trials" --max_users "$MAX_USERS" --overwrite > "$wlog" 2>&1
./run_hpt_parallel.sh: line 111: 149131 Killed                  nohup python scripts/run_hyperparameter_tuning.py --config "$cfg" --arm d --threshold "$pos" --neg_threshold "$neg" --n_trials "$n_trials" --max_users "$MAX_USERS" --overwrite > "$wlog" 2>&1
./run_hpt_parallel.sh: line 111: 149134 Killed                  nohup python scripts/run_hyperparameter_tuning.py --config "$cfg" --arm d --threshold "$pos" --neg_threshold "$neg" --n_trials "$n_trials" --max_users "$MAX_USERS" --overwrite > "$wlog" 2>&1
./run_hpt_parallel.sh: line 111: 149135 Killed                  nohup python scripts/run_hyperparameter_tuning.py --config "$cfg" --arm d --threshold "$pos" --neg_threshold "$neg" --n_trials "$n_trials" --max_users "$MAX_USERS" --overwrite > "$wlog" 2>&1
./run_hpt_parallel.sh: line 111: 149140 Killed                  nohup python scripts/run_hyperparameter_tuning.py --config "$cfg" --arm d --threshold "$pos" --neg_threshold "$neg" --n_trials "$n_trials" --max_users "$MAX_USERS" --overwrite > "$wlog" 2>&1
./run_hpt_parallel.sh: line 111: 149150 Killed                  nohup python scripts/run_hyperparameter_tuning.py --config "$cfg" --arm d --threshold "$pos" --neg_threshold "$neg" --n_trials "$n_trials" --max_users "$MAX_USERS" --overwrite > "$wlog" 2>&1
./run_hpt_parallel.sh: line 111: 149160 Killed                  nohup python scripts/run_hyperparameter_tuning.py --config "$cfg" --arm d --threshold "$pos" --neg_threshold "$neg" --n_trials "$n_trials" --max_users "$MAX_USERS" --overwrite > "$wlog" 2>&1
./run_hpt_parallel.sh: line 111: 149162 Killed                  nohup python scripts/run_hyperparameter_tuning.py --config "$cfg" --arm d --threshold "$pos" --neg_threshold "$neg" --n_trials "$n_trials" --max_users "$MAX_USERS" --overwrite > "$wlog" 2>&1
./run_hpt_parallel.sh: line 111: 149182 Killed                  nohup python scripts/run_hyperparameter_tuning.py --config "$cfg" --arm d --threshold "$pos" --neg_threshold "$neg" --n_trials "$n_trials" --max_users "$MAX_USERS" --overwrite > "$wlog" 2>&1
./run_hpt_parallel.sh: line 111: 149184 Killed                  nohup python scripts/run_hyperparameter_tuning.py --config "$cfg" --arm d --threshold "$pos" --neg_threshold "$neg" --n_trials "$n_trials" --max_users "$MAX_USERS" --overwrite > "$wlog" 2>&1
  WARNING: one or more workers exited non-zero — check logs
  Results:
    w1: 
    w2: 
    w3: 
    w4: 
    w5: 
    w6: 
    w7: 
    w8: 
    w9: 
    w10: 
    w11: 
    w12: 
    w13: 
    w14: 
    w15: 
    w16: 
    w17: 
    w18: 
    w19: 
    w20: 
    w21: 
    w22: 
    w23: 
    w24: 
    w25: 
    w26: 
    w27: 
    w28: 
    w29: 
    w30: 
    w31: 
    w32: 
    w33: 
    w34: 
    w35: 
    w36: 
    w37: 
    w38: 
    w39: 
    w40: 
    w41: 
    w42: 
    w43: 
    w44: 
    w45: 
    w46: 
    w47: 
    w48: 
    w49: 
    w50: 
    w51: 
    w52: 
    w53: 
    w54: 
    w55: 
    w56: 
    w57: 
    w58: 
    w59: 
    w60: 
    w61: 
    w62: 
    w63: 
    w64: 
    w65: 
    w66: 
    w67: 
    w68: 
    w69: 
    w70: 
    w71: 
    w72: 
    w73: 
    w74: 
    w75: 
    w76: 
    w77: 
    w78: 
    w79: 
    w80: 
    w81: 
    w82: 
    w83: 
    w84: 
    w85: 
    w86: 
    w87: 
    w88: 
    w89: 
    w90: 
    w91: 
    w92: 
    w93: 
    w94: 
    w95: 
    w96: 
    w97: 
    w98: 
    w99: 
    w100: 
    w101: 
    w102: 
    w103: 
    w104: 
    w105: 
    w106: 
    w107: 
    w108: 
    w109: 
    w110: 
    w111: 
    w112: 
    w113: 
    w114: 
    w115: 
    w116: 
    w117: 
    w118: 
    w119: 
    w120: 
    w121: 
    w122: 
    w123: 
    w124: 
    w125: 
    w126: 
    w127: 
    w128: 
    w129: 
    w130: 
    w131: 
    w132: 
    w133: 
    w134: 
    w135: 
    w136: 
    w137: 
    w138: 
    w139: 
    w140: 
    w141: 
    w142: 
    w143: 
    w144: 
    w145: 
    w146: 
    w147: 
    w148: 
    w149: 
    w150: 
    w151: 
    w152: 
    w153: 
    w154: 
    w155: 
    w156: 
    w157: 
    w158: 
    w159: 
    w160: 
    w161: 
    w162: 
    w163: 
    w164: 
    w165: 
    w166: 
    w167: 
    w168: 
    w169: 
    w170: 
    w171: 
    w172: 
    w173: 
    w174: 
    w175: 
    w176: 
    w177: 
    w178: 
    w179: 
    w180: 
    w181: 
    w182: 
    w183: 
    w184: 
    w185: 
    w186: 
    w187: 
    w188: 
    w189: 
    w190: 
    w191: 
    w192: 
    w193: 
    w194: 
    w195: 
    w196: 
    w197: 
    w198: 
    w199: 
    w200: 

══════════════════════════════════════════════════════════════
  Launching 200 workers: movielens_10m / p3_n2
  Config: configs/movielens_10m.yaml  |  pos≥3 neg≤2
  Total target trials: 150  |  MAX_USERS: 5000
  Workers share: outputs/movielens/10m/tuning/arm_d/pos_ge_3_neg_le_2/study.db
══════════════════════════════════════════════════════════════
  [w1] PID 150200  →  logs/hpt_parallel_20260529_223822_movielens_10m_p3_n2_w1.log
  [w2] PID 150201  →  logs/hpt_parallel_20260529_223822_movielens_10m_p3_n2_w2.log
  [w3] PID 150202  →  logs/hpt_parallel_20260529_223822_movielens_10m_p3_n2_w3.log
  [w4] PID 150203  →  logs/hpt_parallel_20260529_223822_movielens_10m_p3_n2_w4.log
  [w5] PID 150204  →  logs/hpt_parallel_20260529_223822_movielens_10m_p3_n2_w5.log
  [w6] PID 150205  →  logs/hpt_parallel_20260529_223822_movielens_10m_p3_n2_w6.log
  [w7] PID 150206  →  logs/hpt_parallel_20260529_223822_movielens_10m_p3_n2_w7.log
  [w8] PID 150207  →  logs/hpt_parallel_20260529_223822_movielens_10m_p3_n2_w8.log
  [w9] PID 150208  →  logs/hpt_parallel_20260529_223822_movielens_10m_p3_n2_w9.log
  [w10] PID 150209  →  logs/hpt_parallel_20260529_223822_movielens_10m_p3_n2_w10.log
  [w11] PID 150210  →  logs/hpt_parallel_20260529_223822_movielens_10m_p3_n2_w11.log
  [w12] PID 150211  →  logs/hpt_parallel_20260529_223822_movielens_10m_p3_n2_w12.log
  [w13] PID 150212  →  logs/hpt_parallel_20260529_223822_movielens_10m_p3_n2_w13.log
  [w14] PID 150213  →  logs/hpt_parallel_20260529_223822_movielens_10m_p3_n2_w14.log
  [w15] PID 150214  →  logs/hpt_parallel_20260529_223822_movielens_10m_p3_n2_w15.log
  [w16] PID 150215  →  logs/hpt_parallel_20260529_223822_movielens_10m_p3_n2_w16.log
  [w17] PID 150216  →  logs/hpt_parallel_20260529_223822_movielens_10m_p3_n2_w17.log
  [w18] PID 150217  →  logs/hpt_parallel_20260529_223822_movielens_10m_p3_n2_w18.log
  [w19] PID 150218  →  logs/hpt_parallel_20260529_223822_movielens_10m_p3_n2_w19.log
  [w20] PID 150219  →  logs/hpt_parallel_20260529_223822_movielens_10m_p3_n2_w20.log
  [w21] PID 150220  →  logs/hpt_parallel_20260529_223822_movielens_10m_p3_n2_w21.log
  [w22] PID 150221  →  logs/hpt_parallel_20260529_223822_movielens_10m_p3_n2_w22.log
  [w23] PID 150222  →  logs/hpt_parallel_20260529_223822_movielens_10m_p3_n2_w23.log
  [w24] PID 150223  →  logs/hpt_parallel_20260529_223822_movielens_10m_p3_n2_w24.log
  [w25] PID 150224  →  logs/hpt_parallel_20260529_223822_movielens_10m_p3_n2_w25.log
  [w26] PID 150225  →  logs/hpt_parallel_20260529_223822_movielens_10m_p3_n2_w26.log
  [w27] PID 150226  →  logs/hpt_parallel_20260529_223822_movielens_10m_p3_n2_w27.log
  [w28] PID 150227  →  logs/hpt_parallel_20260529_223822_movielens_10m_p3_n2_w28.log
  [w29] PID 150228  →  logs/hpt_parallel_20260529_223822_movielens_10m_p3_n2_w29.log
  [w30] PID 150229  →  logs/hpt_parallel_20260529_223822_movielens_10m_p3_n2_w30.log
  [w31] PID 150230  →  logs/hpt_parallel_20260529_223822_movielens_10m_p3_n2_w31.log
  [w32] PID 150231  →  logs/hpt_parallel_20260529_223822_movielens_10m_p3_n2_w32.log
  [w33] PID 150232  →  logs/hpt_parallel_20260529_223822_movielens_10m_p3_n2_w33.log
  [w34] PID 150233  →  logs/hpt_parallel_20260529_223822_movielens_10m_p3_n2_w34.log
  [w35] PID 150234  →  logs/hpt_parallel_20260529_223822_movielens_10m_p3_n2_w35.log
  [w36] PID 150235  →  logs/hpt_parallel_20260529_223822_movielens_10m_p3_n2_w36.log
  [w37] PID 150236  →  logs/hpt_parallel_20260529_223822_movielens_10m_p3_n2_w37.log
  [w38] PID 150237  →  logs/hpt_parallel_20260529_223822_movielens_10m_p3_n2_w38.log
  [w39] PID 150238  →  logs/hpt_parallel_20260529_223822_movielens_10m_p3_n2_w39.log
  [w40] PID 150239  →  logs/hpt_parallel_20260529_223822_movielens_10m_p3_n2_w40.log
  [w41] PID 150240  →  logs/hpt_parallel_20260529_223822_movielens_10m_p3_n2_w41.log
  [w42] PID 150241  →  logs/hpt_parallel_20260529_223822_movielens_10m_p3_n2_w42.log
  [w43] PID 150242  →  logs/hpt_parallel_20260529_223822_movielens_10m_p3_n2_w43.log
  [w44] PID 150243  →  logs/hpt_parallel_20260529_223822_movielens_10m_p3_n2_w44.log
  [w45] PID 150244  →  logs/hpt_parallel_20260529_223822_movielens_10m_p3_n2_w45.log
  [w46] PID 150245  →  logs/hpt_parallel_20260529_223822_movielens_10m_p3_n2_w46.log
  [w47] PID 150246  →  logs/hpt_parallel_20260529_223822_movielens_10m_p3_n2_w47.log
  [w48] PID 150247  →  logs/hpt_parallel_20260529_223822_movielens_10m_p3_n2_w48.log
  [w49] PID 150248  →  logs/hpt_parallel_20260529_223822_movielens_10m_p3_n2_w49.log
  [w50] PID 150249  →  logs/hpt_parallel_20260529_223822_movielens_10m_p3_n2_w50.log
  [w51] PID 150250  →  logs/hpt_parallel_20260529_223822_movielens_10m_p3_n2_w51.log
  [w52] PID 150251  →  logs/hpt_parallel_20260529_223822_movielens_10m_p3_n2_w52.log
  [w53] PID 150252  →  logs/hpt_parallel_20260529_223822_movielens_10m_p3_n2_w53.log
  [w54] PID 150253  →  logs/hpt_parallel_20260529_223822_movielens_10m_p3_n2_w54.log
  [w55] PID 150254  →  logs/hpt_parallel_20260529_223822_movielens_10m_p3_n2_w55.log
  [w56] PID 150255  →  logs/hpt_parallel_20260529_223822_movielens_10m_p3_n2_w56.log
  [w57] PID 150256  →  logs/hpt_parallel_20260529_223822_movielens_10m_p3_n2_w57.log
  [w58] PID 150257  →  logs/hpt_parallel_20260529_223822_movielens_10m_p3_n2_w58.log
  [w59] PID 150258  →  logs/hpt_parallel_20260529_223822_movielens_10m_p3_n2_w59.log
  [w60] PID 150259  →  logs/hpt_parallel_20260529_223822_movielens_10m_p3_n2_w60.log
  [w61] PID 150260  →  logs/hpt_parallel_20260529_223822_movielens_10m_p3_n2_w61.log
  [w62] PID 150261  →  logs/hpt_parallel_20260529_223822_movielens_10m_p3_n2_w62.log
  [w63] PID 150262  →  logs/hpt_parallel_20260529_223822_movielens_10m_p3_n2_w63.log
  [w64] PID 150263  →  logs/hpt_parallel_20260529_223822_movielens_10m_p3_n2_w64.log
  [w65] PID 150264  →  logs/hpt_parallel_20260529_223822_movielens_10m_p3_n2_w65.log
  [w66] PID 150265  →  logs/hpt_parallel_20260529_223822_movielens_10m_p3_n2_w66.log
  [w67] PID 150266  →  logs/hpt_parallel_20260529_223822_movielens_10m_p3_n2_w67.log
  [w68] PID 150267  →  logs/hpt_parallel_20260529_223822_movielens_10m_p3_n2_w68.log
  [w69] PID 150268  →  logs/hpt_parallel_20260529_223822_movielens_10m_p3_n2_w69.log
  [w70] PID 150269  →  logs/hpt_parallel_20260529_223822_movielens_10m_p3_n2_w70.log
  [w71] PID 150270  →  logs/hpt_parallel_20260529_223822_movielens_10m_p3_n2_w71.log
  [w72] PID 150271  →  logs/hpt_parallel_20260529_223822_movielens_10m_p3_n2_w72.log
  [w73] PID 150272  →  logs/hpt_parallel_20260529_223822_movielens_10m_p3_n2_w73.log
  [w74] PID 150273  →  logs/hpt_parallel_20260529_223822_movielens_10m_p3_n2_w74.log
  [w75] PID 150274  →  logs/hpt_parallel_20260529_223822_movielens_10m_p3_n2_w75.log
  [w76] PID 150275  →  logs/hpt_parallel_20260529_223822_movielens_10m_p3_n2_w76.log
  [w77] PID 150276  →  logs/hpt_parallel_20260529_223822_movielens_10m_p3_n2_w77.log
  [w78] PID 150277  →  logs/hpt_parallel_20260529_223822_movielens_10m_p3_n2_w78.log
  [w79] PID 150278  →  logs/hpt_parallel_20260529_223822_movielens_10m_p3_n2_w79.log
  [w80] PID 150279  →  logs/hpt_parallel_20260529_223822_movielens_10m_p3_n2_w80.log
  [w81] PID 150280  →  logs/hpt_parallel_20260529_223822_movielens_10m_p3_n2_w81.log
  [w82] PID 150282  →  logs/hpt_parallel_20260529_223822_movielens_10m_p3_n2_w82.log
  [w83] PID 150283  →  logs/hpt_parallel_20260529_223822_movielens_10m_p3_n2_w83.log
  [w84] PID 150285  →  logs/hpt_parallel_20260529_223822_movielens_10m_p3_n2_w84.log
  [w85] PID 150286  →  logs/hpt_parallel_20260529_223822_movielens_10m_p3_n2_w85.log
  [w86] PID 150287  →  logs/hpt_parallel_20260529_223822_movielens_10m_p3_n2_w86.log
  [w87] PID 150291  →  logs/hpt_parallel_20260529_223822_movielens_10m_p3_n2_w87.log
  [w88] PID 150292  →  logs/hpt_parallel_20260529_223822_movielens_10m_p3_n2_w88.log
  [w89] PID 150293  →  logs/hpt_parallel_20260529_223822_movielens_10m_p3_n2_w89.log
  [w90] PID 150294  →  logs/hpt_parallel_20260529_223822_movielens_10m_p3_n2_w90.log
  [w91] PID 150295  →  logs/hpt_parallel_20260529_223822_movielens_10m_p3_n2_w91.log
  [w92] PID 150296  →  logs/hpt_parallel_20260529_223822_movielens_10m_p3_n2_w92.log
  [w93] PID 150298  →  logs/hpt_parallel_20260529_223822_movielens_10m_p3_n2_w93.log
  [w94] PID 150300  →  logs/hpt_parallel_20260529_223822_movielens_10m_p3_n2_w94.log
  [w95] PID 150302  →  logs/hpt_parallel_20260529_223822_movielens_10m_p3_n2_w95.log
  [w96] PID 150304  →  logs/hpt_parallel_20260529_223822_movielens_10m_p3_n2_w96.log
  [w97] PID 150305  →  logs/hpt_parallel_20260529_223822_movielens_10m_p3_n2_w97.log
  [w98] PID 150307  →  logs/hpt_parallel_20260529_223822_movielens_10m_p3_n2_w98.log
  [w99] PID 150312  →  logs/hpt_parallel_20260529_223822_movielens_10m_p3_n2_w99.log
  [w100] PID 150313  →  logs/hpt_parallel_20260529_223822_movielens_10m_p3_n2_w100.log
  [w101] PID 150314  →  logs/hpt_parallel_20260529_223822_movielens_10m_p3_n2_w101.log
  [w102] PID 150315  →  logs/hpt_parallel_20260529_223822_movielens_10m_p3_n2_w102.log
  [w103] PID 150317  →  logs/hpt_parallel_20260529_223822_movielens_10m_p3_n2_w103.log
  [w104] PID 150320  →  logs/hpt_parallel_20260529_223822_movielens_10m_p3_n2_w104.log
  [w105] PID 150321  →  logs/hpt_parallel_20260529_223822_movielens_10m_p3_n2_w105.log
  [w106] PID 150322  →  logs/hpt_parallel_20260529_223822_movielens_10m_p3_n2_w106.log
  [w107] PID 150323  →  logs/hpt_parallel_20260529_223822_movielens_10m_p3_n2_w107.log
  [w108] PID 150325  →  logs/hpt_parallel_20260529_223822_movielens_10m_p3_n2_w108.log
  [w109] PID 150326  →  logs/hpt_parallel_20260529_223822_movielens_10m_p3_n2_w109.log
  [w110] PID 150327  →  logs/hpt_parallel_20260529_223822_movielens_10m_p3_n2_w110.log
  [w111] PID 150328  →  logs/hpt_parallel_20260529_223822_movielens_10m_p3_n2_w111.log
  [w112] PID 150329  →  logs/hpt_parallel_20260529_223822_movielens_10m_p3_n2_w112.log
  [w113] PID 150330  →  logs/hpt_parallel_20260529_223822_movielens_10m_p3_n2_w113.log
  [w114] PID 150331  →  logs/hpt_parallel_20260529_223822_movielens_10m_p3_n2_w114.log
  [w115] PID 150333  →  logs/hpt_parallel_20260529_223822_movielens_10m_p3_n2_w115.log
  [w116] PID 150334  →  logs/hpt_parallel_20260529_223822_movielens_10m_p3_n2_w116.log
  [w117] PID 150335  →  logs/hpt_parallel_20260529_223822_movielens_10m_p3_n2_w117.log
  [w118] PID 150336  →  logs/hpt_parallel_20260529_223822_movielens_10m_p3_n2_w118.log
  [w119] PID 150338  →  logs/hpt_parallel_20260529_223822_movielens_10m_p3_n2_w119.log
  [w120] PID 150339  →  logs/hpt_parallel_20260529_223822_movielens_10m_p3_n2_w120.log
  [w121] PID 150340  →  logs/hpt_parallel_20260529_223822_movielens_10m_p3_n2_w121.log
  [w122] PID 150341  →  logs/hpt_parallel_20260529_223822_movielens_10m_p3_n2_w122.log
  [w123] PID 150342  →  logs/hpt_parallel_20260529_223822_movielens_10m_p3_n2_w123.log
  [w124] PID 150343  →  logs/hpt_parallel_20260529_223822_movielens_10m_p3_n2_w124.log
  [w125] PID 150348  →  logs/hpt_parallel_20260529_223822_movielens_10m_p3_n2_w125.log
  [w126] PID 150350  →  logs/hpt_parallel_20260529_223822_movielens_10m_p3_n2_w126.log
  [w127] PID 150351  →  logs/hpt_parallel_20260529_223822_movielens_10m_p3_n2_w127.log
  [w128] PID 150352  →  logs/hpt_parallel_20260529_223822_movielens_10m_p3_n2_w128.log
  [w129] PID 150353  →  logs/hpt_parallel_20260529_223822_movielens_10m_p3_n2_w129.log
  [w130] PID 150355  →  logs/hpt_parallel_20260529_223822_movielens_10m_p3_n2_w130.log
  [w131] PID 150357  →  logs/hpt_parallel_20260529_223822_movielens_10m_p3_n2_w131.log
  [w132] PID 150360  →  logs/hpt_parallel_20260529_223822_movielens_10m_p3_n2_w132.log
  [w133] PID 150362  →  logs/hpt_parallel_20260529_223822_movielens_10m_p3_n2_w133.log
  [w134] PID 150363  →  logs/hpt_parallel_20260529_223822_movielens_10m_p3_n2_w134.log
  [w135] PID 150366  →  logs/hpt_parallel_20260529_223822_movielens_10m_p3_n2_w135.log
  [w136] PID 150368  →  logs/hpt_parallel_20260529_223822_movielens_10m_p3_n2_w136.log
  [w137] PID 150369  →  logs/hpt_parallel_20260529_223822_movielens_10m_p3_n2_w137.log
  [w138] PID 150370  →  logs/hpt_parallel_20260529_223822_movielens_10m_p3_n2_w138.log
  [w139] PID 150371  →  logs/hpt_parallel_20260529_223822_movielens_10m_p3_n2_w139.log
  [w140] PID 150372  →  logs/hpt_parallel_20260529_223822_movielens_10m_p3_n2_w140.log
  [w141] PID 150376  →  logs/hpt_parallel_20260529_223822_movielens_10m_p3_n2_w141.log
  [w142] PID 150377  →  logs/hpt_parallel_20260529_223822_movielens_10m_p3_n2_w142.log
  [w143] PID 150379  →  logs/hpt_parallel_20260529_223822_movielens_10m_p3_n2_w143.log
  [w144] PID 150380  →  logs/hpt_parallel_20260529_223822_movielens_10m_p3_n2_w144.log
  [w145] PID 150382  →  logs/hpt_parallel_20260529_223822_movielens_10m_p3_n2_w145.log
  [w146] PID 150383  →  logs/hpt_parallel_20260529_223822_movielens_10m_p3_n2_w146.log
  [w147] PID 150385  →  logs/hpt_parallel_20260529_223822_movielens_10m_p3_n2_w147.log
  [w148] PID 150386  →  logs/hpt_parallel_20260529_223822_movielens_10m_p3_n2_w148.log
  [w149] PID 150388  →  logs/hpt_parallel_20260529_223822_movielens_10m_p3_n2_w149.log
  [w150] PID 150390  →  logs/hpt_parallel_20260529_223822_movielens_10m_p3_n2_w150.log
  [w151] PID 150391  →  logs/hpt_parallel_20260529_223822_movielens_10m_p3_n2_w151.log
  [w152] PID 150392  →  logs/hpt_parallel_20260529_223822_movielens_10m_p3_n2_w152.log
  [w153] PID 150393  →  logs/hpt_parallel_20260529_223822_movielens_10m_p3_n2_w153.log
  [w154] PID 150394  →  logs/hpt_parallel_20260529_223822_movielens_10m_p3_n2_w154.log
  [w155] PID 150395  →  logs/hpt_parallel_20260529_223822_movielens_10m_p3_n2_w155.log
  [w156] PID 150401  →  logs/hpt_parallel_20260529_223822_movielens_10m_p3_n2_w156.log
  [w157] PID 150402  →  logs/hpt_parallel_20260529_223822_movielens_10m_p3_n2_w157.log
  [w158] PID 150403  →  logs/hpt_parallel_20260529_223822_movielens_10m_p3_n2_w158.log
  [w159] PID 150404  →  logs/hpt_parallel_20260529_223822_movielens_10m_p3_n2_w159.log
  [w160] PID 150405  →  logs/hpt_parallel_20260529_223822_movielens_10m_p3_n2_w160.log
  [w161] PID 150410  →  logs/hpt_parallel_20260529_223822_movielens_10m_p3_n2_w161.log
  [w162] PID 150411  →  logs/hpt_parallel_20260529_223822_movielens_10m_p3_n2_w162.log
  [w163] PID 150413  →  logs/hpt_parallel_20260529_223822_movielens_10m_p3_n2_w163.log
  [w164] PID 150415  →  logs/hpt_parallel_20260529_223822_movielens_10m_p3_n2_w164.log
  [w165] PID 150416  →  logs/hpt_parallel_20260529_223822_movielens_10m_p3_n2_w165.log
  [w166] PID 150422  →  logs/hpt_parallel_20260529_223822_movielens_10m_p3_n2_w166.log
  [w167] PID 150423  →  logs/hpt_parallel_20260529_223822_movielens_10m_p3_n2_w167.log
  [w168] PID 150424  →  logs/hpt_parallel_20260529_223822_movielens_10m_p3_n2_w168.log
  [w169] PID 150425  →  logs/hpt_parallel_20260529_223822_movielens_10m_p3_n2_w169.log
  [w170] PID 150426  →  logs/hpt_parallel_20260529_223822_movielens_10m_p3_n2_w170.log
  [w171] PID 150429  →  logs/hpt_parallel_20260529_223822_movielens_10m_p3_n2_w171.log
  [w172] PID 150430  →  logs/hpt_parallel_20260529_223822_movielens_10m_p3_n2_w172.log
  [w173] PID 150431  →  logs/hpt_parallel_20260529_223822_movielens_10m_p3_n2_w173.log
  [w174] PID 150432  →  logs/hpt_parallel_20260529_223822_movielens_10m_p3_n2_w174.log
  [w175] PID 150433  →  logs/hpt_parallel_20260529_223822_movielens_10m_p3_n2_w175.log
  [w176] PID 150436  →  logs/hpt_parallel_20260529_223822_movielens_10m_p3_n2_w176.log
  [w177] PID 150437  →  logs/hpt_parallel_20260529_223822_movielens_10m_p3_n2_w177.log
  [w178] PID 150438  →  logs/hpt_parallel_20260529_223822_movielens_10m_p3_n2_w178.log
  [w179] PID 150439  →  logs/hpt_parallel_20260529_223822_movielens_10m_p3_n2_w179.log
  [w180] PID 150440  →  logs/hpt_parallel_20260529_223822_movielens_10m_p3_n2_w180.log
  [w181] PID 150444  →  logs/hpt_parallel_20260529_223822_movielens_10m_p3_n2_w181.log
  [w182] PID 150445  →  logs/hpt_parallel_20260529_223822_movielens_10m_p3_n2_w182.log
  [w183] PID 150446  →  logs/hpt_parallel_20260529_223822_movielens_10m_p3_n2_w183.log
  [w184] PID 150447  →  logs/hpt_parallel_20260529_223822_movielens_10m_p3_n2_w184.log
  [w185] PID 150448  →  logs/hpt_parallel_20260529_223822_movielens_10m_p3_n2_w185.log
  [w186] PID 150451  →  logs/hpt_parallel_20260529_223822_movielens_10m_p3_n2_w186.log
  [w187] PID 150452  →  logs/hpt_parallel_20260529_223822_movielens_10m_p3_n2_w187.log
  [w188] PID 150453  →  logs/hpt_parallel_20260529_223822_movielens_10m_p3_n2_w188.log
  [w189] PID 150454  →  logs/hpt_parallel_20260529_223822_movielens_10m_p3_n2_w189.log
  [w190] PID 150455  →  logs/hpt_parallel_20260529_223822_movielens_10m_p3_n2_w190.log
  [w191] PID 150460  →  logs/hpt_parallel_20260529_223822_movielens_10m_p3_n2_w191.log
  [w192] PID 150461  →  logs/hpt_parallel_20260529_223822_movielens_10m_p3_n2_w192.log
  [w193] PID 150462  →  logs/hpt_parallel_20260529_223822_movielens_10m_p3_n2_w193.log
  [w194] PID 150463  →  logs/hpt_parallel_20260529_223822_movielens_10m_p3_n2_w194.log
  [w195] PID 150464  →  logs/hpt_parallel_20260529_223822_movielens_10m_p3_n2_w195.log
  [w196] PID 150469  →  logs/hpt_parallel_20260529_223822_movielens_10m_p3_n2_w196.log
  [w197] PID 150470  →  logs/hpt_parallel_20260529_223822_movielens_10m_p3_n2_w197.log
  [w198] PID 150471  →  logs/hpt_parallel_20260529_223822_movielens_10m_p3_n2_w198.log
  [w199] PID 150472  →  logs/hpt_parallel_20260529_223822_movielens_10m_p3_n2_w199.log
  [w200] PID 150473  →  logs/hpt_parallel_20260529_223822_movielens_10m_p3_n2_w200.log
  Waiting for all 200 workers to finish...
./run_hpt_parallel.sh: line 111: 150200 Killed                  nohup python scripts/run_hyperparameter_tuning.py --config "$cfg" --arm d --threshold "$pos" --neg_threshold "$neg" --n_trials "$n_trials" --max_users "$MAX_USERS" --overwrite > "$wlog" 2>&1
./run_hpt_parallel.sh: line 111: 150202 Killed                  nohup python scripts/run_hyperparameter_tuning.py --config "$cfg" --arm d --threshold "$pos" --neg_threshold "$neg" --n_trials "$n_trials" --max_users "$MAX_USERS" --overwrite > "$wlog" 2>&1
./run_hpt_parallel.sh: line 111: 150224 Killed                  nohup python scripts/run_hyperparameter_tuning.py --config "$cfg" --arm d --threshold "$pos" --neg_threshold "$neg" --n_trials "$n_trials" --max_users "$MAX_USERS" --overwrite > "$wlog" 2>&1
./run_hpt_parallel.sh: line 111: 150226 Killed                  nohup python scripts/run_hyperparameter_tuning.py --config "$cfg" --arm d --threshold "$pos" --neg_threshold "$neg" --n_trials "$n_trials" --max_users "$MAX_USERS" --overwrite > "$wlog" 2>&1
./run_hpt_parallel.sh: line 111: 150228 Killed                  nohup python scripts/run_hyperparameter_tuning.py --config "$cfg" --arm d --threshold "$pos" --neg_threshold "$neg" --n_trials "$n_trials" --max_users "$MAX_USERS" --overwrite > "$wlog" 2>&1
./run_hpt_parallel.sh: line 111: 150233 Killed                  nohup python scripts/run_hyperparameter_tuning.py --config "$cfg" --arm d --threshold "$pos" --neg_threshold "$neg" --n_trials "$n_trials" --max_users "$MAX_USERS" --overwrite > "$wlog" 2>&1
./run_hpt_parallel.sh: line 111: 150247 Killed                  nohup python scripts/run_hyperparameter_tuning.py --config "$cfg" --arm d --threshold "$pos" --neg_threshold "$neg" --n_trials "$n_trials" --max_users "$MAX_USERS" --overwrite > "$wlog" 2>&1
./run_hpt_parallel.sh: line 111: 150250 Killed                  nohup python scripts/run_hyperparameter_tuning.py --config "$cfg" --arm d --threshold "$pos" --neg_threshold "$neg" --n_trials "$n_trials" --max_users "$MAX_USERS" --overwrite > "$wlog" 2>&1
./run_hpt_parallel.sh: line 111: 150252 Killed                  nohup python scripts/run_hyperparameter_tuning.py --config "$cfg" --arm d --threshold "$pos" --neg_threshold "$neg" --n_trials "$n_trials" --max_users "$MAX_USERS" --overwrite > "$wlog" 2>&1
./run_hpt_parallel.sh: line 111: 150258 Killed                  nohup python scripts/run_hyperparameter_tuning.py --config "$cfg" --arm d --threshold "$pos" --neg_threshold "$neg" --n_trials "$n_trials" --max_users "$MAX_USERS" --overwrite > "$wlog" 2>&1
./run_hpt_parallel.sh: line 111: 150266 Killed                  nohup python scripts/run_hyperparameter_tuning.py --config "$cfg" --arm d --threshold "$pos" --neg_threshold "$neg" --n_trials "$n_trials" --max_users "$MAX_USERS" --overwrite > "$wlog" 2>&1
./run_hpt_parallel.sh: line 111: 150282 Killed                  nohup python scripts/run_hyperparameter_tuning.py --config "$cfg" --arm d --threshold "$pos" --neg_threshold "$neg" --n_trials "$n_trials" --max_users "$MAX_USERS" --overwrite > "$wlog" 2>&1
./run_hpt_parallel.sh: line 111: 150298 Killed                  nohup python scripts/run_hyperparameter_tuning.py --config "$cfg" --arm d --threshold "$pos" --neg_threshold "$neg" --n_trials "$n_trials" --max_users "$MAX_USERS" --overwrite > "$wlog" 2>&1
./run_hpt_parallel.sh: line 111: 150334 Killed                  nohup python scripts/run_hyperparameter_tuning.py --config "$cfg" --arm d --threshold "$pos" --neg_threshold "$neg" --n_trials "$n_trials" --max_users "$MAX_USERS" --overwrite > "$wlog" 2>&1
./run_hpt_parallel.sh: line 111: 150355 Killed                  nohup python scripts/run_hyperparameter_tuning.py --config "$cfg" --arm d --threshold "$pos" --neg_threshold "$neg" --n_trials "$n_trials" --max_users "$MAX_USERS" --overwrite > "$wlog" 2>&1
./run_hpt_parallel.sh: line 111: 150201 Killed                  nohup python scripts/run_hyperparameter_tuning.py --config "$cfg" --arm d --threshold "$pos" --neg_threshold "$neg" --n_trials "$n_trials" --max_users "$MAX_USERS" --overwrite > "$wlog" 2>&1
./run_hpt_parallel.sh: line 111: 150204 Killed                  nohup python scripts/run_hyperparameter_tuning.py --config "$cfg" --arm d --threshold "$pos" --neg_threshold "$neg" --n_trials "$n_trials" --max_users "$MAX_USERS" --overwrite > "$wlog" 2>&1
./run_hpt_parallel.sh: line 111: 150213 Killed                  nohup python scripts/run_hyperparameter_tuning.py --config "$cfg" --arm d --threshold "$pos" --neg_threshold "$neg" --n_trials "$n_trials" --max_users "$MAX_USERS" --overwrite > "$wlog" 2>&1
./run_hpt_parallel.sh: line 111: 150215 Killed                  nohup python scripts/run_hyperparameter_tuning.py --config "$cfg" --arm d --threshold "$pos" --neg_threshold "$neg" --n_trials "$n_trials" --max_users "$MAX_USERS" --overwrite > "$wlog" 2>&1
./run_hpt_parallel.sh: line 111: 150231 Killed                  nohup python scripts/run_hyperparameter_tuning.py --config "$cfg" --arm d --threshold "$pos" --neg_threshold "$neg" --n_trials "$n_trials" --max_users "$MAX_USERS" --overwrite > "$wlog" 2>&1
./run_hpt_parallel.sh: line 111: 150232 Killed                  nohup python scripts/run_hyperparameter_tuning.py --config "$cfg" --arm d --threshold "$pos" --neg_threshold "$neg" --n_trials "$n_trials" --max_users "$MAX_USERS" --overwrite > "$wlog" 2>&1
./run_hpt_parallel.sh: line 111: 150251 Killed                  nohup python scripts/run_hyperparameter_tuning.py --config "$cfg" --arm d --threshold "$pos" --neg_threshold "$neg" --n_trials "$n_trials" --max_users "$MAX_USERS" --overwrite > "$wlog" 2>&1
./run_hpt_parallel.sh: line 111: 150269 Killed                  nohup python scripts/run_hyperparameter_tuning.py --config "$cfg" --arm d --threshold "$pos" --neg_threshold "$neg" --n_trials "$n_trials" --max_users "$MAX_USERS" --overwrite > "$wlog" 2>&1
./run_hpt_parallel.sh: line 111: 150348 Killed                  nohup python scripts/run_hyperparameter_tuning.py --config "$cfg" --arm d --threshold "$pos" --neg_threshold "$neg" --n_trials "$n_trials" --max_users "$MAX_USERS" --overwrite > "$wlog" 2>&1
./run_hpt_parallel.sh: line 111: 150380 Killed                  nohup python scripts/run_hyperparameter_tuning.py --config "$cfg" --arm d --threshold "$pos" --neg_threshold "$neg" --n_trials "$n_trials" --max_users "$MAX_USERS" --overwrite > "$wlog" 2>&1
./run_hpt_parallel.sh: line 111: 150383 Killed                  nohup python scripts/run_hyperparameter_tuning.py --config "$cfg" --arm d --threshold "$pos" --neg_threshold "$neg" --n_trials "$n_trials" --max_users "$MAX_USERS" --overwrite > "$wlog" 2>&1
./run_hpt_parallel.sh: line 111: 150388 Killed                  nohup python scripts/run_hyperparameter_tuning.py --config "$cfg" --arm d --threshold "$pos" --neg_threshold "$neg" --n_trials "$n_trials" --max_users "$MAX_USERS" --overwrite > "$wlog" 2>&1
./run_hpt_parallel.sh: line 111: 150392 Killed                  nohup python scripts/run_hyperparameter_tuning.py --config "$cfg" --arm d --threshold "$pos" --neg_threshold "$neg" --n_trials "$n_trials" --max_users "$MAX_USERS" --overwrite > "$wlog" 2>&1
./run_hpt_parallel.sh: line 111: 150203 Killed                  nohup python scripts/run_hyperparameter_tuning.py --config "$cfg" --arm d --threshold "$pos" --neg_threshold "$neg" --n_trials "$n_trials" --max_users "$MAX_USERS" --overwrite > "$wlog" 2>&1
./run_hpt_parallel.sh: line 111: 150205 Killed                  nohup python scripts/run_hyperparameter_tuning.py --config "$cfg" --arm d --threshold "$pos" --neg_threshold "$neg" --n_trials "$n_trials" --max_users "$MAX_USERS" --overwrite > "$wlog" 2>&1
./run_hpt_parallel.sh: line 111: 150206 Killed                  nohup python scripts/run_hyperparameter_tuning.py --config "$cfg" --arm d --threshold "$pos" --neg_threshold "$neg" --n_trials "$n_trials" --max_users "$MAX_USERS" --overwrite > "$wlog" 2>&1
./run_hpt_parallel.sh: line 111: 150207 Killed                  nohup python scripts/run_hyperparameter_tuning.py --config "$cfg" --arm d --threshold "$pos" --neg_threshold "$neg" --n_trials "$n_trials" --max_users "$MAX_USERS" --overwrite > "$wlog" 2>&1
./run_hpt_parallel.sh: line 111: 150208 Killed                  nohup python scripts/run_hyperparameter_tuning.py --config "$cfg" --arm d --threshold "$pos" --neg_threshold "$neg" --n_trials "$n_trials" --max_users "$MAX_USERS" --overwrite > "$wlog" 2>&1
./run_hpt_parallel.sh: line 111: 150209 Killed                  nohup python scripts/run_hyperparameter_tuning.py --config "$cfg" --arm d --threshold "$pos" --neg_threshold "$neg" --n_trials "$n_trials" --max_users "$MAX_USERS" --overwrite > "$wlog" 2>&1
./run_hpt_parallel.sh: line 111: 150210 Killed                  nohup python scripts/run_hyperparameter_tuning.py --config "$cfg" --arm d --threshold "$pos" --neg_threshold "$neg" --n_trials "$n_trials" --max_users "$MAX_USERS" --overwrite > "$wlog" 2>&1
./run_hpt_parallel.sh: line 111: 150211 Killed                  nohup python scripts/run_hyperparameter_tuning.py --config "$cfg" --arm d --threshold "$pos" --neg_threshold "$neg" --n_trials "$n_trials" --max_users "$MAX_USERS" --overwrite > "$wlog" 2>&1
./run_hpt_parallel.sh: line 111: 150212 Killed                  nohup python scripts/run_hyperparameter_tuning.py --config "$cfg" --arm d --threshold "$pos" --neg_threshold "$neg" --n_trials "$n_trials" --max_users "$MAX_USERS" --overwrite > "$wlog" 2>&1
./run_hpt_parallel.sh: line 111: 150216 Killed                  nohup python scripts/run_hyperparameter_tuning.py --config "$cfg" --arm d --threshold "$pos" --neg_threshold "$neg" --n_trials "$n_trials" --max_users "$MAX_USERS" --overwrite > "$wlog" 2>&1
./run_hpt_parallel.sh: line 111: 150217 Killed                  nohup python scripts/run_hyperparameter_tuning.py --config "$cfg" --arm d --threshold "$pos" --neg_threshold "$neg" --n_trials "$n_trials" --max_users "$MAX_USERS" --overwrite > "$wlog" 2>&1
./run_hpt_parallel.sh: line 111: 150218 Killed                  nohup python scripts/run_hyperparameter_tuning.py --config "$cfg" --arm d --threshold "$pos" --neg_threshold "$neg" --n_trials "$n_trials" --max_users "$MAX_USERS" --overwrite > "$wlog" 2>&1
./run_hpt_parallel.sh: line 111: 150219 Killed                  nohup python scripts/run_hyperparameter_tuning.py --config "$cfg" --arm d --threshold "$pos" --neg_threshold "$neg" --n_trials "$n_trials" --max_users "$MAX_USERS" --overwrite > "$wlog" 2>&1
./run_hpt_parallel.sh: line 111: 150220 Killed                  nohup python scripts/run_hyperparameter_tuning.py --config "$cfg" --arm d --threshold "$pos" --neg_threshold "$neg" --n_trials "$n_trials" --max_users "$MAX_USERS" --overwrite > "$wlog" 2>&1
./run_hpt_parallel.sh: line 111: 150221 Killed                  nohup python scripts/run_hyperparameter_tuning.py --config "$cfg" --arm d --threshold "$pos" --neg_threshold "$neg" --n_trials "$n_trials" --max_users "$MAX_USERS" --overwrite > "$wlog" 2>&1
./run_hpt_parallel.sh: line 111: 150223 Killed                  nohup python scripts/run_hyperparameter_tuning.py --config "$cfg" --arm d --threshold "$pos" --neg_threshold "$neg" --n_trials "$n_trials" --max_users "$MAX_USERS" --overwrite > "$wlog" 2>&1
./run_hpt_parallel.sh: line 111: 150227 Killed                  nohup python scripts/run_hyperparameter_tuning.py --config "$cfg" --arm d --threshold "$pos" --neg_threshold "$neg" --n_trials "$n_trials" --max_users "$MAX_USERS" --overwrite > "$wlog" 2>&1
./run_hpt_parallel.sh: line 111: 150229 Killed                  nohup python scripts/run_hyperparameter_tuning.py --config "$cfg" --arm d --threshold "$pos" --neg_threshold "$neg" --n_trials "$n_trials" --max_users "$MAX_USERS" --overwrite > "$wlog" 2>&1
./run_hpt_parallel.sh: line 111: 150230 Killed                  nohup python scripts/run_hyperparameter_tuning.py --config "$cfg" --arm d --threshold "$pos" --neg_threshold "$neg" --n_trials "$n_trials" --max_users "$MAX_USERS" --overwrite > "$wlog" 2>&1
./run_hpt_parallel.sh: line 111: 150234 Killed                  nohup python scripts/run_hyperparameter_tuning.py --config "$cfg" --arm d --threshold "$pos" --neg_threshold "$neg" --n_trials "$n_trials" --max_users "$MAX_USERS" --overwrite > "$wlog" 2>&1
./run_hpt_parallel.sh: line 111: 150235 Killed                  nohup python scripts/run_hyperparameter_tuning.py --config "$cfg" --arm d --threshold "$pos" --neg_threshold "$neg" --n_trials "$n_trials" --max_users "$MAX_USERS" --overwrite > "$wlog" 2>&1
./run_hpt_parallel.sh: line 111: 150236 Killed                  nohup python scripts/run_hyperparameter_tuning.py --config "$cfg" --arm d --threshold "$pos" --neg_threshold "$neg" --n_trials "$n_trials" --max_users "$MAX_USERS" --overwrite > "$wlog" 2>&1
./run_hpt_parallel.sh: line 111: 150237 Killed                  nohup python scripts/run_hyperparameter_tuning.py --config "$cfg" --arm d --threshold "$pos" --neg_threshold "$neg" --n_trials "$n_trials" --max_users "$MAX_USERS" --overwrite > "$wlog" 2>&1
./run_hpt_parallel.sh: line 111: 150239 Killed                  nohup python scripts/run_hyperparameter_tuning.py --config "$cfg" --arm d --threshold "$pos" --neg_threshold "$neg" --n_trials "$n_trials" --max_users "$MAX_USERS" --overwrite > "$wlog" 2>&1
./run_hpt_parallel.sh: line 111: 150240 Killed                  nohup python scripts/run_hyperparameter_tuning.py --config "$cfg" --arm d --threshold "$pos" --neg_threshold "$neg" --n_trials "$n_trials" --max_users "$MAX_USERS" --overwrite > "$wlog" 2>&1
./run_hpt_parallel.sh: line 111: 150241 Killed                  nohup python scripts/run_hyperparameter_tuning.py --config "$cfg" --arm d --threshold "$pos" --neg_threshold "$neg" --n_trials "$n_trials" --max_users "$MAX_USERS" --overwrite > "$wlog" 2>&1
./run_hpt_parallel.sh: line 111: 150243 Killed                  nohup python scripts/run_hyperparameter_tuning.py --config "$cfg" --arm d --threshold "$pos" --neg_threshold "$neg" --n_trials "$n_trials" --max_users "$MAX_USERS" --overwrite > "$wlog" 2>&1
./run_hpt_parallel.sh: line 111: 150244 Killed                  nohup python scripts/run_hyperparameter_tuning.py --config "$cfg" --arm d --threshold "$pos" --neg_threshold "$neg" --n_trials "$n_trials" --max_users "$MAX_USERS" --overwrite > "$wlog" 2>&1
./run_hpt_parallel.sh: line 111: 150245 Killed                  nohup python scripts/run_hyperparameter_tuning.py --config "$cfg" --arm d --threshold "$pos" --neg_threshold "$neg" --n_trials "$n_trials" --max_users "$MAX_USERS" --overwrite > "$wlog" 2>&1
./run_hpt_parallel.sh: line 111: 150249 Killed                  nohup python scripts/run_hyperparameter_tuning.py --config "$cfg" --arm d --threshold "$pos" --neg_threshold "$neg" --n_trials "$n_trials" --max_users "$MAX_USERS" --overwrite > "$wlog" 2>&1
./run_hpt_parallel.sh: line 111: 150253 Killed                  nohup python scripts/run_hyperparameter_tuning.py --config "$cfg" --arm d --threshold "$pos" --neg_threshold "$neg" --n_trials "$n_trials" --max_users "$MAX_USERS" --overwrite > "$wlog" 2>&1
./run_hpt_parallel.sh: line 111: 150254 Killed                  nohup python scripts/run_hyperparameter_tuning.py --config "$cfg" --arm d --threshold "$pos" --neg_threshold "$neg" --n_trials "$n_trials" --max_users "$MAX_USERS" --overwrite > "$wlog" 2>&1
./run_hpt_parallel.sh: line 111: 150255 Killed                  nohup python scripts/run_hyperparameter_tuning.py --config "$cfg" --arm d --threshold "$pos" --neg_threshold "$neg" --n_trials "$n_trials" --max_users "$MAX_USERS" --overwrite > "$wlog" 2>&1
./run_hpt_parallel.sh: line 111: 150256 Killed                  nohup python scripts/run_hyperparameter_tuning.py --config "$cfg" --arm d --threshold "$pos" --neg_threshold "$neg" --n_trials "$n_trials" --max_users "$MAX_USERS" --overwrite > "$wlog" 2>&1
./run_hpt_parallel.sh: line 111: 150257 Killed                  nohup python scripts/run_hyperparameter_tuning.py --config "$cfg" --arm d --threshold "$pos" --neg_threshold "$neg" --n_trials "$n_trials" --max_users "$MAX_USERS" --overwrite > "$wlog" 2>&1
./run_hpt_parallel.sh: line 111: 150259 Killed                  nohup python scripts/run_hyperparameter_tuning.py --config "$cfg" --arm d --threshold "$pos" --neg_threshold "$neg" --n_trials "$n_trials" --max_users "$MAX_USERS" --overwrite > "$wlog" 2>&1
./run_hpt_parallel.sh: line 111: 150260 Killed                  nohup python scripts/run_hyperparameter_tuning.py --config "$cfg" --arm d --threshold "$pos" --neg_threshold "$neg" --n_trials "$n_trials" --max_users "$MAX_USERS" --overwrite > "$wlog" 2>&1
./run_hpt_parallel.sh: line 111: 150261 Killed                  nohup python scripts/run_hyperparameter_tuning.py --config "$cfg" --arm d --threshold "$pos" --neg_threshold "$neg" --n_trials "$n_trials" --max_users "$MAX_USERS" --overwrite > "$wlog" 2>&1
./run_hpt_parallel.sh: line 111: 150263 Killed                  nohup python scripts/run_hyperparameter_tuning.py --config "$cfg" --arm d --threshold "$pos" --neg_threshold "$neg" --n_trials "$n_trials" --max_users "$MAX_USERS" --overwrite > "$wlog" 2>&1
./run_hpt_parallel.sh: line 111: 150264 Killed                  nohup python scripts/run_hyperparameter_tuning.py --config "$cfg" --arm d --threshold "$pos" --neg_threshold "$neg" --n_trials "$n_trials" --max_users "$MAX_USERS" --overwrite > "$wlog" 2>&1
./run_hpt_parallel.sh: line 111: 150265 Killed                  nohup python scripts/run_hyperparameter_tuning.py --config "$cfg" --arm d --threshold "$pos" --neg_threshold "$neg" --n_trials "$n_trials" --max_users "$MAX_USERS" --overwrite > "$wlog" 2>&1
./run_hpt_parallel.sh: line 111: 150267 Killed                  nohup python scripts/run_hyperparameter_tuning.py --config "$cfg" --arm d --threshold "$pos" --neg_threshold "$neg" --n_trials "$n_trials" --max_users "$MAX_USERS" --overwrite > "$wlog" 2>&1
./run_hpt_parallel.sh: line 111: 150270 Killed                  nohup python scripts/run_hyperparameter_tuning.py --config "$cfg" --arm d --threshold "$pos" --neg_threshold "$neg" --n_trials "$n_trials" --max_users "$MAX_USERS" --overwrite > "$wlog" 2>&1
./run_hpt_parallel.sh: line 111: 150271 Killed                  nohup python scripts/run_hyperparameter_tuning.py --config "$cfg" --arm d --threshold "$pos" --neg_threshold "$neg" --n_trials "$n_trials" --max_users "$MAX_USERS" --overwrite > "$wlog" 2>&1
./run_hpt_parallel.sh: line 111: 150273 Killed                  nohup python scripts/run_hyperparameter_tuning.py --config "$cfg" --arm d --threshold "$pos" --neg_threshold "$neg" --n_trials "$n_trials" --max_users "$MAX_USERS" --overwrite > "$wlog" 2>&1
./run_hpt_parallel.sh: line 111: 150274 Killed                  nohup python scripts/run_hyperparameter_tuning.py --config "$cfg" --arm d --threshold "$pos" --neg_threshold "$neg" --n_trials "$n_trials" --max_users "$MAX_USERS" --overwrite > "$wlog" 2>&1
./run_hpt_parallel.sh: line 111: 150275 Killed                  nohup python scripts/run_hyperparameter_tuning.py --config "$cfg" --arm d --threshold "$pos" --neg_threshold "$neg" --n_trials "$n_trials" --max_users "$MAX_USERS" --overwrite > "$wlog" 2>&1
./run_hpt_parallel.sh: line 111: 150277 Killed                  nohup python scripts/run_hyperparameter_tuning.py --config "$cfg" --arm d --threshold "$pos" --neg_threshold "$neg" --n_trials "$n_trials" --max_users "$MAX_USERS" --overwrite > "$wlog" 2>&1
./run_hpt_parallel.sh: line 111: 150278 Killed                  nohup python scripts/run_hyperparameter_tuning.py --config "$cfg" --arm d --threshold "$pos" --neg_threshold "$neg" --n_trials "$n_trials" --max_users "$MAX_USERS" --overwrite > "$wlog" 2>&1
./run_hpt_parallel.sh: line 111: 150279 Killed                  nohup python scripts/run_hyperparameter_tuning.py --config "$cfg" --arm d --threshold "$pos" --neg_threshold "$neg" --n_trials "$n_trials" --max_users "$MAX_USERS" --overwrite > "$wlog" 2>&1
./run_hpt_parallel.sh: line 111: 150280 Killed                  nohup python scripts/run_hyperparameter_tuning.py --config "$cfg" --arm d --threshold "$pos" --neg_threshold "$neg" --n_trials "$n_trials" --max_users "$MAX_USERS" --overwrite > "$wlog" 2>&1
./run_hpt_parallel.sh: line 111: 150283 Killed                  nohup python scripts/run_hyperparameter_tuning.py --config "$cfg" --arm d --threshold "$pos" --neg_threshold "$neg" --n_trials "$n_trials" --max_users "$MAX_USERS" --overwrite > "$wlog" 2>&1
./run_hpt_parallel.sh: line 111: 150285 Killed                  nohup python scripts/run_hyperparameter_tuning.py --config "$cfg" --arm d --threshold "$pos" --neg_threshold "$neg" --n_trials "$n_trials" --max_users "$MAX_USERS" --overwrite > "$wlog" 2>&1
./run_hpt_parallel.sh: line 111: 150286 Killed                  nohup python scripts/run_hyperparameter_tuning.py --config "$cfg" --arm d --threshold "$pos" --neg_threshold "$neg" --n_trials "$n_trials" --max_users "$MAX_USERS" --overwrite > "$wlog" 2>&1
./run_hpt_parallel.sh: line 111: 150287 Killed                  nohup python scripts/run_hyperparameter_tuning.py --config "$cfg" --arm d --threshold "$pos" --neg_threshold "$neg" --n_trials "$n_trials" --max_users "$MAX_USERS" --overwrite > "$wlog" 2>&1
./run_hpt_parallel.sh: line 111: 150291 Killed                  nohup python scripts/run_hyperparameter_tuning.py --config "$cfg" --arm d --threshold "$pos" --neg_threshold "$neg" --n_trials "$n_trials" --max_users "$MAX_USERS" --overwrite > "$wlog" 2>&1
./run_hpt_parallel.sh: line 111: 150292 Killed                  nohup python scripts/run_hyperparameter_tuning.py --config "$cfg" --arm d --threshold "$pos" --neg_threshold "$neg" --n_trials "$n_trials" --max_users "$MAX_USERS" --overwrite > "$wlog" 2>&1
./run_hpt_parallel.sh: line 111: 150293 Killed                  nohup python scripts/run_hyperparameter_tuning.py --config "$cfg" --arm d --threshold "$pos" --neg_threshold "$neg" --n_trials "$n_trials" --max_users "$MAX_USERS" --overwrite > "$wlog" 2>&1
./run_hpt_parallel.sh: line 111: 150294 Killed                  nohup python scripts/run_hyperparameter_tuning.py --config "$cfg" --arm d --threshold "$pos" --neg_threshold "$neg" --n_trials "$n_trials" --max_users "$MAX_USERS" --overwrite > "$wlog" 2>&1
./run_hpt_parallel.sh: line 111: 150295 Killed                  nohup python scripts/run_hyperparameter_tuning.py --config "$cfg" --arm d --threshold "$pos" --neg_threshold "$neg" --n_trials "$n_trials" --max_users "$MAX_USERS" --overwrite > "$wlog" 2>&1
./run_hpt_parallel.sh: line 111: 150296 Killed                  nohup python scripts/run_hyperparameter_tuning.py --config "$cfg" --arm d --threshold "$pos" --neg_threshold "$neg" --n_trials "$n_trials" --max_users "$MAX_USERS" --overwrite > "$wlog" 2>&1
./run_hpt_parallel.sh: line 111: 150300 Killed                  nohup python scripts/run_hyperparameter_tuning.py --config "$cfg" --arm d --threshold "$pos" --neg_threshold "$neg" --n_trials "$n_trials" --max_users "$MAX_USERS" --overwrite > "$wlog" 2>&1
./run_hpt_parallel.sh: line 111: 150302 Killed                  nohup python scripts/run_hyperparameter_tuning.py --config "$cfg" --arm d --threshold "$pos" --neg_threshold "$neg" --n_trials "$n_trials" --max_users "$MAX_USERS" --overwrite > "$wlog" 2>&1
./run_hpt_parallel.sh: line 111: 150304 Killed                  nohup python scripts/run_hyperparameter_tuning.py --config "$cfg" --arm d --threshold "$pos" --neg_threshold "$neg" --n_trials "$n_trials" --max_users "$MAX_USERS" --overwrite > "$wlog" 2>&1
./run_hpt_parallel.sh: line 111: 150305 Killed                  nohup python scripts/run_hyperparameter_tuning.py --config "$cfg" --arm d --threshold "$pos" --neg_threshold "$neg" --n_trials "$n_trials" --max_users "$MAX_USERS" --overwrite > "$wlog" 2>&1
./run_hpt_parallel.sh: line 111: 150307 Killed                  nohup python scripts/run_hyperparameter_tuning.py --config "$cfg" --arm d --threshold "$pos" --neg_threshold "$neg" --n_trials "$n_trials" --max_users "$MAX_USERS" --overwrite > "$wlog" 2>&1
./run_hpt_parallel.sh: line 111: 150312 Killed                  nohup python scripts/run_hyperparameter_tuning.py --config "$cfg" --arm d --threshold "$pos" --neg_threshold "$neg" --n_trials "$n_trials" --max_users "$MAX_USERS" --overwrite > "$wlog" 2>&1
./run_hpt_parallel.sh: line 111: 150313 Killed                  nohup python scripts/run_hyperparameter_tuning.py --config "$cfg" --arm d --threshold "$pos" --neg_threshold "$neg" --n_trials "$n_trials" --max_users "$MAX_USERS" --overwrite > "$wlog" 2>&1
./run_hpt_parallel.sh: line 111: 150314 Killed                  nohup python scripts/run_hyperparameter_tuning.py --config "$cfg" --arm d --threshold "$pos" --neg_threshold "$neg" --n_trials "$n_trials" --max_users "$MAX_USERS" --overwrite > "$wlog" 2>&1
./run_hpt_parallel.sh: line 111: 150315 Killed                  nohup python scripts/run_hyperparameter_tuning.py --config "$cfg" --arm d --threshold "$pos" --neg_threshold "$neg" --n_trials "$n_trials" --max_users "$MAX_USERS" --overwrite > "$wlog" 2>&1
./run_hpt_parallel.sh: line 111: 150317 Killed                  nohup python scripts/run_hyperparameter_tuning.py --config "$cfg" --arm d --threshold "$pos" --neg_threshold "$neg" --n_trials "$n_trials" --max_users "$MAX_USERS" --overwrite > "$wlog" 2>&1
./run_hpt_parallel.sh: line 111: 150320 Killed                  nohup python scripts/run_hyperparameter_tuning.py --config "$cfg" --arm d --threshold "$pos" --neg_threshold "$neg" --n_trials "$n_trials" --max_users "$MAX_USERS" --overwrite > "$wlog" 2>&1
./run_hpt_parallel.sh: line 111: 150322 Killed                  nohup python scripts/run_hyperparameter_tuning.py --config "$cfg" --arm d --threshold "$pos" --neg_threshold "$neg" --n_trials "$n_trials" --max_users "$MAX_USERS" --overwrite > "$wlog" 2>&1
./run_hpt_parallel.sh: line 111: 150323 Killed                  nohup python scripts/run_hyperparameter_tuning.py --config "$cfg" --arm d --threshold "$pos" --neg_threshold "$neg" --n_trials "$n_trials" --max_users "$MAX_USERS" --overwrite > "$wlog" 2>&1
./run_hpt_parallel.sh: line 111: 150325 Killed                  nohup python scripts/run_hyperparameter_tuning.py --config "$cfg" --arm d --threshold "$pos" --neg_threshold "$neg" --n_trials "$n_trials" --max_users "$MAX_USERS" --overwrite > "$wlog" 2>&1
./run_hpt_parallel.sh: line 111: 150326 Killed                  nohup python scripts/run_hyperparameter_tuning.py --config "$cfg" --arm d --threshold "$pos" --neg_threshold "$neg" --n_trials "$n_trials" --max_users "$MAX_USERS" --overwrite > "$wlog" 2>&1
./run_hpt_parallel.sh: line 111: 150328 Killed                  nohup python scripts/run_hyperparameter_tuning.py --config "$cfg" --arm d --threshold "$pos" --neg_threshold "$neg" --n_trials "$n_trials" --max_users "$MAX_USERS" --overwrite > "$wlog" 2>&1
./run_hpt_parallel.sh: line 111: 150329 Killed                  nohup python scripts/run_hyperparameter_tuning.py --config "$cfg" --arm d --threshold "$pos" --neg_threshold "$neg" --n_trials "$n_trials" --max_users "$MAX_USERS" --overwrite > "$wlog" 2>&1
./run_hpt_parallel.sh: line 111: 150330 Killed                  nohup python scripts/run_hyperparameter_tuning.py --config "$cfg" --arm d --threshold "$pos" --neg_threshold "$neg" --n_trials "$n_trials" --max_users "$MAX_USERS" --overwrite > "$wlog" 2>&1
./run_hpt_parallel.sh: line 111: 150331 Killed                  nohup python scripts/run_hyperparameter_tuning.py --config "$cfg" --arm d --threshold "$pos" --neg_threshold "$neg" --n_trials "$n_trials" --max_users "$MAX_USERS" --overwrite > "$wlog" 2>&1
./run_hpt_parallel.sh: line 111: 150333 Killed                  nohup python scripts/run_hyperparameter_tuning.py --config "$cfg" --arm d --threshold "$pos" --neg_threshold "$neg" --n_trials "$n_trials" --max_users "$MAX_USERS" --overwrite > "$wlog" 2>&1
./run_hpt_parallel.sh: line 111: 150336 Killed                  nohup python scripts/run_hyperparameter_tuning.py --config "$cfg" --arm d --threshold "$pos" --neg_threshold "$neg" --n_trials "$n_trials" --max_users "$MAX_USERS" --overwrite > "$wlog" 2>&1
./run_hpt_parallel.sh: line 111: 150339 Killed                  nohup python scripts/run_hyperparameter_tuning.py --config "$cfg" --arm d --threshold "$pos" --neg_threshold "$neg" --n_trials "$n_trials" --max_users "$MAX_USERS" --overwrite > "$wlog" 2>&1
./run_hpt_parallel.sh: line 111: 150340 Killed                  nohup python scripts/run_hyperparameter_tuning.py --config "$cfg" --arm d --threshold "$pos" --neg_threshold "$neg" --n_trials "$n_trials" --max_users "$MAX_USERS" --overwrite > "$wlog" 2>&1
./run_hpt_parallel.sh: line 111: 150343 Killed                  nohup python scripts/run_hyperparameter_tuning.py --config "$cfg" --arm d --threshold "$pos" --neg_threshold "$neg" --n_trials "$n_trials" --max_users "$MAX_USERS" --overwrite > "$wlog" 2>&1
./run_hpt_parallel.sh: line 111: 150350 Killed                  nohup python scripts/run_hyperparameter_tuning.py --config "$cfg" --arm d --threshold "$pos" --neg_threshold "$neg" --n_trials "$n_trials" --max_users "$MAX_USERS" --overwrite > "$wlog" 2>&1
./run_hpt_parallel.sh: line 111: 150351 Killed                  nohup python scripts/run_hyperparameter_tuning.py --config "$cfg" --arm d --threshold "$pos" --neg_threshold "$neg" --n_trials "$n_trials" --max_users "$MAX_USERS" --overwrite > "$wlog" 2>&1
./run_hpt_parallel.sh: line 111: 150353 Killed                  nohup python scripts/run_hyperparameter_tuning.py --config "$cfg" --arm d --threshold "$pos" --neg_threshold "$neg" --n_trials "$n_trials" --max_users "$MAX_USERS" --overwrite > "$wlog" 2>&1
./run_hpt_parallel.sh: line 111: 150357 Killed                  nohup python scripts/run_hyperparameter_tuning.py --config "$cfg" --arm d --threshold "$pos" --neg_threshold "$neg" --n_trials "$n_trials" --max_users "$MAX_USERS" --overwrite > "$wlog" 2>&1
./run_hpt_parallel.sh: line 111: 150362 Killed                  nohup python scripts/run_hyperparameter_tuning.py --config "$cfg" --arm d --threshold "$pos" --neg_threshold "$neg" --n_trials "$n_trials" --max_users "$MAX_USERS" --overwrite > "$wlog" 2>&1
./run_hpt_parallel.sh: line 111: 150363 Killed                  nohup python scripts/run_hyperparameter_tuning.py --config "$cfg" --arm d --threshold "$pos" --neg_threshold "$neg" --n_trials "$n_trials" --max_users "$MAX_USERS" --overwrite > "$wlog" 2>&1
./run_hpt_parallel.sh: line 111: 150366 Killed                  nohup python scripts/run_hyperparameter_tuning.py --config "$cfg" --arm d --threshold "$pos" --neg_threshold "$neg" --n_trials "$n_trials" --max_users "$MAX_USERS" --overwrite > "$wlog" 2>&1
./run_hpt_parallel.sh: line 111: 150370 Killed                  nohup python scripts/run_hyperparameter_tuning.py --config "$cfg" --arm d --threshold "$pos" --neg_threshold "$neg" --n_trials "$n_trials" --max_users "$MAX_USERS" --overwrite > "$wlog" 2>&1
./run_hpt_parallel.sh: line 111: 150371 Killed                  nohup python scripts/run_hyperparameter_tuning.py --config "$cfg" --arm d --threshold "$pos" --neg_threshold "$neg" --n_trials "$n_trials" --max_users "$MAX_USERS" --overwrite > "$wlog" 2>&1
./run_hpt_parallel.sh: line 111: 150376 Killed                  nohup python scripts/run_hyperparameter_tuning.py --config "$cfg" --arm d --threshold "$pos" --neg_threshold "$neg" --n_trials "$n_trials" --max_users "$MAX_USERS" --overwrite > "$wlog" 2>&1
./run_hpt_parallel.sh: line 111: 150379 Killed                  nohup python scripts/run_hyperparameter_tuning.py --config "$cfg" --arm d --threshold "$pos" --neg_threshold "$neg" --n_trials "$n_trials" --max_users "$MAX_USERS" --overwrite > "$wlog" 2>&1
./run_hpt_parallel.sh: line 111: 150382 Killed                  nohup python scripts/run_hyperparameter_tuning.py --config "$cfg" --arm d --threshold "$pos" --neg_threshold "$neg" --n_trials "$n_trials" --max_users "$MAX_USERS" --overwrite > "$wlog" 2>&1
./run_hpt_parallel.sh: line 111: 150385 Killed                  nohup python scripts/run_hyperparameter_tuning.py --config "$cfg" --arm d --threshold "$pos" --neg_threshold "$neg" --n_trials "$n_trials" --max_users "$MAX_USERS" --overwrite > "$wlog" 2>&1
./run_hpt_parallel.sh: line 111: 150390 Killed                  nohup python scripts/run_hyperparameter_tuning.py --config "$cfg" --arm d --threshold "$pos" --neg_threshold "$neg" --n_trials "$n_trials" --max_users "$MAX_USERS" --overwrite > "$wlog" 2>&1
./run_hpt_parallel.sh: line 111: 150391 Killed                  nohup python scripts/run_hyperparameter_tuning.py --config "$cfg" --arm d --threshold "$pos" --neg_threshold "$neg" --n_trials "$n_trials" --max_users "$MAX_USERS" --overwrite > "$wlog" 2>&1
./run_hpt_parallel.sh: line 111: 150393 Killed                  nohup python scripts/run_hyperparameter_tuning.py --config "$cfg" --arm d --threshold "$pos" --neg_threshold "$neg" --n_trials "$n_trials" --max_users "$MAX_USERS" --overwrite > "$wlog" 2>&1
./run_hpt_parallel.sh: line 111: 150401 Killed                  nohup python scripts/run_hyperparameter_tuning.py --config "$cfg" --arm d --threshold "$pos" --neg_threshold "$neg" --n_trials "$n_trials" --max_users "$MAX_USERS" --overwrite > "$wlog" 2>&1
./run_hpt_parallel.sh: line 111: 150403 Killed                  nohup python scripts/run_hyperparameter_tuning.py --config "$cfg" --arm d --threshold "$pos" --neg_threshold "$neg" --n_trials "$n_trials" --max_users "$MAX_USERS" --overwrite > "$wlog" 2>&1
./run_hpt_parallel.sh: line 111: 150411 Killed                  nohup python scripts/run_hyperparameter_tuning.py --config "$cfg" --arm d --threshold "$pos" --neg_threshold "$neg" --n_trials "$n_trials" --max_users "$MAX_USERS" --overwrite > "$wlog" 2>&1
./run_hpt_parallel.sh: line 111: 150415 Killed                  nohup python scripts/run_hyperparameter_tuning.py --config "$cfg" --arm d --threshold "$pos" --neg_threshold "$neg" --n_trials "$n_trials" --max_users "$MAX_USERS" --overwrite > "$wlog" 2>&1
./run_hpt_parallel.sh: line 111: 150416 Killed                  nohup python scripts/run_hyperparameter_tuning.py --config "$cfg" --arm d --threshold "$pos" --neg_threshold "$neg" --n_trials "$n_trials" --max_users "$MAX_USERS" --overwrite > "$wlog" 2>&1
./run_hpt_parallel.sh: line 111: 150423 Killed                  nohup python scripts/run_hyperparameter_tuning.py --config "$cfg" --arm d --threshold "$pos" --neg_threshold "$neg" --n_trials "$n_trials" --max_users "$MAX_USERS" --overwrite > "$wlog" 2>&1
./run_hpt_parallel.sh: line 111: 150424 Killed                  nohup python scripts/run_hyperparameter_tuning.py --config "$cfg" --arm d --threshold "$pos" --neg_threshold "$neg" --n_trials "$n_trials" --max_users "$MAX_USERS" --overwrite > "$wlog" 2>&1
./run_hpt_parallel.sh: line 111: 150426 Killed                  nohup python scripts/run_hyperparameter_tuning.py --config "$cfg" --arm d --threshold "$pos" --neg_threshold "$neg" --n_trials "$n_trials" --max_users "$MAX_USERS" --overwrite > "$wlog" 2>&1
./run_hpt_parallel.sh: line 111: 150429 Killed                  nohup python scripts/run_hyperparameter_tuning.py --config "$cfg" --arm d --threshold "$pos" --neg_threshold "$neg" --n_trials "$n_trials" --max_users "$MAX_USERS" --overwrite > "$wlog" 2>&1
./run_hpt_parallel.sh: line 111: 150430 Killed                  nohup python scripts/run_hyperparameter_tuning.py --config "$cfg" --arm d --threshold "$pos" --neg_threshold "$neg" --n_trials "$n_trials" --max_users "$MAX_USERS" --overwrite > "$wlog" 2>&1
./run_hpt_parallel.sh: line 111: 150431 Killed                  nohup python scripts/run_hyperparameter_tuning.py --config "$cfg" --arm d --threshold "$pos" --neg_threshold "$neg" --n_trials "$n_trials" --max_users "$MAX_USERS" --overwrite > "$wlog" 2>&1
./run_hpt_parallel.sh: line 111: 150432 Killed                  nohup python scripts/run_hyperparameter_tuning.py --config "$cfg" --arm d --threshold "$pos" --neg_threshold "$neg" --n_trials "$n_trials" --max_users "$MAX_USERS" --overwrite > "$wlog" 2>&1
./run_hpt_parallel.sh: line 111: 150433 Killed                  nohup python scripts/run_hyperparameter_tuning.py --config "$cfg" --arm d --threshold "$pos" --neg_threshold "$neg" --n_trials "$n_trials" --max_users "$MAX_USERS" --overwrite > "$wlog" 2>&1
./run_hpt_parallel.sh: line 111: 150436 Killed                  nohup python scripts/run_hyperparameter_tuning.py --config "$cfg" --arm d --threshold "$pos" --neg_threshold "$neg" --n_trials "$n_trials" --max_users "$MAX_USERS" --overwrite > "$wlog" 2>&1
./run_hpt_parallel.sh: line 111: 150437 Killed                  nohup python scripts/run_hyperparameter_tuning.py --config "$cfg" --arm d --threshold "$pos" --neg_threshold "$neg" --n_trials "$n_trials" --max_users "$MAX_USERS" --overwrite > "$wlog" 2>&1
./run_hpt_parallel.sh: line 111: 150438 Killed                  nohup python scripts/run_hyperparameter_tuning.py --config "$cfg" --arm d --threshold "$pos" --neg_threshold "$neg" --n_trials "$n_trials" --max_users "$MAX_USERS" --overwrite > "$wlog" 2>&1
./run_hpt_parallel.sh: line 111: 150439 Killed                  nohup python scripts/run_hyperparameter_tuning.py --config "$cfg" --arm d --threshold "$pos" --neg_threshold "$neg" --n_trials "$n_trials" --max_users "$MAX_USERS" --overwrite > "$wlog" 2>&1
./run_hpt_parallel.sh: line 111: 150444 Killed                  nohup python scripts/run_hyperparameter_tuning.py --config "$cfg" --arm d --threshold "$pos" --neg_threshold "$neg" --n_trials "$n_trials" --max_users "$MAX_USERS" --overwrite > "$wlog" 2>&1
./run_hpt_parallel.sh: line 111: 150445 Killed                  nohup python scripts/run_hyperparameter_tuning.py --config "$cfg" --arm d --threshold "$pos" --neg_threshold "$neg" --n_trials "$n_trials" --max_users "$MAX_USERS" --overwrite > "$wlog" 2>&1
./run_hpt_parallel.sh: line 111: 150447 Killed                  nohup python scripts/run_hyperparameter_tuning.py --config "$cfg" --arm d --threshold "$pos" --neg_threshold "$neg" --n_trials "$n_trials" --max_users "$MAX_USERS" --overwrite > "$wlog" 2>&1
./run_hpt_parallel.sh: line 111: 150448 Killed                  nohup python scripts/run_hyperparameter_tuning.py --config "$cfg" --arm d --threshold "$pos" --neg_threshold "$neg" --n_trials "$n_trials" --max_users "$MAX_USERS" --overwrite > "$wlog" 2>&1
./run_hpt_parallel.sh: line 111: 150452 Killed                  nohup python scripts/run_hyperparameter_tuning.py --config "$cfg" --arm d --threshold "$pos" --neg_threshold "$neg" --n_trials "$n_trials" --max_users "$MAX_USERS" --overwrite > "$wlog" 2>&1
./run_hpt_parallel.sh: line 111: 150454 Killed                  nohup python scripts/run_hyperparameter_tuning.py --config "$cfg" --arm d --threshold "$pos" --neg_threshold "$neg" --n_trials "$n_trials" --max_users "$MAX_USERS" --overwrite > "$wlog" 2>&1
./run_hpt_parallel.sh: line 111: 150460 Killed                  nohup python scripts/run_hyperparameter_tuning.py --config "$cfg" --arm d --threshold "$pos" --neg_threshold "$neg" --n_trials "$n_trials" --max_users "$MAX_USERS" --overwrite > "$wlog" 2>&1
./run_hpt_parallel.sh: line 111: 150461 Killed                  nohup python scripts/run_hyperparameter_tuning.py --config "$cfg" --arm d --threshold "$pos" --neg_threshold "$neg" --n_trials "$n_trials" --max_users "$MAX_USERS" --overwrite > "$wlog" 2>&1
./run_hpt_parallel.sh: line 111: 150464 Killed                  nohup python scripts/run_hyperparameter_tuning.py --config "$cfg" --arm d --threshold "$pos" --neg_threshold "$neg" --n_trials "$n_trials" --max_users "$MAX_USERS" --overwrite > "$wlog" 2>&1
./run_hpt_parallel.sh: line 111: 150469 Killed                  nohup python scripts/run_hyperparameter_tuning.py --config "$cfg" --arm d --threshold "$pos" --neg_threshold "$neg" --n_trials "$n_trials" --max_users "$MAX_USERS" --overwrite > "$wlog" 2>&1
./run_hpt_parallel.sh: line 111: 150470 Killed                  nohup python scripts/run_hyperparameter_tuning.py --config "$cfg" --arm d --threshold "$pos" --neg_threshold "$neg" --n_trials "$n_trials" --max_users "$MAX_USERS" --overwrite > "$wlog" 2>&1
./run_hpt_parallel.sh: line 111: 150472 Killed                  nohup python scripts/run_hyperparameter_tuning.py --config "$cfg" --arm d --threshold "$pos" --neg_threshold "$neg" --n_trials "$n_trials" --max_users "$MAX_USERS" --overwrite > "$wlog" 2>&1
./run_hpt_parallel.sh: line 111: 150473 Killed                  nohup python scripts/run_hyperparameter_tuning.py --config "$cfg" --arm d --threshold "$pos" --neg_threshold "$neg" --n_trials "$n_trials" --max_users "$MAX_USERS" --overwrite > "$wlog" 2>&1
./run_hpt_parallel.sh: line 111: 150214 Killed                  nohup python scripts/run_hyperparameter_tuning.py --config "$cfg" --arm d --threshold "$pos" --neg_threshold "$neg" --n_trials "$n_trials" --max_users "$MAX_USERS" --overwrite > "$wlog" 2>&1
./run_hpt_parallel.sh: line 111: 150222 Killed                  nohup python scripts/run_hyperparameter_tuning.py --config "$cfg" --arm d --threshold "$pos" --neg_threshold "$neg" --n_trials "$n_trials" --max_users "$MAX_USERS" --overwrite > "$wlog" 2>&1
./run_hpt_parallel.sh: line 111: 150225 Killed                  nohup python scripts/run_hyperparameter_tuning.py --config "$cfg" --arm d --threshold "$pos" --neg_threshold "$neg" --n_trials "$n_trials" --max_users "$MAX_USERS" --overwrite > "$wlog" 2>&1
./run_hpt_parallel.sh: line 111: 150242 Killed                  nohup python scripts/run_hyperparameter_tuning.py --config "$cfg" --arm d --threshold "$pos" --neg_threshold "$neg" --n_trials "$n_trials" --max_users "$MAX_USERS" --overwrite > "$wlog" 2>&1
./run_hpt_parallel.sh: line 111: 150246 Killed                  nohup python scripts/run_hyperparameter_tuning.py --config "$cfg" --arm d --threshold "$pos" --neg_threshold "$neg" --n_trials "$n_trials" --max_users "$MAX_USERS" --overwrite > "$wlog" 2>&1
./run_hpt_parallel.sh: line 111: 150248 Killed                  nohup python scripts/run_hyperparameter_tuning.py --config "$cfg" --arm d --threshold "$pos" --neg_threshold "$neg" --n_trials "$n_trials" --max_users "$MAX_USERS" --overwrite > "$wlog" 2>&1
./run_hpt_parallel.sh: line 111: 150262 Killed                  nohup python scripts/run_hyperparameter_tuning.py --config "$cfg" --arm d --threshold "$pos" --neg_threshold "$neg" --n_trials "$n_trials" --max_users "$MAX_USERS" --overwrite > "$wlog" 2>&1
./run_hpt_parallel.sh: line 111: 150268 Killed                  nohup python scripts/run_hyperparameter_tuning.py --config "$cfg" --arm d --threshold "$pos" --neg_threshold "$neg" --n_trials "$n_trials" --max_users "$MAX_USERS" --overwrite > "$wlog" 2>&1
./run_hpt_parallel.sh: line 111: 150321 Killed                  nohup python scripts/run_hyperparameter_tuning.py --config "$cfg" --arm d --threshold "$pos" --neg_threshold "$neg" --n_trials "$n_trials" --max_users "$MAX_USERS" --overwrite > "$wlog" 2>&1
./run_hpt_parallel.sh: line 111: 150341 Killed                  nohup python scripts/run_hyperparameter_tuning.py --config "$cfg" --arm d --threshold "$pos" --neg_threshold "$neg" --n_trials "$n_trials" --max_users "$MAX_USERS" --overwrite > "$wlog" 2>&1
./run_hpt_parallel.sh: line 111: 150342 Killed                  nohup python scripts/run_hyperparameter_tuning.py --config "$cfg" --arm d --threshold "$pos" --neg_threshold "$neg" --n_trials "$n_trials" --max_users "$MAX_USERS" --overwrite > "$wlog" 2>&1
./run_hpt_parallel.sh: line 111: 150352 Killed                  nohup python scripts/run_hyperparameter_tuning.py --config "$cfg" --arm d --threshold "$pos" --neg_threshold "$neg" --n_trials "$n_trials" --max_users "$MAX_USERS" --overwrite > "$wlog" 2>&1
./run_hpt_parallel.sh: line 111: 150360 Killed                  nohup python scripts/run_hyperparameter_tuning.py --config "$cfg" --arm d --threshold "$pos" --neg_threshold "$neg" --n_trials "$n_trials" --max_users "$MAX_USERS" --overwrite > "$wlog" 2>&1
./run_hpt_parallel.sh: line 111: 150369 Killed                  nohup python scripts/run_hyperparameter_tuning.py --config "$cfg" --arm d --threshold "$pos" --neg_threshold "$neg" --n_trials "$n_trials" --max_users "$MAX_USERS" --overwrite > "$wlog" 2>&1
./run_hpt_parallel.sh: line 111: 150377 Killed                  nohup python scripts/run_hyperparameter_tuning.py --config "$cfg" --arm d --threshold "$pos" --neg_threshold "$neg" --n_trials "$n_trials" --max_users "$MAX_USERS" --overwrite > "$wlog" 2>&1
./run_hpt_parallel.sh: line 111: 150386 Killed                  nohup python scripts/run_hyperparameter_tuning.py --config "$cfg" --arm d --threshold "$pos" --neg_threshold "$neg" --n_trials "$n_trials" --max_users "$MAX_USERS" --overwrite > "$wlog" 2>&1
./run_hpt_parallel.sh: line 111: 150394 Killed                  nohup python scripts/run_hyperparameter_tuning.py --config "$cfg" --arm d --threshold "$pos" --neg_threshold "$neg" --n_trials "$n_trials" --max_users "$MAX_USERS" --overwrite > "$wlog" 2>&1
./run_hpt_parallel.sh: line 111: 150402 Killed                  nohup python scripts/run_hyperparameter_tuning.py --config "$cfg" --arm d --threshold "$pos" --neg_threshold "$neg" --n_trials "$n_trials" --max_users "$MAX_USERS" --overwrite > "$wlog" 2>&1
./run_hpt_parallel.sh: line 111: 150405 Killed                  nohup python scripts/run_hyperparameter_tuning.py --config "$cfg" --arm d --threshold "$pos" --neg_threshold "$neg" --n_trials "$n_trials" --max_users "$MAX_USERS" --overwrite > "$wlog" 2>&1
./run_hpt_parallel.sh: line 111: 150410 Killed                  nohup python scripts/run_hyperparameter_tuning.py --config "$cfg" --arm d --threshold "$pos" --neg_threshold "$neg" --n_trials "$n_trials" --max_users "$MAX_USERS" --overwrite > "$wlog" 2>&1
./run_hpt_parallel.sh: line 111: 150440 Killed                  nohup python scripts/run_hyperparameter_tuning.py --config "$cfg" --arm d --threshold "$pos" --neg_threshold "$neg" --n_trials "$n_trials" --max_users "$MAX_USERS" --overwrite > "$wlog" 2>&1
./run_hpt_parallel.sh: line 111: 150453 Killed                  nohup python scripts/run_hyperparameter_tuning.py --config "$cfg" --arm d --threshold "$pos" --neg_threshold "$neg" --n_trials "$n_trials" --max_users "$MAX_USERS" --overwrite > "$wlog" 2>&1
./run_hpt_parallel.sh: line 111: 150455 Killed                  nohup python scripts/run_hyperparameter_tuning.py --config "$cfg" --arm d --threshold "$pos" --neg_threshold "$neg" --n_trials "$n_trials" --max_users "$MAX_USERS" --overwrite > "$wlog" 2>&1
./run_hpt_parallel.sh: line 111: 150471 Killed                  nohup python scripts/run_hyperparameter_tuning.py --config "$cfg" --arm d --threshold "$pos" --neg_threshold "$neg" --n_trials "$n_trials" --max_users "$MAX_USERS" --overwrite > "$wlog" 2>&1
./run_hpt_parallel.sh: line 111: 150238 Killed                  nohup python scripts/run_hyperparameter_tuning.py --config "$cfg" --arm d --threshold "$pos" --neg_threshold "$neg" --n_trials "$n_trials" --max_users "$MAX_USERS" --overwrite > "$wlog" 2>&1
./run_hpt_parallel.sh: line 111: 150327 Killed                  nohup python scripts/run_hyperparameter_tuning.py --config "$cfg" --arm d --threshold "$pos" --neg_threshold "$neg" --n_trials "$n_trials" --max_users "$MAX_USERS" --overwrite > "$wlog" 2>&1
./run_hpt_parallel.sh: line 111: 150372 Killed                  nohup python scripts/run_hyperparameter_tuning.py --config "$cfg" --arm d --threshold "$pos" --neg_threshold "$neg" --n_trials "$n_trials" --max_users "$MAX_USERS" --overwrite > "$wlog" 2>&1
./run_hpt_parallel.sh: line 111: 150462 Killed                  nohup python scripts/run_hyperparameter_tuning.py --config "$cfg" --arm d --threshold "$pos" --neg_threshold "$neg" --n_trials "$n_trials" --max_users "$MAX_USERS" --overwrite > "$wlog" 2>&1
./run_hpt_parallel.sh: line 111: 150272 Killed                  nohup python scripts/run_hyperparameter_tuning.py --config "$cfg" --arm d --threshold "$pos" --neg_threshold "$neg" --n_trials "$n_trials" --max_users "$MAX_USERS" --overwrite > "$wlog" 2>&1
./run_hpt_parallel.sh: line 111: 150276 Killed                  nohup python scripts/run_hyperparameter_tuning.py --config "$cfg" --arm d --threshold "$pos" --neg_threshold "$neg" --n_trials "$n_trials" --max_users "$MAX_USERS" --overwrite > "$wlog" 2>&1
./run_hpt_parallel.sh: line 111: 150335 Killed                  nohup python scripts/run_hyperparameter_tuning.py --config "$cfg" --arm d --threshold "$pos" --neg_threshold "$neg" --n_trials "$n_trials" --max_users "$MAX_USERS" --overwrite > "$wlog" 2>&1
./run_hpt_parallel.sh: line 111: 150338 Killed                  nohup python scripts/run_hyperparameter_tuning.py --config "$cfg" --arm d --threshold "$pos" --neg_threshold "$neg" --n_trials "$n_trials" --max_users "$MAX_USERS" --overwrite > "$wlog" 2>&1
./run_hpt_parallel.sh: line 111: 150368 Killed                  nohup python scripts/run_hyperparameter_tuning.py --config "$cfg" --arm d --threshold "$pos" --neg_threshold "$neg" --n_trials "$n_trials" --max_users "$MAX_USERS" --overwrite > "$wlog" 2>&1
./run_hpt_parallel.sh: line 111: 150395 Killed                  nohup python scripts/run_hyperparameter_tuning.py --config "$cfg" --arm d --threshold "$pos" --neg_threshold "$neg" --n_trials "$n_trials" --max_users "$MAX_USERS" --overwrite > "$wlog" 2>&1
./run_hpt_parallel.sh: line 111: 150404 Killed                  nohup python scripts/run_hyperparameter_tuning.py --config "$cfg" --arm d --threshold "$pos" --neg_threshold "$neg" --n_trials "$n_trials" --max_users "$MAX_USERS" --overwrite > "$wlog" 2>&1
./run_hpt_parallel.sh: line 111: 150413 Killed                  nohup python scripts/run_hyperparameter_tuning.py --config "$cfg" --arm d --threshold "$pos" --neg_threshold "$neg" --n_trials "$n_trials" --max_users "$MAX_USERS" --overwrite > "$wlog" 2>&1
./run_hpt_parallel.sh: line 111: 150422 Killed                  nohup python scripts/run_hyperparameter_tuning.py --config "$cfg" --arm d --threshold "$pos" --neg_threshold "$neg" --n_trials "$n_trials" --max_users "$MAX_USERS" --overwrite > "$wlog" 2>&1
./run_hpt_parallel.sh: line 111: 150425 Killed                  nohup python scripts/run_hyperparameter_tuning.py --config "$cfg" --arm d --threshold "$pos" --neg_threshold "$neg" --n_trials "$n_trials" --max_users "$MAX_USERS" --overwrite > "$wlog" 2>&1
./run_hpt_parallel.sh: line 111: 150446 Killed                  nohup python scripts/run_hyperparameter_tuning.py --config "$cfg" --arm d --threshold "$pos" --neg_threshold "$neg" --n_trials "$n_trials" --max_users "$MAX_USERS" --overwrite > "$wlog" 2>&1
./run_hpt_parallel.sh: line 111: 150451 Killed                  nohup python scripts/run_hyperparameter_tuning.py --config "$cfg" --arm d --threshold "$pos" --neg_threshold "$neg" --n_trials "$n_trials" --max_users "$MAX_USERS" --overwrite > "$wlog" 2>&1
./run_hpt_parallel.sh: line 111: 150463 Killed                  nohup python scripts/run_hyperparameter_tuning.py --config "$cfg" --arm d --threshold "$pos" --neg_threshold "$neg" --n_trials "$n_trials" --max_users "$MAX_USERS" --overwrite > "$wlog" 2>&1
  WARNING: one or more workers exited non-zero — check logs
  Results:
    w1: 
    w2: 
    w3: 
    w4: 
    w5: 
    w6: 
    w7: 
    w8: 
    w9: 
    w10: 
    w11: 
    w12: 
    w13: 
    w14: 
    w15: 
    w16: 
    w17: 
    w18: 
    w19: 
    w20: 
    w21: 
    w22: 
    w23: 
    w24: 
    w25: 
    w26: 
    w27: 
    w28: 
    w29: 
    w30: 
    w31: 
    w32: 
    w33: 
    w34: 
    w35: 
    w36: 
    w37: 
    w38: 
    w39: 
    w40: 
    w41: 
    w42: 
    w43: 
    w44: 
    w45: 
    w46: 
    w47: 
    w48: 
    w49: 
    w50: 
    w51: 
    w52: 
    w53: 
    w54: 
    w55: 
    w56: 
    w57: 
    w58: 
    w59: 
    w60: 
    w61: 
    w62: 
    w63: 
    w64: 
    w65: 
    w66: 
    w67: 
    w68: 
    w69: 
    w70: 
    w71: 
    w72: 
    w73: 
    w74: 
    w75: 
    w76: 
    w77: 
    w78: 
    w79: 
    w80: 
    w81: 
    w82: 
    w83: 
    w84: 
    w85: 
    w86: 
    w87: 
    w88: 
    w89: 
    w90: 
    w91: 
    w92: 
    w93: 
    w94: 
    w95: 
    w96: 
    w97: 
    w98: 
    w99: 
    w100: 
    w101: 
    w102: 
    w103: 
    w104: 
    w105: 
    w106: 
    w107: 
    w108: 
    w109: 
    w110: 
    w111: 
    w112: 
    w113: 
    w114: 
    w115: 
    w116: 
    w117: 
    w118: 
    w119: 
    w120: 
    w121: 
    w122: 
    w123: 
    w124: 
    w125: 
    w126: 
    w127: 
    w128: 
    w129: 
    w130: 
    w131: 
    w132: 
    w133: 
    w134: 
    w135: 
    w136: 
    w137: 
    w138: 
    w139: 
    w140: 
    w141: 
    w142: 
    w143: 
    w144: 
    w145: 
    w146: 
    w147: 
    w148: 
    w149: 
    w150: 
    w151: 
    w152: 
    w153: 
    w154: 
    w155: 
    w156: 
    w157: 
    w158: 
    w159: 
    w160: 
    w161: 
    w162: 
    w163: 
    w164: 
    w165: 
    w166: 
    w167: 
    w168: 
    w169: 
    w170: 
    w171: 
    w172: 
    w173: 
    w174: 
    w175: 
    w176: 
    w177: 
    w178: 
    w179: 
    w180: 
    w181: 
    w182: 
    w183: 
    w184: 
    w185: 
    w186: 
    w187: 
    w188: 
    w189: 
    w190: 
    w191: 
    w192: 
    w193: 
    w194: 
    w195: 
    w196: 
    w197: 
    w198: 
    w199: 
    w200: 

All ML-10M configs done. Run grid + figures:
  python scripts/run_arm_d_joint_svd_grid.py --config configs/movielens_10m.yaml
  python scripts/generate_all_figures.py

══════════════════════════════════════════════════════════════
 HPT PARALLEL DONE
 Summary: python scripts/summarize_hpt_arm_d.py
 Logs:    logs/hpt_parallel_20260529_223822_*.log
══════════════════════════════════════════════════════════════
