Master log: logs/hpt_parallel_20260529_222526.log
Running ALL pending ML-10M configs with 200 workers each
N_TRIALS=150  MAX_USERS=5000


══════════════════════════════════════════════════════════════
  Launching 200 workers: movielens_10m / p5_n1
  Config: configs/movielens_10m.yaml  |  pos≥5 neg≤1
  Total target trials: 150  |  MAX_USERS: 5000
  Workers share: outputs/movielens/10m/tuning/arm_d/pos_ge_5_neg_le_1/study.db
══════════════════════════════════════════════════════════════
  [w1] PID 125565  →  logs/hpt_parallel_20260529_222526_movielens_10m_p5_n1_w1.log
  [w2] PID 125566  →  logs/hpt_parallel_20260529_222526_movielens_10m_p5_n1_w2.log
  [w3] PID 125567  →  logs/hpt_parallel_20260529_222526_movielens_10m_p5_n1_w3.log
  [w4] PID 125568  →  logs/hpt_parallel_20260529_222526_movielens_10m_p5_n1_w4.log
  [w5] PID 125569  →  logs/hpt_parallel_20260529_222526_movielens_10m_p5_n1_w5.log
  [w6] PID 125570  →  logs/hpt_parallel_20260529_222526_movielens_10m_p5_n1_w6.log
  [w7] PID 125571  →  logs/hpt_parallel_20260529_222526_movielens_10m_p5_n1_w7.log
  [w8] PID 125572  →  logs/hpt_parallel_20260529_222526_movielens_10m_p5_n1_w8.log
  [w9] PID 125573  →  logs/hpt_parallel_20260529_222526_movielens_10m_p5_n1_w9.log
  [w10] PID 125574  →  logs/hpt_parallel_20260529_222526_movielens_10m_p5_n1_w10.log
  [w11] PID 125575  →  logs/hpt_parallel_20260529_222526_movielens_10m_p5_n1_w11.log
  [w12] PID 125576  →  logs/hpt_parallel_20260529_222526_movielens_10m_p5_n1_w12.log
  [w13] PID 125577  →  logs/hpt_parallel_20260529_222526_movielens_10m_p5_n1_w13.log
  [w14] PID 125578  →  logs/hpt_parallel_20260529_222526_movielens_10m_p5_n1_w14.log
  [w15] PID 125579  →  logs/hpt_parallel_20260529_222526_movielens_10m_p5_n1_w15.log
  [w16] PID 125580  →  logs/hpt_parallel_20260529_222526_movielens_10m_p5_n1_w16.log
  [w17] PID 125581  →  logs/hpt_parallel_20260529_222526_movielens_10m_p5_n1_w17.log
  [w18] PID 125582  →  logs/hpt_parallel_20260529_222526_movielens_10m_p5_n1_w18.log
  [w19] PID 125583  →  logs/hpt_parallel_20260529_222526_movielens_10m_p5_n1_w19.log
  [w20] PID 125584  →  logs/hpt_parallel_20260529_222526_movielens_10m_p5_n1_w20.log
  [w21] PID 125585  →  logs/hpt_parallel_20260529_222526_movielens_10m_p5_n1_w21.log
  [w22] PID 125586  →  logs/hpt_parallel_20260529_222526_movielens_10m_p5_n1_w22.log
  [w23] PID 125587  →  logs/hpt_parallel_20260529_222526_movielens_10m_p5_n1_w23.log
  [w24] PID 125588  →  logs/hpt_parallel_20260529_222526_movielens_10m_p5_n1_w24.log
  [w25] PID 125589  →  logs/hpt_parallel_20260529_222526_movielens_10m_p5_n1_w25.log
  [w26] PID 125590  →  logs/hpt_parallel_20260529_222526_movielens_10m_p5_n1_w26.log
  [w27] PID 125591  →  logs/hpt_parallel_20260529_222526_movielens_10m_p5_n1_w27.log
  [w28] PID 125592  →  logs/hpt_parallel_20260529_222526_movielens_10m_p5_n1_w28.log
  [w29] PID 125593  →  logs/hpt_parallel_20260529_222526_movielens_10m_p5_n1_w29.log
  [w30] PID 125594  →  logs/hpt_parallel_20260529_222526_movielens_10m_p5_n1_w30.log
  [w31] PID 125595  →  logs/hpt_parallel_20260529_222526_movielens_10m_p5_n1_w31.log
  [w32] PID 125596  →  logs/hpt_parallel_20260529_222526_movielens_10m_p5_n1_w32.log
  [w33] PID 125597  →  logs/hpt_parallel_20260529_222526_movielens_10m_p5_n1_w33.log
  [w34] PID 125598  →  logs/hpt_parallel_20260529_222526_movielens_10m_p5_n1_w34.log
  [w35] PID 125599  →  logs/hpt_parallel_20260529_222526_movielens_10m_p5_n1_w35.log
  [w36] PID 125600  →  logs/hpt_parallel_20260529_222526_movielens_10m_p5_n1_w36.log
  [w37] PID 125601  →  logs/hpt_parallel_20260529_222526_movielens_10m_p5_n1_w37.log
  [w38] PID 125602  →  logs/hpt_parallel_20260529_222526_movielens_10m_p5_n1_w38.log
  [w39] PID 125603  →  logs/hpt_parallel_20260529_222526_movielens_10m_p5_n1_w39.log
  [w40] PID 125604  →  logs/hpt_parallel_20260529_222526_movielens_10m_p5_n1_w40.log
  [w41] PID 125605  →  logs/hpt_parallel_20260529_222526_movielens_10m_p5_n1_w41.log
  [w42] PID 125606  →  logs/hpt_parallel_20260529_222526_movielens_10m_p5_n1_w42.log
  [w43] PID 125607  →  logs/hpt_parallel_20260529_222526_movielens_10m_p5_n1_w43.log
  [w44] PID 125608  →  logs/hpt_parallel_20260529_222526_movielens_10m_p5_n1_w44.log
  [w45] PID 125609  →  logs/hpt_parallel_20260529_222526_movielens_10m_p5_n1_w45.log
  [w46] PID 125610  →  logs/hpt_parallel_20260529_222526_movielens_10m_p5_n1_w46.log
  [w47] PID 125611  →  logs/hpt_parallel_20260529_222526_movielens_10m_p5_n1_w47.log
  [w48] PID 125612  →  logs/hpt_parallel_20260529_222526_movielens_10m_p5_n1_w48.log
  [w49] PID 125613  →  logs/hpt_parallel_20260529_222526_movielens_10m_p5_n1_w49.log
  [w50] PID 125614  →  logs/hpt_parallel_20260529_222526_movielens_10m_p5_n1_w50.log
  [w51] PID 125615  →  logs/hpt_parallel_20260529_222526_movielens_10m_p5_n1_w51.log
  [w52] PID 125616  →  logs/hpt_parallel_20260529_222526_movielens_10m_p5_n1_w52.log
  [w53] PID 125617  →  logs/hpt_parallel_20260529_222526_movielens_10m_p5_n1_w53.log
  [w54] PID 125618  →  logs/hpt_parallel_20260529_222526_movielens_10m_p5_n1_w54.log
  [w55] PID 125619  →  logs/hpt_parallel_20260529_222526_movielens_10m_p5_n1_w55.log
  [w56] PID 125620  →  logs/hpt_parallel_20260529_222526_movielens_10m_p5_n1_w56.log
  [w57] PID 125621  →  logs/hpt_parallel_20260529_222526_movielens_10m_p5_n1_w57.log
  [w58] PID 125622  →  logs/hpt_parallel_20260529_222526_movielens_10m_p5_n1_w58.log
  [w59] PID 125623  →  logs/hpt_parallel_20260529_222526_movielens_10m_p5_n1_w59.log
  [w60] PID 125624  →  logs/hpt_parallel_20260529_222526_movielens_10m_p5_n1_w60.log
  [w61] PID 125625  →  logs/hpt_parallel_20260529_222526_movielens_10m_p5_n1_w61.log
  [w62] PID 125626  →  logs/hpt_parallel_20260529_222526_movielens_10m_p5_n1_w62.log
  [w63] PID 125627  →  logs/hpt_parallel_20260529_222526_movielens_10m_p5_n1_w63.log
  [w64] PID 125628  →  logs/hpt_parallel_20260529_222526_movielens_10m_p5_n1_w64.log
  [w65] PID 125629  →  logs/hpt_parallel_20260529_222526_movielens_10m_p5_n1_w65.log
  [w66] PID 125630  →  logs/hpt_parallel_20260529_222526_movielens_10m_p5_n1_w66.log
  [w67] PID 125631  →  logs/hpt_parallel_20260529_222526_movielens_10m_p5_n1_w67.log
  [w68] PID 125632  →  logs/hpt_parallel_20260529_222526_movielens_10m_p5_n1_w68.log
  [w69] PID 125633  →  logs/hpt_parallel_20260529_222526_movielens_10m_p5_n1_w69.log
  [w70] PID 125634  →  logs/hpt_parallel_20260529_222526_movielens_10m_p5_n1_w70.log
  [w71] PID 125635  →  logs/hpt_parallel_20260529_222526_movielens_10m_p5_n1_w71.log
  [w72] PID 125636  →  logs/hpt_parallel_20260529_222526_movielens_10m_p5_n1_w72.log
  [w73] PID 125637  →  logs/hpt_parallel_20260529_222526_movielens_10m_p5_n1_w73.log
  [w74] PID 125638  →  logs/hpt_parallel_20260529_222526_movielens_10m_p5_n1_w74.log
  [w75] PID 125639  →  logs/hpt_parallel_20260529_222526_movielens_10m_p5_n1_w75.log
  [w76] PID 125640  →  logs/hpt_parallel_20260529_222526_movielens_10m_p5_n1_w76.log
  [w77] PID 125641  →  logs/hpt_parallel_20260529_222526_movielens_10m_p5_n1_w77.log
  [w78] PID 125642  →  logs/hpt_parallel_20260529_222526_movielens_10m_p5_n1_w78.log
  [w79] PID 125643  →  logs/hpt_parallel_20260529_222526_movielens_10m_p5_n1_w79.log
  [w80] PID 125644  →  logs/hpt_parallel_20260529_222526_movielens_10m_p5_n1_w80.log
  [w81] PID 125645  →  logs/hpt_parallel_20260529_222526_movielens_10m_p5_n1_w81.log
  [w82] PID 125646  →  logs/hpt_parallel_20260529_222526_movielens_10m_p5_n1_w82.log
  [w83] PID 125647  →  logs/hpt_parallel_20260529_222526_movielens_10m_p5_n1_w83.log
  [w84] PID 125648  →  logs/hpt_parallel_20260529_222526_movielens_10m_p5_n1_w84.log
  [w85] PID 125649  →  logs/hpt_parallel_20260529_222526_movielens_10m_p5_n1_w85.log
  [w86] PID 125650  →  logs/hpt_parallel_20260529_222526_movielens_10m_p5_n1_w86.log
  [w87] PID 125651  →  logs/hpt_parallel_20260529_222526_movielens_10m_p5_n1_w87.log
  [w88] PID 125652  →  logs/hpt_parallel_20260529_222526_movielens_10m_p5_n1_w88.log
  [w89] PID 125653  →  logs/hpt_parallel_20260529_222526_movielens_10m_p5_n1_w89.log
  [w90] PID 125654  →  logs/hpt_parallel_20260529_222526_movielens_10m_p5_n1_w90.log
  [w91] PID 125655  →  logs/hpt_parallel_20260529_222526_movielens_10m_p5_n1_w91.log
  [w92] PID 125656  →  logs/hpt_parallel_20260529_222526_movielens_10m_p5_n1_w92.log
  [w93] PID 125657  →  logs/hpt_parallel_20260529_222526_movielens_10m_p5_n1_w93.log
  [w94] PID 125658  →  logs/hpt_parallel_20260529_222526_movielens_10m_p5_n1_w94.log
  [w95] PID 125659  →  logs/hpt_parallel_20260529_222526_movielens_10m_p5_n1_w95.log
  [w96] PID 125660  →  logs/hpt_parallel_20260529_222526_movielens_10m_p5_n1_w96.log
  [w97] PID 125661  →  logs/hpt_parallel_20260529_222526_movielens_10m_p5_n1_w97.log
  [w98] PID 125662  →  logs/hpt_parallel_20260529_222526_movielens_10m_p5_n1_w98.log
  [w99] PID 125663  →  logs/hpt_parallel_20260529_222526_movielens_10m_p5_n1_w99.log
  [w100] PID 125664  →  logs/hpt_parallel_20260529_222526_movielens_10m_p5_n1_w100.log
  [w101] PID 125665  →  logs/hpt_parallel_20260529_222526_movielens_10m_p5_n1_w101.log
  [w102] PID 125666  →  logs/hpt_parallel_20260529_222526_movielens_10m_p5_n1_w102.log
  [w103] PID 125667  →  logs/hpt_parallel_20260529_222526_movielens_10m_p5_n1_w103.log
  [w104] PID 125668  →  logs/hpt_parallel_20260529_222526_movielens_10m_p5_n1_w104.log
  [w105] PID 125669  →  logs/hpt_parallel_20260529_222526_movielens_10m_p5_n1_w105.log
  [w106] PID 125670  →  logs/hpt_parallel_20260529_222526_movielens_10m_p5_n1_w106.log
  [w107] PID 125671  →  logs/hpt_parallel_20260529_222526_movielens_10m_p5_n1_w107.log
  [w108] PID 125672  →  logs/hpt_parallel_20260529_222526_movielens_10m_p5_n1_w108.log
  [w109] PID 125673  →  logs/hpt_parallel_20260529_222526_movielens_10m_p5_n1_w109.log
  [w110] PID 125674  →  logs/hpt_parallel_20260529_222526_movielens_10m_p5_n1_w110.log
  [w111] PID 125675  →  logs/hpt_parallel_20260529_222526_movielens_10m_p5_n1_w111.log
  [w112] PID 125676  →  logs/hpt_parallel_20260529_222526_movielens_10m_p5_n1_w112.log
  [w113] PID 125677  →  logs/hpt_parallel_20260529_222526_movielens_10m_p5_n1_w113.log
  [w114] PID 125678  →  logs/hpt_parallel_20260529_222526_movielens_10m_p5_n1_w114.log
  [w115] PID 125679  →  logs/hpt_parallel_20260529_222526_movielens_10m_p5_n1_w115.log
  [w116] PID 125680  →  logs/hpt_parallel_20260529_222526_movielens_10m_p5_n1_w116.log
  [w117] PID 125681  →  logs/hpt_parallel_20260529_222526_movielens_10m_p5_n1_w117.log
  [w118] PID 125682  →  logs/hpt_parallel_20260529_222526_movielens_10m_p5_n1_w118.log
  [w119] PID 125683  →  logs/hpt_parallel_20260529_222526_movielens_10m_p5_n1_w119.log
  [w120] PID 125684  →  logs/hpt_parallel_20260529_222526_movielens_10m_p5_n1_w120.log
  [w121] PID 125685  →  logs/hpt_parallel_20260529_222526_movielens_10m_p5_n1_w121.log
  [w122] PID 125686  →  logs/hpt_parallel_20260529_222526_movielens_10m_p5_n1_w122.log
  [w123] PID 125687  →  logs/hpt_parallel_20260529_222526_movielens_10m_p5_n1_w123.log
  [w124] PID 125688  →  logs/hpt_parallel_20260529_222526_movielens_10m_p5_n1_w124.log
  [w125] PID 125689  →  logs/hpt_parallel_20260529_222526_movielens_10m_p5_n1_w125.log
  [w126] PID 125690  →  logs/hpt_parallel_20260529_222526_movielens_10m_p5_n1_w126.log
  [w127] PID 125691  →  logs/hpt_parallel_20260529_222526_movielens_10m_p5_n1_w127.log
  [w128] PID 125692  →  logs/hpt_parallel_20260529_222526_movielens_10m_p5_n1_w128.log
  [w129] PID 125693  →  logs/hpt_parallel_20260529_222526_movielens_10m_p5_n1_w129.log
  [w130] PID 125694  →  logs/hpt_parallel_20260529_222526_movielens_10m_p5_n1_w130.log
  [w131] PID 125695  →  logs/hpt_parallel_20260529_222526_movielens_10m_p5_n1_w131.log
  [w132] PID 125696  →  logs/hpt_parallel_20260529_222526_movielens_10m_p5_n1_w132.log
  [w133] PID 125697  →  logs/hpt_parallel_20260529_222526_movielens_10m_p5_n1_w133.log
  [w134] PID 125698  →  logs/hpt_parallel_20260529_222526_movielens_10m_p5_n1_w134.log
  [w135] PID 125699  →  logs/hpt_parallel_20260529_222526_movielens_10m_p5_n1_w135.log
  [w136] PID 125700  →  logs/hpt_parallel_20260529_222526_movielens_10m_p5_n1_w136.log
  [w137] PID 125701  →  logs/hpt_parallel_20260529_222526_movielens_10m_p5_n1_w137.log
  [w138] PID 125702  →  logs/hpt_parallel_20260529_222526_movielens_10m_p5_n1_w138.log
  [w139] PID 125703  →  logs/hpt_parallel_20260529_222526_movielens_10m_p5_n1_w139.log
  [w140] PID 125704  →  logs/hpt_parallel_20260529_222526_movielens_10m_p5_n1_w140.log
  [w141] PID 125705  →  logs/hpt_parallel_20260529_222526_movielens_10m_p5_n1_w141.log
  [w142] PID 125706  →  logs/hpt_parallel_20260529_222526_movielens_10m_p5_n1_w142.log
  [w143] PID 125707  →  logs/hpt_parallel_20260529_222526_movielens_10m_p5_n1_w143.log
  [w144] PID 125708  →  logs/hpt_parallel_20260529_222526_movielens_10m_p5_n1_w144.log
  [w145] PID 125709  →  logs/hpt_parallel_20260529_222526_movielens_10m_p5_n1_w145.log
  [w146] PID 125710  →  logs/hpt_parallel_20260529_222526_movielens_10m_p5_n1_w146.log
  [w147] PID 125711  →  logs/hpt_parallel_20260529_222526_movielens_10m_p5_n1_w147.log
  [w148] PID 125712  →  logs/hpt_parallel_20260529_222526_movielens_10m_p5_n1_w148.log
  [w149] PID 125713  →  logs/hpt_parallel_20260529_222526_movielens_10m_p5_n1_w149.log
  [w150] PID 125714  →  logs/hpt_parallel_20260529_222526_movielens_10m_p5_n1_w150.log
  [w151] PID 125715  →  logs/hpt_parallel_20260529_222526_movielens_10m_p5_n1_w151.log
  [w152] PID 125716  →  logs/hpt_parallel_20260529_222526_movielens_10m_p5_n1_w152.log
  [w153] PID 125717  →  logs/hpt_parallel_20260529_222526_movielens_10m_p5_n1_w153.log
  [w154] PID 125718  →  logs/hpt_parallel_20260529_222526_movielens_10m_p5_n1_w154.log
  [w155] PID 125719  →  logs/hpt_parallel_20260529_222526_movielens_10m_p5_n1_w155.log
  [w156] PID 125720  →  logs/hpt_parallel_20260529_222526_movielens_10m_p5_n1_w156.log
  [w157] PID 125721  →  logs/hpt_parallel_20260529_222526_movielens_10m_p5_n1_w157.log
  [w158] PID 125722  →  logs/hpt_parallel_20260529_222526_movielens_10m_p5_n1_w158.log
  [w159] PID 125723  →  logs/hpt_parallel_20260529_222526_movielens_10m_p5_n1_w159.log
  [w160] PID 125724  →  logs/hpt_parallel_20260529_222526_movielens_10m_p5_n1_w160.log
  [w161] PID 125725  →  logs/hpt_parallel_20260529_222526_movielens_10m_p5_n1_w161.log
  [w162] PID 125726  →  logs/hpt_parallel_20260529_222526_movielens_10m_p5_n1_w162.log
  [w163] PID 125727  →  logs/hpt_parallel_20260529_222526_movielens_10m_p5_n1_w163.log
  [w164] PID 125728  →  logs/hpt_parallel_20260529_222526_movielens_10m_p5_n1_w164.log
  [w165] PID 125729  →  logs/hpt_parallel_20260529_222526_movielens_10m_p5_n1_w165.log
  [w166] PID 125730  →  logs/hpt_parallel_20260529_222526_movielens_10m_p5_n1_w166.log
  [w167] PID 125731  →  logs/hpt_parallel_20260529_222526_movielens_10m_p5_n1_w167.log
  [w168] PID 125732  →  logs/hpt_parallel_20260529_222526_movielens_10m_p5_n1_w168.log
  [w169] PID 125733  →  logs/hpt_parallel_20260529_222526_movielens_10m_p5_n1_w169.log
  [w170] PID 125734  →  logs/hpt_parallel_20260529_222526_movielens_10m_p5_n1_w170.log
  [w171] PID 125735  →  logs/hpt_parallel_20260529_222526_movielens_10m_p5_n1_w171.log
  [w172] PID 125736  →  logs/hpt_parallel_20260529_222526_movielens_10m_p5_n1_w172.log
  [w173] PID 125737  →  logs/hpt_parallel_20260529_222526_movielens_10m_p5_n1_w173.log
  [w174] PID 125738  →  logs/hpt_parallel_20260529_222526_movielens_10m_p5_n1_w174.log
  [w175] PID 125739  →  logs/hpt_parallel_20260529_222526_movielens_10m_p5_n1_w175.log
  [w176] PID 125740  →  logs/hpt_parallel_20260529_222526_movielens_10m_p5_n1_w176.log
  [w177] PID 125741  →  logs/hpt_parallel_20260529_222526_movielens_10m_p5_n1_w177.log
  [w178] PID 125742  →  logs/hpt_parallel_20260529_222526_movielens_10m_p5_n1_w178.log
  [w179] PID 125743  →  logs/hpt_parallel_20260529_222526_movielens_10m_p5_n1_w179.log
  [w180] PID 125744  →  logs/hpt_parallel_20260529_222526_movielens_10m_p5_n1_w180.log
  [w181] PID 125745  →  logs/hpt_parallel_20260529_222526_movielens_10m_p5_n1_w181.log
  [w182] PID 125746  →  logs/hpt_parallel_20260529_222526_movielens_10m_p5_n1_w182.log
  [w183] PID 125747  →  logs/hpt_parallel_20260529_222526_movielens_10m_p5_n1_w183.log
  [w184] PID 125748  →  logs/hpt_parallel_20260529_222526_movielens_10m_p5_n1_w184.log
  [w185] PID 125749  →  logs/hpt_parallel_20260529_222526_movielens_10m_p5_n1_w185.log
  [w186] PID 125750  →  logs/hpt_parallel_20260529_222526_movielens_10m_p5_n1_w186.log
  [w187] PID 125751  →  logs/hpt_parallel_20260529_222526_movielens_10m_p5_n1_w187.log
  [w188] PID 125752  →  logs/hpt_parallel_20260529_222526_movielens_10m_p5_n1_w188.log
  [w189] PID 125753  →  logs/hpt_parallel_20260529_222526_movielens_10m_p5_n1_w189.log
  [w190] PID 125754  →  logs/hpt_parallel_20260529_222526_movielens_10m_p5_n1_w190.log
  [w191] PID 125755  →  logs/hpt_parallel_20260529_222526_movielens_10m_p5_n1_w191.log
  [w192] PID 125756  →  logs/hpt_parallel_20260529_222526_movielens_10m_p5_n1_w192.log
  [w193] PID 125757  →  logs/hpt_parallel_20260529_222526_movielens_10m_p5_n1_w193.log
  [w194] PID 125759  →  logs/hpt_parallel_20260529_222526_movielens_10m_p5_n1_w194.log
  [w195] PID 125760  →  logs/hpt_parallel_20260529_222526_movielens_10m_p5_n1_w195.log
  [w196] PID 125761  →  logs/hpt_parallel_20260529_222526_movielens_10m_p5_n1_w196.log
  [w197] PID 125762  →  logs/hpt_parallel_20260529_222526_movielens_10m_p5_n1_w197.log
  [w198] PID 125763  →  logs/hpt_parallel_20260529_222526_movielens_10m_p5_n1_w198.log
  [w199] PID 125764  →  logs/hpt_parallel_20260529_222526_movielens_10m_p5_n1_w199.log
  [w200] PID 125766  →  logs/hpt_parallel_20260529_222526_movielens_10m_p5_n1_w200.log
  Waiting for all 200 workers to finish...
./run_hpt_parallel.sh: line 111: 125566 Killed                  nohup python scripts/run_hyperparameter_tuning.py --config "$cfg" --arm d --threshold "$pos" --neg_threshold "$neg" --n_trials "$n_trials" --max_users "$MAX_USERS" --overwrite > "$wlog" 2>&1
./run_hpt_parallel.sh: line 111: 125569 Killed                  nohup python scripts/run_hyperparameter_tuning.py --config "$cfg" --arm d --threshold "$pos" --neg_threshold "$neg" --n_trials "$n_trials" --max_users "$MAX_USERS" --overwrite > "$wlog" 2>&1
./run_hpt_parallel.sh: line 111: 125572 Killed                  nohup python scripts/run_hyperparameter_tuning.py --config "$cfg" --arm d --threshold "$pos" --neg_threshold "$neg" --n_trials "$n_trials" --max_users "$MAX_USERS" --overwrite > "$wlog" 2>&1
./run_hpt_parallel.sh: line 111: 125573 Killed                  nohup python scripts/run_hyperparameter_tuning.py --config "$cfg" --arm d --threshold "$pos" --neg_threshold "$neg" --n_trials "$n_trials" --max_users "$MAX_USERS" --overwrite > "$wlog" 2>&1
./run_hpt_parallel.sh: line 111: 125574 Killed                  nohup python scripts/run_hyperparameter_tuning.py --config "$cfg" --arm d --threshold "$pos" --neg_threshold "$neg" --n_trials "$n_trials" --max_users "$MAX_USERS" --overwrite > "$wlog" 2>&1
./run_hpt_parallel.sh: line 111: 125580 Killed                  nohup python scripts/run_hyperparameter_tuning.py --config "$cfg" --arm d --threshold "$pos" --neg_threshold "$neg" --n_trials "$n_trials" --max_users "$MAX_USERS" --overwrite > "$wlog" 2>&1
./run_hpt_parallel.sh: line 111: 125581 Killed                  nohup python scripts/run_hyperparameter_tuning.py --config "$cfg" --arm d --threshold "$pos" --neg_threshold "$neg" --n_trials "$n_trials" --max_users "$MAX_USERS" --overwrite > "$wlog" 2>&1
./run_hpt_parallel.sh: line 111: 125582 Killed                  nohup python scripts/run_hyperparameter_tuning.py --config "$cfg" --arm d --threshold "$pos" --neg_threshold "$neg" --n_trials "$n_trials" --max_users "$MAX_USERS" --overwrite > "$wlog" 2>&1
./run_hpt_parallel.sh: line 111: 125583 Killed                  nohup python scripts/run_hyperparameter_tuning.py --config "$cfg" --arm d --threshold "$pos" --neg_threshold "$neg" --n_trials "$n_trials" --max_users "$MAX_USERS" --overwrite > "$wlog" 2>&1
./run_hpt_parallel.sh: line 111: 125584 Killed                  nohup python scripts/run_hyperparameter_tuning.py --config "$cfg" --arm d --threshold "$pos" --neg_threshold "$neg" --n_trials "$n_trials" --max_users "$MAX_USERS" --overwrite > "$wlog" 2>&1
./run_hpt_parallel.sh: line 111: 125586 Killed                  nohup python scripts/run_hyperparameter_tuning.py --config "$cfg" --arm d --threshold "$pos" --neg_threshold "$neg" --n_trials "$n_trials" --max_users "$MAX_USERS" --overwrite > "$wlog" 2>&1
./run_hpt_parallel.sh: line 111: 125588 Killed                  nohup python scripts/run_hyperparameter_tuning.py --config "$cfg" --arm d --threshold "$pos" --neg_threshold "$neg" --n_trials "$n_trials" --max_users "$MAX_USERS" --overwrite > "$wlog" 2>&1
./run_hpt_parallel.sh: line 111: 125589 Killed                  nohup python scripts/run_hyperparameter_tuning.py --config "$cfg" --arm d --threshold "$pos" --neg_threshold "$neg" --n_trials "$n_trials" --max_users "$MAX_USERS" --overwrite > "$wlog" 2>&1
./run_hpt_parallel.sh: line 111: 125594 Killed                  nohup python scripts/run_hyperparameter_tuning.py --config "$cfg" --arm d --threshold "$pos" --neg_threshold "$neg" --n_trials "$n_trials" --max_users "$MAX_USERS" --overwrite > "$wlog" 2>&1
./run_hpt_parallel.sh: line 111: 125596 Killed                  nohup python scripts/run_hyperparameter_tuning.py --config "$cfg" --arm d --threshold "$pos" --neg_threshold "$neg" --n_trials "$n_trials" --max_users "$MAX_USERS" --overwrite > "$wlog" 2>&1
./run_hpt_parallel.sh: line 111: 125597 Killed                  nohup python scripts/run_hyperparameter_tuning.py --config "$cfg" --arm d --threshold "$pos" --neg_threshold "$neg" --n_trials "$n_trials" --max_users "$MAX_USERS" --overwrite > "$wlog" 2>&1
./run_hpt_parallel.sh: line 111: 125598 Killed                  nohup python scripts/run_hyperparameter_tuning.py --config "$cfg" --arm d --threshold "$pos" --neg_threshold "$neg" --n_trials "$n_trials" --max_users "$MAX_USERS" --overwrite > "$wlog" 2>&1
./run_hpt_parallel.sh: line 111: 125599 Killed                  nohup python scripts/run_hyperparameter_tuning.py --config "$cfg" --arm d --threshold "$pos" --neg_threshold "$neg" --n_trials "$n_trials" --max_users "$MAX_USERS" --overwrite > "$wlog" 2>&1
./run_hpt_parallel.sh: line 111: 125600 Killed                  nohup python scripts/run_hyperparameter_tuning.py --config "$cfg" --arm d --threshold "$pos" --neg_threshold "$neg" --n_trials "$n_trials" --max_users "$MAX_USERS" --overwrite > "$wlog" 2>&1
./run_hpt_parallel.sh: line 111: 125604 Killed                  nohup python scripts/run_hyperparameter_tuning.py --config "$cfg" --arm d --threshold "$pos" --neg_threshold "$neg" --n_trials "$n_trials" --max_users "$MAX_USERS" --overwrite > "$wlog" 2>&1
./run_hpt_parallel.sh: line 111: 125605 Killed                  nohup python scripts/run_hyperparameter_tuning.py --config "$cfg" --arm d --threshold "$pos" --neg_threshold "$neg" --n_trials "$n_trials" --max_users "$MAX_USERS" --overwrite > "$wlog" 2>&1
./run_hpt_parallel.sh: line 111: 125606 Killed                  nohup python scripts/run_hyperparameter_tuning.py --config "$cfg" --arm d --threshold "$pos" --neg_threshold "$neg" --n_trials "$n_trials" --max_users "$MAX_USERS" --overwrite > "$wlog" 2>&1
./run_hpt_parallel.sh: line 111: 125607 Killed                  nohup python scripts/run_hyperparameter_tuning.py --config "$cfg" --arm d --threshold "$pos" --neg_threshold "$neg" --n_trials "$n_trials" --max_users "$MAX_USERS" --overwrite > "$wlog" 2>&1
./run_hpt_parallel.sh: line 111: 125609 Killed                  nohup python scripts/run_hyperparameter_tuning.py --config "$cfg" --arm d --threshold "$pos" --neg_threshold "$neg" --n_trials "$n_trials" --max_users "$MAX_USERS" --overwrite > "$wlog" 2>&1
./run_hpt_parallel.sh: line 111: 125613 Killed                  nohup python scripts/run_hyperparameter_tuning.py --config "$cfg" --arm d --threshold "$pos" --neg_threshold "$neg" --n_trials "$n_trials" --max_users "$MAX_USERS" --overwrite > "$wlog" 2>&1
./run_hpt_parallel.sh: line 111: 125615 Killed                  nohup python scripts/run_hyperparameter_tuning.py --config "$cfg" --arm d --threshold "$pos" --neg_threshold "$neg" --n_trials "$n_trials" --max_users "$MAX_USERS" --overwrite > "$wlog" 2>&1
./run_hpt_parallel.sh: line 111: 125616 Killed                  nohup python scripts/run_hyperparameter_tuning.py --config "$cfg" --arm d --threshold "$pos" --neg_threshold "$neg" --n_trials "$n_trials" --max_users "$MAX_USERS" --overwrite > "$wlog" 2>&1
./run_hpt_parallel.sh: line 111: 125617 Killed                  nohup python scripts/run_hyperparameter_tuning.py --config "$cfg" --arm d --threshold "$pos" --neg_threshold "$neg" --n_trials "$n_trials" --max_users "$MAX_USERS" --overwrite > "$wlog" 2>&1
./run_hpt_parallel.sh: line 111: 125620 Killed                  nohup python scripts/run_hyperparameter_tuning.py --config "$cfg" --arm d --threshold "$pos" --neg_threshold "$neg" --n_trials "$n_trials" --max_users "$MAX_USERS" --overwrite > "$wlog" 2>&1
./run_hpt_parallel.sh: line 111: 125623 Killed                  nohup python scripts/run_hyperparameter_tuning.py --config "$cfg" --arm d --threshold "$pos" --neg_threshold "$neg" --n_trials "$n_trials" --max_users "$MAX_USERS" --overwrite > "$wlog" 2>&1
./run_hpt_parallel.sh: line 111: 125624 Killed                  nohup python scripts/run_hyperparameter_tuning.py --config "$cfg" --arm d --threshold "$pos" --neg_threshold "$neg" --n_trials "$n_trials" --max_users "$MAX_USERS" --overwrite > "$wlog" 2>&1
./run_hpt_parallel.sh: line 111: 125626 Killed                  nohup python scripts/run_hyperparameter_tuning.py --config "$cfg" --arm d --threshold "$pos" --neg_threshold "$neg" --n_trials "$n_trials" --max_users "$MAX_USERS" --overwrite > "$wlog" 2>&1
./run_hpt_parallel.sh: line 111: 125627 Killed                  nohup python scripts/run_hyperparameter_tuning.py --config "$cfg" --arm d --threshold "$pos" --neg_threshold "$neg" --n_trials "$n_trials" --max_users "$MAX_USERS" --overwrite > "$wlog" 2>&1
./run_hpt_parallel.sh: line 111: 125631 Killed                  nohup python scripts/run_hyperparameter_tuning.py --config "$cfg" --arm d --threshold "$pos" --neg_threshold "$neg" --n_trials "$n_trials" --max_users "$MAX_USERS" --overwrite > "$wlog" 2>&1
./run_hpt_parallel.sh: line 111: 125637 Killed                  nohup python scripts/run_hyperparameter_tuning.py --config "$cfg" --arm d --threshold "$pos" --neg_threshold "$neg" --n_trials "$n_trials" --max_users "$MAX_USERS" --overwrite > "$wlog" 2>&1
./run_hpt_parallel.sh: line 111: 125639 Killed                  nohup python scripts/run_hyperparameter_tuning.py --config "$cfg" --arm d --threshold "$pos" --neg_threshold "$neg" --n_trials "$n_trials" --max_users "$MAX_USERS" --overwrite > "$wlog" 2>&1
./run_hpt_parallel.sh: line 111: 125641 Killed                  nohup python scripts/run_hyperparameter_tuning.py --config "$cfg" --arm d --threshold "$pos" --neg_threshold "$neg" --n_trials "$n_trials" --max_users "$MAX_USERS" --overwrite > "$wlog" 2>&1
./run_hpt_parallel.sh: line 111: 125642 Killed                  nohup python scripts/run_hyperparameter_tuning.py --config "$cfg" --arm d --threshold "$pos" --neg_threshold "$neg" --n_trials "$n_trials" --max_users "$MAX_USERS" --overwrite > "$wlog" 2>&1
./run_hpt_parallel.sh: line 111: 125644 Killed                  nohup python scripts/run_hyperparameter_tuning.py --config "$cfg" --arm d --threshold "$pos" --neg_threshold "$neg" --n_trials "$n_trials" --max_users "$MAX_USERS" --overwrite > "$wlog" 2>&1
./run_hpt_parallel.sh: line 111: 125646 Killed                  nohup python scripts/run_hyperparameter_tuning.py --config "$cfg" --arm d --threshold "$pos" --neg_threshold "$neg" --n_trials "$n_trials" --max_users "$MAX_USERS" --overwrite > "$wlog" 2>&1
./run_hpt_parallel.sh: line 111: 125647 Killed                  nohup python scripts/run_hyperparameter_tuning.py --config "$cfg" --arm d --threshold "$pos" --neg_threshold "$neg" --n_trials "$n_trials" --max_users "$MAX_USERS" --overwrite > "$wlog" 2>&1
./run_hpt_parallel.sh: line 111: 125649 Killed                  nohup python scripts/run_hyperparameter_tuning.py --config "$cfg" --arm d --threshold "$pos" --neg_threshold "$neg" --n_trials "$n_trials" --max_users "$MAX_USERS" --overwrite > "$wlog" 2>&1
./run_hpt_parallel.sh: line 111: 125650 Killed                  nohup python scripts/run_hyperparameter_tuning.py --config "$cfg" --arm d --threshold "$pos" --neg_threshold "$neg" --n_trials "$n_trials" --max_users "$MAX_USERS" --overwrite > "$wlog" 2>&1
./run_hpt_parallel.sh: line 111: 125655 Killed                  nohup python scripts/run_hyperparameter_tuning.py --config "$cfg" --arm d --threshold "$pos" --neg_threshold "$neg" --n_trials "$n_trials" --max_users "$MAX_USERS" --overwrite > "$wlog" 2>&1
./run_hpt_parallel.sh: line 111: 125657 Killed                  nohup python scripts/run_hyperparameter_tuning.py --config "$cfg" --arm d --threshold "$pos" --neg_threshold "$neg" --n_trials "$n_trials" --max_users "$MAX_USERS" --overwrite > "$wlog" 2>&1
./run_hpt_parallel.sh: line 111: 125658 Killed                  nohup python scripts/run_hyperparameter_tuning.py --config "$cfg" --arm d --threshold "$pos" --neg_threshold "$neg" --n_trials "$n_trials" --max_users "$MAX_USERS" --overwrite > "$wlog" 2>&1
./run_hpt_parallel.sh: line 111: 125659 Killed                  nohup python scripts/run_hyperparameter_tuning.py --config "$cfg" --arm d --threshold "$pos" --neg_threshold "$neg" --n_trials "$n_trials" --max_users "$MAX_USERS" --overwrite > "$wlog" 2>&1
./run_hpt_parallel.sh: line 111: 125660 Killed                  nohup python scripts/run_hyperparameter_tuning.py --config "$cfg" --arm d --threshold "$pos" --neg_threshold "$neg" --n_trials "$n_trials" --max_users "$MAX_USERS" --overwrite > "$wlog" 2>&1
./run_hpt_parallel.sh: line 111: 125665 Killed                  nohup python scripts/run_hyperparameter_tuning.py --config "$cfg" --arm d --threshold "$pos" --neg_threshold "$neg" --n_trials "$n_trials" --max_users "$MAX_USERS" --overwrite > "$wlog" 2>&1
./run_hpt_parallel.sh: line 111: 125666 Killed                  nohup python scripts/run_hyperparameter_tuning.py --config "$cfg" --arm d --threshold "$pos" --neg_threshold "$neg" --n_trials "$n_trials" --max_users "$MAX_USERS" --overwrite > "$wlog" 2>&1
./run_hpt_parallel.sh: line 111: 125667 Killed                  nohup python scripts/run_hyperparameter_tuning.py --config "$cfg" --arm d --threshold "$pos" --neg_threshold "$neg" --n_trials "$n_trials" --max_users "$MAX_USERS" --overwrite > "$wlog" 2>&1
./run_hpt_parallel.sh: line 111: 125669 Killed                  nohup python scripts/run_hyperparameter_tuning.py --config "$cfg" --arm d --threshold "$pos" --neg_threshold "$neg" --n_trials "$n_trials" --max_users "$MAX_USERS" --overwrite > "$wlog" 2>&1
./run_hpt_parallel.sh: line 111: 125675 Killed                  nohup python scripts/run_hyperparameter_tuning.py --config "$cfg" --arm d --threshold "$pos" --neg_threshold "$neg" --n_trials "$n_trials" --max_users "$MAX_USERS" --overwrite > "$wlog" 2>&1
./run_hpt_parallel.sh: line 111: 125676 Killed                  nohup python scripts/run_hyperparameter_tuning.py --config "$cfg" --arm d --threshold "$pos" --neg_threshold "$neg" --n_trials "$n_trials" --max_users "$MAX_USERS" --overwrite > "$wlog" 2>&1
./run_hpt_parallel.sh: line 111: 125677 Killed                  nohup python scripts/run_hyperparameter_tuning.py --config "$cfg" --arm d --threshold "$pos" --neg_threshold "$neg" --n_trials "$n_trials" --max_users "$MAX_USERS" --overwrite > "$wlog" 2>&1
./run_hpt_parallel.sh: line 111: 125678 Killed                  nohup python scripts/run_hyperparameter_tuning.py --config "$cfg" --arm d --threshold "$pos" --neg_threshold "$neg" --n_trials "$n_trials" --max_users "$MAX_USERS" --overwrite > "$wlog" 2>&1
./run_hpt_parallel.sh: line 111: 125680 Killed                  nohup python scripts/run_hyperparameter_tuning.py --config "$cfg" --arm d --threshold "$pos" --neg_threshold "$neg" --n_trials "$n_trials" --max_users "$MAX_USERS" --overwrite > "$wlog" 2>&1
./run_hpt_parallel.sh: line 111: 125681 Killed                  nohup python scripts/run_hyperparameter_tuning.py --config "$cfg" --arm d --threshold "$pos" --neg_threshold "$neg" --n_trials "$n_trials" --max_users "$MAX_USERS" --overwrite > "$wlog" 2>&1
./run_hpt_parallel.sh: line 111: 125682 Killed                  nohup python scripts/run_hyperparameter_tuning.py --config "$cfg" --arm d --threshold "$pos" --neg_threshold "$neg" --n_trials "$n_trials" --max_users "$MAX_USERS" --overwrite > "$wlog" 2>&1
./run_hpt_parallel.sh: line 111: 125683 Killed                  nohup python scripts/run_hyperparameter_tuning.py --config "$cfg" --arm d --threshold "$pos" --neg_threshold "$neg" --n_trials "$n_trials" --max_users "$MAX_USERS" --overwrite > "$wlog" 2>&1
./run_hpt_parallel.sh: line 111: 125686 Killed                  nohup python scripts/run_hyperparameter_tuning.py --config "$cfg" --arm d --threshold "$pos" --neg_threshold "$neg" --n_trials "$n_trials" --max_users "$MAX_USERS" --overwrite > "$wlog" 2>&1
./run_hpt_parallel.sh: line 111: 125687 Killed                  nohup python scripts/run_hyperparameter_tuning.py --config "$cfg" --arm d --threshold "$pos" --neg_threshold "$neg" --n_trials "$n_trials" --max_users "$MAX_USERS" --overwrite > "$wlog" 2>&1
./run_hpt_parallel.sh: line 111: 125689 Killed                  nohup python scripts/run_hyperparameter_tuning.py --config "$cfg" --arm d --threshold "$pos" --neg_threshold "$neg" --n_trials "$n_trials" --max_users "$MAX_USERS" --overwrite > "$wlog" 2>&1
./run_hpt_parallel.sh: line 111: 125694 Killed                  nohup python scripts/run_hyperparameter_tuning.py --config "$cfg" --arm d --threshold "$pos" --neg_threshold "$neg" --n_trials "$n_trials" --max_users "$MAX_USERS" --overwrite > "$wlog" 2>&1
./run_hpt_parallel.sh: line 111: 125696 Killed                  nohup python scripts/run_hyperparameter_tuning.py --config "$cfg" --arm d --threshold "$pos" --neg_threshold "$neg" --n_trials "$n_trials" --max_users "$MAX_USERS" --overwrite > "$wlog" 2>&1
./run_hpt_parallel.sh: line 111: 125697 Killed                  nohup python scripts/run_hyperparameter_tuning.py --config "$cfg" --arm d --threshold "$pos" --neg_threshold "$neg" --n_trials "$n_trials" --max_users "$MAX_USERS" --overwrite > "$wlog" 2>&1
./run_hpt_parallel.sh: line 111: 125699 Killed                  nohup python scripts/run_hyperparameter_tuning.py --config "$cfg" --arm d --threshold "$pos" --neg_threshold "$neg" --n_trials "$n_trials" --max_users "$MAX_USERS" --overwrite > "$wlog" 2>&1
./run_hpt_parallel.sh: line 111: 125700 Killed                  nohup python scripts/run_hyperparameter_tuning.py --config "$cfg" --arm d --threshold "$pos" --neg_threshold "$neg" --n_trials "$n_trials" --max_users "$MAX_USERS" --overwrite > "$wlog" 2>&1
./run_hpt_parallel.sh: line 111: 125702 Killed                  nohup python scripts/run_hyperparameter_tuning.py --config "$cfg" --arm d --threshold "$pos" --neg_threshold "$neg" --n_trials "$n_trials" --max_users "$MAX_USERS" --overwrite > "$wlog" 2>&1
./run_hpt_parallel.sh: line 111: 125704 Killed                  nohup python scripts/run_hyperparameter_tuning.py --config "$cfg" --arm d --threshold "$pos" --neg_threshold "$neg" --n_trials "$n_trials" --max_users "$MAX_USERS" --overwrite > "$wlog" 2>&1
./run_hpt_parallel.sh: line 111: 125706 Killed                  nohup python scripts/run_hyperparameter_tuning.py --config "$cfg" --arm d --threshold "$pos" --neg_threshold "$neg" --n_trials "$n_trials" --max_users "$MAX_USERS" --overwrite > "$wlog" 2>&1
./run_hpt_parallel.sh: line 111: 125707 Killed                  nohup python scripts/run_hyperparameter_tuning.py --config "$cfg" --arm d --threshold "$pos" --neg_threshold "$neg" --n_trials "$n_trials" --max_users "$MAX_USERS" --overwrite > "$wlog" 2>&1
./run_hpt_parallel.sh: line 111: 125709 Killed                  nohup python scripts/run_hyperparameter_tuning.py --config "$cfg" --arm d --threshold "$pos" --neg_threshold "$neg" --n_trials "$n_trials" --max_users "$MAX_USERS" --overwrite > "$wlog" 2>&1
./run_hpt_parallel.sh: line 111: 125710 Killed                  nohup python scripts/run_hyperparameter_tuning.py --config "$cfg" --arm d --threshold "$pos" --neg_threshold "$neg" --n_trials "$n_trials" --max_users "$MAX_USERS" --overwrite > "$wlog" 2>&1
./run_hpt_parallel.sh: line 111: 125711 Killed                  nohup python scripts/run_hyperparameter_tuning.py --config "$cfg" --arm d --threshold "$pos" --neg_threshold "$neg" --n_trials "$n_trials" --max_users "$MAX_USERS" --overwrite > "$wlog" 2>&1
./run_hpt_parallel.sh: line 111: 125712 Killed                  nohup python scripts/run_hyperparameter_tuning.py --config "$cfg" --arm d --threshold "$pos" --neg_threshold "$neg" --n_trials "$n_trials" --max_users "$MAX_USERS" --overwrite > "$wlog" 2>&1
./run_hpt_parallel.sh: line 111: 125714 Killed                  nohup python scripts/run_hyperparameter_tuning.py --config "$cfg" --arm d --threshold "$pos" --neg_threshold "$neg" --n_trials "$n_trials" --max_users "$MAX_USERS" --overwrite > "$wlog" 2>&1
./run_hpt_parallel.sh: line 111: 125715 Killed                  nohup python scripts/run_hyperparameter_tuning.py --config "$cfg" --arm d --threshold "$pos" --neg_threshold "$neg" --n_trials "$n_trials" --max_users "$MAX_USERS" --overwrite > "$wlog" 2>&1
./run_hpt_parallel.sh: line 111: 125716 Killed                  nohup python scripts/run_hyperparameter_tuning.py --config "$cfg" --arm d --threshold "$pos" --neg_threshold "$neg" --n_trials "$n_trials" --max_users "$MAX_USERS" --overwrite > "$wlog" 2>&1
./run_hpt_parallel.sh: line 111: 125719 Killed                  nohup python scripts/run_hyperparameter_tuning.py --config "$cfg" --arm d --threshold "$pos" --neg_threshold "$neg" --n_trials "$n_trials" --max_users "$MAX_USERS" --overwrite > "$wlog" 2>&1
./run_hpt_parallel.sh: line 111: 125720 Killed                  nohup python scripts/run_hyperparameter_tuning.py --config "$cfg" --arm d --threshold "$pos" --neg_threshold "$neg" --n_trials "$n_trials" --max_users "$MAX_USERS" --overwrite > "$wlog" 2>&1
./run_hpt_parallel.sh: line 111: 125721 Killed                  nohup python scripts/run_hyperparameter_tuning.py --config "$cfg" --arm d --threshold "$pos" --neg_threshold "$neg" --n_trials "$n_trials" --max_users "$MAX_USERS" --overwrite > "$wlog" 2>&1
./run_hpt_parallel.sh: line 111: 125722 Killed                  nohup python scripts/run_hyperparameter_tuning.py --config "$cfg" --arm d --threshold "$pos" --neg_threshold "$neg" --n_trials "$n_trials" --max_users "$MAX_USERS" --overwrite > "$wlog" 2>&1
./run_hpt_parallel.sh: line 111: 125724 Killed                  nohup python scripts/run_hyperparameter_tuning.py --config "$cfg" --arm d --threshold "$pos" --neg_threshold "$neg" --n_trials "$n_trials" --max_users "$MAX_USERS" --overwrite > "$wlog" 2>&1
./run_hpt_parallel.sh: line 111: 125725 Killed                  nohup python scripts/run_hyperparameter_tuning.py --config "$cfg" --arm d --threshold "$pos" --neg_threshold "$neg" --n_trials "$n_trials" --max_users "$MAX_USERS" --overwrite > "$wlog" 2>&1
./run_hpt_parallel.sh: line 111: 125726 Killed                  nohup python scripts/run_hyperparameter_tuning.py --config "$cfg" --arm d --threshold "$pos" --neg_threshold "$neg" --n_trials "$n_trials" --max_users "$MAX_USERS" --overwrite > "$wlog" 2>&1
./run_hpt_parallel.sh: line 111: 125727 Killed                  nohup python scripts/run_hyperparameter_tuning.py --config "$cfg" --arm d --threshold "$pos" --neg_threshold "$neg" --n_trials "$n_trials" --max_users "$MAX_USERS" --overwrite > "$wlog" 2>&1
./run_hpt_parallel.sh: line 111: 125730 Killed                  nohup python scripts/run_hyperparameter_tuning.py --config "$cfg" --arm d --threshold "$pos" --neg_threshold "$neg" --n_trials "$n_trials" --max_users "$MAX_USERS" --overwrite > "$wlog" 2>&1
./run_hpt_parallel.sh: line 111: 125731 Killed                  nohup python scripts/run_hyperparameter_tuning.py --config "$cfg" --arm d --threshold "$pos" --neg_threshold "$neg" --n_trials "$n_trials" --max_users "$MAX_USERS" --overwrite > "$wlog" 2>&1
./run_hpt_parallel.sh: line 111: 125733 Killed                  nohup python scripts/run_hyperparameter_tuning.py --config "$cfg" --arm d --threshold "$pos" --neg_threshold "$neg" --n_trials "$n_trials" --max_users "$MAX_USERS" --overwrite > "$wlog" 2>&1
./run_hpt_parallel.sh: line 111: 125734 Killed                  nohup python scripts/run_hyperparameter_tuning.py --config "$cfg" --arm d --threshold "$pos" --neg_threshold "$neg" --n_trials "$n_trials" --max_users "$MAX_USERS" --overwrite > "$wlog" 2>&1
./run_hpt_parallel.sh: line 111: 125735 Killed                  nohup python scripts/run_hyperparameter_tuning.py --config "$cfg" --arm d --threshold "$pos" --neg_threshold "$neg" --n_trials "$n_trials" --max_users "$MAX_USERS" --overwrite > "$wlog" 2>&1
./run_hpt_parallel.sh: line 111: 125737 Killed                  nohup python scripts/run_hyperparameter_tuning.py --config "$cfg" --arm d --threshold "$pos" --neg_threshold "$neg" --n_trials "$n_trials" --max_users "$MAX_USERS" --overwrite > "$wlog" 2>&1
./run_hpt_parallel.sh: line 111: 125738 Killed                  nohup python scripts/run_hyperparameter_tuning.py --config "$cfg" --arm d --threshold "$pos" --neg_threshold "$neg" --n_trials "$n_trials" --max_users "$MAX_USERS" --overwrite > "$wlog" 2>&1
./run_hpt_parallel.sh: line 111: 125740 Killed                  nohup python scripts/run_hyperparameter_tuning.py --config "$cfg" --arm d --threshold "$pos" --neg_threshold "$neg" --n_trials "$n_trials" --max_users "$MAX_USERS" --overwrite > "$wlog" 2>&1
./run_hpt_parallel.sh: line 111: 125741 Killed                  nohup python scripts/run_hyperparameter_tuning.py --config "$cfg" --arm d --threshold "$pos" --neg_threshold "$neg" --n_trials "$n_trials" --max_users "$MAX_USERS" --overwrite > "$wlog" 2>&1
./run_hpt_parallel.sh: line 111: 125744 Killed                  nohup python scripts/run_hyperparameter_tuning.py --config "$cfg" --arm d --threshold "$pos" --neg_threshold "$neg" --n_trials "$n_trials" --max_users "$MAX_USERS" --overwrite > "$wlog" 2>&1
./run_hpt_parallel.sh: line 111: 125746 Killed                  nohup python scripts/run_hyperparameter_tuning.py --config "$cfg" --arm d --threshold "$pos" --neg_threshold "$neg" --n_trials "$n_trials" --max_users "$MAX_USERS" --overwrite > "$wlog" 2>&1
./run_hpt_parallel.sh: line 111: 125747 Killed                  nohup python scripts/run_hyperparameter_tuning.py --config "$cfg" --arm d --threshold "$pos" --neg_threshold "$neg" --n_trials "$n_trials" --max_users "$MAX_USERS" --overwrite > "$wlog" 2>&1
./run_hpt_parallel.sh: line 111: 125749 Killed                  nohup python scripts/run_hyperparameter_tuning.py --config "$cfg" --arm d --threshold "$pos" --neg_threshold "$neg" --n_trials "$n_trials" --max_users "$MAX_USERS" --overwrite > "$wlog" 2>&1
./run_hpt_parallel.sh: line 111: 125752 Killed                  nohup python scripts/run_hyperparameter_tuning.py --config "$cfg" --arm d --threshold "$pos" --neg_threshold "$neg" --n_trials "$n_trials" --max_users "$MAX_USERS" --overwrite > "$wlog" 2>&1
./run_hpt_parallel.sh: line 111: 125753 Killed                  nohup python scripts/run_hyperparameter_tuning.py --config "$cfg" --arm d --threshold "$pos" --neg_threshold "$neg" --n_trials "$n_trials" --max_users "$MAX_USERS" --overwrite > "$wlog" 2>&1
./run_hpt_parallel.sh: line 111: 125754 Killed                  nohup python scripts/run_hyperparameter_tuning.py --config "$cfg" --arm d --threshold "$pos" --neg_threshold "$neg" --n_trials "$n_trials" --max_users "$MAX_USERS" --overwrite > "$wlog" 2>&1
./run_hpt_parallel.sh: line 111: 125755 Killed                  nohup python scripts/run_hyperparameter_tuning.py --config "$cfg" --arm d --threshold "$pos" --neg_threshold "$neg" --n_trials "$n_trials" --max_users "$MAX_USERS" --overwrite > "$wlog" 2>&1
./run_hpt_parallel.sh: line 111: 125756 Killed                  nohup python scripts/run_hyperparameter_tuning.py --config "$cfg" --arm d --threshold "$pos" --neg_threshold "$neg" --n_trials "$n_trials" --max_users "$MAX_USERS" --overwrite > "$wlog" 2>&1
./run_hpt_parallel.sh: line 111: 125757 Killed                  nohup python scripts/run_hyperparameter_tuning.py --config "$cfg" --arm d --threshold "$pos" --neg_threshold "$neg" --n_trials "$n_trials" --max_users "$MAX_USERS" --overwrite > "$wlog" 2>&1
./run_hpt_parallel.sh: line 111: 125759 Killed                  nohup python scripts/run_hyperparameter_tuning.py --config "$cfg" --arm d --threshold "$pos" --neg_threshold "$neg" --n_trials "$n_trials" --max_users "$MAX_USERS" --overwrite > "$wlog" 2>&1
./run_hpt_parallel.sh: line 111: 125760 Killed                  nohup python scripts/run_hyperparameter_tuning.py --config "$cfg" --arm d --threshold "$pos" --neg_threshold "$neg" --n_trials "$n_trials" --max_users "$MAX_USERS" --overwrite > "$wlog" 2>&1
./run_hpt_parallel.sh: line 111: 125761 Killed                  nohup python scripts/run_hyperparameter_tuning.py --config "$cfg" --arm d --threshold "$pos" --neg_threshold "$neg" --n_trials "$n_trials" --max_users "$MAX_USERS" --overwrite > "$wlog" 2>&1
./run_hpt_parallel.sh: line 111: 125762 Killed                  nohup python scripts/run_hyperparameter_tuning.py --config "$cfg" --arm d --threshold "$pos" --neg_threshold "$neg" --n_trials "$n_trials" --max_users "$MAX_USERS" --overwrite > "$wlog" 2>&1
./run_hpt_parallel.sh: line 111: 125763 Killed                  nohup python scripts/run_hyperparameter_tuning.py --config "$cfg" --arm d --threshold "$pos" --neg_threshold "$neg" --n_trials "$n_trials" --max_users "$MAX_USERS" --overwrite > "$wlog" 2>&1
./run_hpt_parallel.sh: line 111: 125766 Killed                  nohup python scripts/run_hyperparameter_tuning.py --config "$cfg" --arm d --threshold "$pos" --neg_threshold "$neg" --n_trials "$n_trials" --max_users "$MAX_USERS" --overwrite > "$wlog" 2>&1
  WARNING: one or more workers exited non-zero — check logs
  Results:
    w1: 
    w2: 
    w3: 
    w4: 
    w5: 
    w6: 
    w7: 
    w8: 
    w9: 
    w10: 
    w11: 
    w12: 
    w13: 
    w14: 
    w15: 
    w16: 
    w17: 
    w18: 
    w19: 
    w20: 
    w21: 
    w22: 
    w23: 
    w24: 
    w25: 
    w26: 
    w27: 
    w28: 
    w29: 
    w30: 
    w31: 
    w32: 
    w33: 
    w34: 
    w35: 
    w36: 
    w37: 
    w38: 
    w39: 
    w40: 
    w41: 
    w42: 
    w43: 
    w44: 
    w45: 
    w46: 
    w47: 
    w48: 
    w49: 
    w50: 
    w51: 
    w52: 
    w53: 
    w54: 
    w55: 
    w56: 
    w57: 
    w58: 
    w59: 
    w60: 
    w61: 
    w62: 
    w63: 
    w64: 
    w65: 
    w66: 
    w67: 
    w68: 
    w69: 
    w70: 
    w71: 
    w72: 
    w73: 
    w74: 
    w75: 
    w76: 
    w77: 
    w78: 
    w79: 
    w80: 
    w81: 
    w82: 
    w83: 
    w84: 
    w85: 
    w86: 
    w87: 
    w88: 
    w89: 
    w90: 
    w91: 
    w92: 
    w93: 
    w94: 
    w95: 
    w96: 
    w97: 
    w98: 
    w99: 
    w100: 
    w101: 
    w102: 
    w103: 
    w104: 
    w105: 
    w106: 
    w107: 
    w108: 
    w109: 
    w110: 
    w111: 
    w112: 
    w113: 
    w114: 
    w115: 
    w116: 
    w117: 
    w118: 
    w119: 
    w120: 
    w121: 
    w122: 
    w123: 
    w124: 
    w125: 
    w126: 
    w127: 
    w128: 
    w129: 
    w130: 
    w131: 
    w132: 
    w133: 
    w134: 
    w135: 
    w136: 
    w137: 
    w138: 
    w139: 
    w140: 
    w141: 
    w142: 
    w143: 
    w144: 
    w145: 
    w146: 
    w147: 
    w148: 
    w149: 
    w150: 
    w151: 
    w152: 
    w153: 
    w154: 
    w155: 
    w156: 
    w157: 
    w158: 
    w159: 
    w160: 
    w161: 
    w162: 
    w163: 
    w164: 
    w165: 
    w166: 
    w167: 
    w168: 
    w169: 
    w170: 
    w171: 
    w172: 
    w173: 
    w174: 
    w175: 
    w176: 
    w177: 
    w178: 
    w179: 
    w180: 
    w181: 
    w182: 
    w183: 
    w184: 
    w185: 
    w186: 
    w187: 
    w188: 
    w189: 
    w190: 
    w191: 
    w192: 
    w193: 
    w194: 
    w195: 
    w196: 
    w197: 
    w198: 
    w199: 
    w200: 

══════════════════════════════════════════════════════════════
  Launching 200 workers: movielens_10m / p4_n1
  Config: configs/movielens_10m.yaml  |  pos≥4 neg≤1
  Total target trials: 150  |  MAX_USERS: 5000
  Workers share: outputs/movielens/10m/tuning/arm_d/pos_ge_4_neg_le_1/study.db
══════════════════════════════════════════════════════════════
  [w1] PID 128266  →  logs/hpt_parallel_20260529_222526_movielens_10m_p4_n1_w1.log
  [w2] PID 128267  →  logs/hpt_parallel_20260529_222526_movielens_10m_p4_n1_w2.log
  [w3] PID 128268  →  logs/hpt_parallel_20260529_222526_movielens_10m_p4_n1_w3.log
  [w4] PID 128269  →  logs/hpt_parallel_20260529_222526_movielens_10m_p4_n1_w4.log
  [w5] PID 128270  →  logs/hpt_parallel_20260529_222526_movielens_10m_p4_n1_w5.log
  [w6] PID 128271  →  logs/hpt_parallel_20260529_222526_movielens_10m_p4_n1_w6.log
  [w7] PID 128272  →  logs/hpt_parallel_20260529_222526_movielens_10m_p4_n1_w7.log
  [w8] PID 128273  →  logs/hpt_parallel_20260529_222526_movielens_10m_p4_n1_w8.log
  [w9] PID 128274  →  logs/hpt_parallel_20260529_222526_movielens_10m_p4_n1_w9.log
  [w10] PID 128275  →  logs/hpt_parallel_20260529_222526_movielens_10m_p4_n1_w10.log
  [w11] PID 128276  →  logs/hpt_parallel_20260529_222526_movielens_10m_p4_n1_w11.log
  [w12] PID 128277  →  logs/hpt_parallel_20260529_222526_movielens_10m_p4_n1_w12.log
  [w13] PID 128278  →  logs/hpt_parallel_20260529_222526_movielens_10m_p4_n1_w13.log
  [w14] PID 128279  →  logs/hpt_parallel_20260529_222526_movielens_10m_p4_n1_w14.log
  [w15] PID 128280  →  logs/hpt_parallel_20260529_222526_movielens_10m_p4_n1_w15.log
  [w16] PID 128281  →  logs/hpt_parallel_20260529_222526_movielens_10m_p4_n1_w16.log
  [w17] PID 128282  →  logs/hpt_parallel_20260529_222526_movielens_10m_p4_n1_w17.log
  [w18] PID 128283  →  logs/hpt_parallel_20260529_222526_movielens_10m_p4_n1_w18.log
  [w19] PID 128284  →  logs/hpt_parallel_20260529_222526_movielens_10m_p4_n1_w19.log
  [w20] PID 128285  →  logs/hpt_parallel_20260529_222526_movielens_10m_p4_n1_w20.log
  [w21] PID 128286  →  logs/hpt_parallel_20260529_222526_movielens_10m_p4_n1_w21.log
  [w22] PID 128287  →  logs/hpt_parallel_20260529_222526_movielens_10m_p4_n1_w22.log
  [w23] PID 128288  →  logs/hpt_parallel_20260529_222526_movielens_10m_p4_n1_w23.log
  [w24] PID 128289  →  logs/hpt_parallel_20260529_222526_movielens_10m_p4_n1_w24.log
  [w25] PID 128290  →  logs/hpt_parallel_20260529_222526_movielens_10m_p4_n1_w25.log
  [w26] PID 128291  →  logs/hpt_parallel_20260529_222526_movielens_10m_p4_n1_w26.log
  [w27] PID 128292  →  logs/hpt_parallel_20260529_222526_movielens_10m_p4_n1_w27.log
  [w28] PID 128293  →  logs/hpt_parallel_20260529_222526_movielens_10m_p4_n1_w28.log
  [w29] PID 128294  →  logs/hpt_parallel_20260529_222526_movielens_10m_p4_n1_w29.log
  [w30] PID 128295  →  logs/hpt_parallel_20260529_222526_movielens_10m_p4_n1_w30.log
  [w31] PID 128296  →  logs/hpt_parallel_20260529_222526_movielens_10m_p4_n1_w31.log
  [w32] PID 128297  →  logs/hpt_parallel_20260529_222526_movielens_10m_p4_n1_w32.log
  [w33] PID 128298  →  logs/hpt_parallel_20260529_222526_movielens_10m_p4_n1_w33.log
  [w34] PID 128299  →  logs/hpt_parallel_20260529_222526_movielens_10m_p4_n1_w34.log
  [w35] PID 128300  →  logs/hpt_parallel_20260529_222526_movielens_10m_p4_n1_w35.log
  [w36] PID 128301  →  logs/hpt_parallel_20260529_222526_movielens_10m_p4_n1_w36.log
  [w37] PID 128302  →  logs/hpt_parallel_20260529_222526_movielens_10m_p4_n1_w37.log
  [w38] PID 128303  →  logs/hpt_parallel_20260529_222526_movielens_10m_p4_n1_w38.log
  [w39] PID 128304  →  logs/hpt_parallel_20260529_222526_movielens_10m_p4_n1_w39.log
  [w40] PID 128305  →  logs/hpt_parallel_20260529_222526_movielens_10m_p4_n1_w40.log
  [w41] PID 128306  →  logs/hpt_parallel_20260529_222526_movielens_10m_p4_n1_w41.log
  [w42] PID 128307  →  logs/hpt_parallel_20260529_222526_movielens_10m_p4_n1_w42.log
  [w43] PID 128308  →  logs/hpt_parallel_20260529_222526_movielens_10m_p4_n1_w43.log
  [w44] PID 128309  →  logs/hpt_parallel_20260529_222526_movielens_10m_p4_n1_w44.log
  [w45] PID 128310  →  logs/hpt_parallel_20260529_222526_movielens_10m_p4_n1_w45.log
  [w46] PID 128311  →  logs/hpt_parallel_20260529_222526_movielens_10m_p4_n1_w46.log
  [w47] PID 128312  →  logs/hpt_parallel_20260529_222526_movielens_10m_p4_n1_w47.log
  [w48] PID 128313  →  logs/hpt_parallel_20260529_222526_movielens_10m_p4_n1_w48.log
  [w49] PID 128314  →  logs/hpt_parallel_20260529_222526_movielens_10m_p4_n1_w49.log
  [w50] PID 128315  →  logs/hpt_parallel_20260529_222526_movielens_10m_p4_n1_w50.log
  [w51] PID 128316  →  logs/hpt_parallel_20260529_222526_movielens_10m_p4_n1_w51.log
  [w52] PID 128317  →  logs/hpt_parallel_20260529_222526_movielens_10m_p4_n1_w52.log
  [w53] PID 128318  →  logs/hpt_parallel_20260529_222526_movielens_10m_p4_n1_w53.log
  [w54] PID 128319  →  logs/hpt_parallel_20260529_222526_movielens_10m_p4_n1_w54.log
  [w55] PID 128320  →  logs/hpt_parallel_20260529_222526_movielens_10m_p4_n1_w55.log
  [w56] PID 128321  →  logs/hpt_parallel_20260529_222526_movielens_10m_p4_n1_w56.log
  [w57] PID 128322  →  logs/hpt_parallel_20260529_222526_movielens_10m_p4_n1_w57.log
  [w58] PID 128323  →  logs/hpt_parallel_20260529_222526_movielens_10m_p4_n1_w58.log
  [w59] PID 128324  →  logs/hpt_parallel_20260529_222526_movielens_10m_p4_n1_w59.log
  [w60] PID 128325  →  logs/hpt_parallel_20260529_222526_movielens_10m_p4_n1_w60.log
  [w61] PID 128326  →  logs/hpt_parallel_20260529_222526_movielens_10m_p4_n1_w61.log
  [w62] PID 128327  →  logs/hpt_parallel_20260529_222526_movielens_10m_p4_n1_w62.log
  [w63] PID 128328  →  logs/hpt_parallel_20260529_222526_movielens_10m_p4_n1_w63.log
  [w64] PID 128329  →  logs/hpt_parallel_20260529_222526_movielens_10m_p4_n1_w64.log
  [w65] PID 128330  →  logs/hpt_parallel_20260529_222526_movielens_10m_p4_n1_w65.log
  [w66] PID 128331  →  logs/hpt_parallel_20260529_222526_movielens_10m_p4_n1_w66.log
  [w67] PID 128332  →  logs/hpt_parallel_20260529_222526_movielens_10m_p4_n1_w67.log
  [w68] PID 128333  →  logs/hpt_parallel_20260529_222526_movielens_10m_p4_n1_w68.log
  [w69] PID 128334  →  logs/hpt_parallel_20260529_222526_movielens_10m_p4_n1_w69.log
  [w70] PID 128335  →  logs/hpt_parallel_20260529_222526_movielens_10m_p4_n1_w70.log
  [w71] PID 128336  →  logs/hpt_parallel_20260529_222526_movielens_10m_p4_n1_w71.log
  [w72] PID 128337  →  logs/hpt_parallel_20260529_222526_movielens_10m_p4_n1_w72.log
  [w73] PID 128338  →  logs/hpt_parallel_20260529_222526_movielens_10m_p4_n1_w73.log
  [w74] PID 128339  →  logs/hpt_parallel_20260529_222526_movielens_10m_p4_n1_w74.log
  [w75] PID 128340  →  logs/hpt_parallel_20260529_222526_movielens_10m_p4_n1_w75.log
  [w76] PID 128341  →  logs/hpt_parallel_20260529_222526_movielens_10m_p4_n1_w76.log
  [w77] PID 128342  →  logs/hpt_parallel_20260529_222526_movielens_10m_p4_n1_w77.log
  [w78] PID 128343  →  logs/hpt_parallel_20260529_222526_movielens_10m_p4_n1_w78.log
  [w79] PID 128344  →  logs/hpt_parallel_20260529_222526_movielens_10m_p4_n1_w79.log
  [w80] PID 128345  →  logs/hpt_parallel_20260529_222526_movielens_10m_p4_n1_w80.log
  [w81] PID 128346  →  logs/hpt_parallel_20260529_222526_movielens_10m_p4_n1_w81.log
  [w82] PID 128347  →  logs/hpt_parallel_20260529_222526_movielens_10m_p4_n1_w82.log
  [w83] PID 128348  →  logs/hpt_parallel_20260529_222526_movielens_10m_p4_n1_w83.log
  [w84] PID 128349  →  logs/hpt_parallel_20260529_222526_movielens_10m_p4_n1_w84.log
  [w85] PID 128350  →  logs/hpt_parallel_20260529_222526_movielens_10m_p4_n1_w85.log
  [w86] PID 128351  →  logs/hpt_parallel_20260529_222526_movielens_10m_p4_n1_w86.log
  [w87] PID 128352  →  logs/hpt_parallel_20260529_222526_movielens_10m_p4_n1_w87.log
  [w88] PID 128353  →  logs/hpt_parallel_20260529_222526_movielens_10m_p4_n1_w88.log
  [w89] PID 128354  →  logs/hpt_parallel_20260529_222526_movielens_10m_p4_n1_w89.log
  [w90] PID 128355  →  logs/hpt_parallel_20260529_222526_movielens_10m_p4_n1_w90.log
  [w91] PID 128356  →  logs/hpt_parallel_20260529_222526_movielens_10m_p4_n1_w91.log
  [w92] PID 128357  →  logs/hpt_parallel_20260529_222526_movielens_10m_p4_n1_w92.log
  [w93] PID 128358  →  logs/hpt_parallel_20260529_222526_movielens_10m_p4_n1_w93.log
  [w94] PID 128359  →  logs/hpt_parallel_20260529_222526_movielens_10m_p4_n1_w94.log
  [w95] PID 128360  →  logs/hpt_parallel_20260529_222526_movielens_10m_p4_n1_w95.log
  [w96] PID 128361  →  logs/hpt_parallel_20260529_222526_movielens_10m_p4_n1_w96.log
  [w97] PID 128362  →  logs/hpt_parallel_20260529_222526_movielens_10m_p4_n1_w97.log
  [w98] PID 128363  →  logs/hpt_parallel_20260529_222526_movielens_10m_p4_n1_w98.log
  [w99] PID 128364  →  logs/hpt_parallel_20260529_222526_movielens_10m_p4_n1_w99.log
  [w100] PID 128365  →  logs/hpt_parallel_20260529_222526_movielens_10m_p4_n1_w100.log
  [w101] PID 128366  →  logs/hpt_parallel_20260529_222526_movielens_10m_p4_n1_w101.log
  [w102] PID 128367  →  logs/hpt_parallel_20260529_222526_movielens_10m_p4_n1_w102.log
  [w103] PID 128368  →  logs/hpt_parallel_20260529_222526_movielens_10m_p4_n1_w103.log
  [w104] PID 128369  →  logs/hpt_parallel_20260529_222526_movielens_10m_p4_n1_w104.log
  [w105] PID 128370  →  logs/hpt_parallel_20260529_222526_movielens_10m_p4_n1_w105.log
  [w106] PID 128371  →  logs/hpt_parallel_20260529_222526_movielens_10m_p4_n1_w106.log
  [w107] PID 128372  →  logs/hpt_parallel_20260529_222526_movielens_10m_p4_n1_w107.log
  [w108] PID 128373  →  logs/hpt_parallel_20260529_222526_movielens_10m_p4_n1_w108.log
  [w109] PID 128374  →  logs/hpt_parallel_20260529_222526_movielens_10m_p4_n1_w109.log
  [w110] PID 128375  →  logs/hpt_parallel_20260529_222526_movielens_10m_p4_n1_w110.log
  [w111] PID 128376  →  logs/hpt_parallel_20260529_222526_movielens_10m_p4_n1_w111.log
  [w112] PID 128377  →  logs/hpt_parallel_20260529_222526_movielens_10m_p4_n1_w112.log
  [w113] PID 128378  →  logs/hpt_parallel_20260529_222526_movielens_10m_p4_n1_w113.log
  [w114] PID 128379  →  logs/hpt_parallel_20260529_222526_movielens_10m_p4_n1_w114.log
  [w115] PID 128380  →  logs/hpt_parallel_20260529_222526_movielens_10m_p4_n1_w115.log
  [w116] PID 128381  →  logs/hpt_parallel_20260529_222526_movielens_10m_p4_n1_w116.log
  [w117] PID 128382  →  logs/hpt_parallel_20260529_222526_movielens_10m_p4_n1_w117.log
  [w118] PID 128383  →  logs/hpt_parallel_20260529_222526_movielens_10m_p4_n1_w118.log
  [w119] PID 128384  →  logs/hpt_parallel_20260529_222526_movielens_10m_p4_n1_w119.log
  [w120] PID 128385  →  logs/hpt_parallel_20260529_222526_movielens_10m_p4_n1_w120.log
  [w121] PID 128386  →  logs/hpt_parallel_20260529_222526_movielens_10m_p4_n1_w121.log
  [w122] PID 128387  →  logs/hpt_parallel_20260529_222526_movielens_10m_p4_n1_w122.log
  [w123] PID 128388  →  logs/hpt_parallel_20260529_222526_movielens_10m_p4_n1_w123.log
  [w124] PID 128389  →  logs/hpt_parallel_20260529_222526_movielens_10m_p4_n1_w124.log
  [w125] PID 128390  →  logs/hpt_parallel_20260529_222526_movielens_10m_p4_n1_w125.log
  [w126] PID 128391  →  logs/hpt_parallel_20260529_222526_movielens_10m_p4_n1_w126.log
  [w127] PID 128392  →  logs/hpt_parallel_20260529_222526_movielens_10m_p4_n1_w127.log
  [w128] PID 128393  →  logs/hpt_parallel_20260529_222526_movielens_10m_p4_n1_w128.log
  [w129] PID 128394  →  logs/hpt_parallel_20260529_222526_movielens_10m_p4_n1_w129.log
  [w130] PID 128395  →  logs/hpt_parallel_20260529_222526_movielens_10m_p4_n1_w130.log
  [w131] PID 128396  →  logs/hpt_parallel_20260529_222526_movielens_10m_p4_n1_w131.log
  [w132] PID 128397  →  logs/hpt_parallel_20260529_222526_movielens_10m_p4_n1_w132.log
  [w133] PID 128398  →  logs/hpt_parallel_20260529_222526_movielens_10m_p4_n1_w133.log
  [w134] PID 128399  →  logs/hpt_parallel_20260529_222526_movielens_10m_p4_n1_w134.log
  [w135] PID 128400  →  logs/hpt_parallel_20260529_222526_movielens_10m_p4_n1_w135.log
  [w136] PID 128401  →  logs/hpt_parallel_20260529_222526_movielens_10m_p4_n1_w136.log
  [w137] PID 128402  →  logs/hpt_parallel_20260529_222526_movielens_10m_p4_n1_w137.log
  [w138] PID 128403  →  logs/hpt_parallel_20260529_222526_movielens_10m_p4_n1_w138.log
  [w139] PID 128404  →  logs/hpt_parallel_20260529_222526_movielens_10m_p4_n1_w139.log
  [w140] PID 128405  →  logs/hpt_parallel_20260529_222526_movielens_10m_p4_n1_w140.log
  [w141] PID 128406  →  logs/hpt_parallel_20260529_222526_movielens_10m_p4_n1_w141.log
  [w142] PID 128407  →  logs/hpt_parallel_20260529_222526_movielens_10m_p4_n1_w142.log
  [w143] PID 128408  →  logs/hpt_parallel_20260529_222526_movielens_10m_p4_n1_w143.log
  [w144] PID 128409  →  logs/hpt_parallel_20260529_222526_movielens_10m_p4_n1_w144.log
  [w145] PID 128410  →  logs/hpt_parallel_20260529_222526_movielens_10m_p4_n1_w145.log
  [w146] PID 128411  →  logs/hpt_parallel_20260529_222526_movielens_10m_p4_n1_w146.log
  [w147] PID 128412  →  logs/hpt_parallel_20260529_222526_movielens_10m_p4_n1_w147.log
  [w148] PID 128413  →  logs/hpt_parallel_20260529_222526_movielens_10m_p4_n1_w148.log
  [w149] PID 128414  →  logs/hpt_parallel_20260529_222526_movielens_10m_p4_n1_w149.log
  [w150] PID 128415  →  logs/hpt_parallel_20260529_222526_movielens_10m_p4_n1_w150.log
  [w151] PID 128416  →  logs/hpt_parallel_20260529_222526_movielens_10m_p4_n1_w151.log
  [w152] PID 128417  →  logs/hpt_parallel_20260529_222526_movielens_10m_p4_n1_w152.log
  [w153] PID 128418  →  logs/hpt_parallel_20260529_222526_movielens_10m_p4_n1_w153.log
  [w154] PID 128419  →  logs/hpt_parallel_20260529_222526_movielens_10m_p4_n1_w154.log
  [w155] PID 128420  →  logs/hpt_parallel_20260529_222526_movielens_10m_p4_n1_w155.log
  [w156] PID 128421  →  logs/hpt_parallel_20260529_222526_movielens_10m_p4_n1_w156.log
  [w157] PID 128422  →  logs/hpt_parallel_20260529_222526_movielens_10m_p4_n1_w157.log
  [w158] PID 128423  →  logs/hpt_parallel_20260529_222526_movielens_10m_p4_n1_w158.log
  [w159] PID 128424  →  logs/hpt_parallel_20260529_222526_movielens_10m_p4_n1_w159.log
  [w160] PID 128425  →  logs/hpt_parallel_20260529_222526_movielens_10m_p4_n1_w160.log
  [w161] PID 128426  →  logs/hpt_parallel_20260529_222526_movielens_10m_p4_n1_w161.log
  [w162] PID 128427  →  logs/hpt_parallel_20260529_222526_movielens_10m_p4_n1_w162.log
  [w163] PID 128428  →  logs/hpt_parallel_20260529_222526_movielens_10m_p4_n1_w163.log
  [w164] PID 128429  →  logs/hpt_parallel_20260529_222526_movielens_10m_p4_n1_w164.log
  [w165] PID 128430  →  logs/hpt_parallel_20260529_222526_movielens_10m_p4_n1_w165.log
  [w166] PID 128431  →  logs/hpt_parallel_20260529_222526_movielens_10m_p4_n1_w166.log
  [w167] PID 128432  →  logs/hpt_parallel_20260529_222526_movielens_10m_p4_n1_w167.log
  [w168] PID 128433  →  logs/hpt_parallel_20260529_222526_movielens_10m_p4_n1_w168.log
  [w169] PID 128434  →  logs/hpt_parallel_20260529_222526_movielens_10m_p4_n1_w169.log
  [w170] PID 128435  →  logs/hpt_parallel_20260529_222526_movielens_10m_p4_n1_w170.log
  [w171] PID 128436  →  logs/hpt_parallel_20260529_222526_movielens_10m_p4_n1_w171.log
  [w172] PID 128437  →  logs/hpt_parallel_20260529_222526_movielens_10m_p4_n1_w172.log
  [w173] PID 128438  →  logs/hpt_parallel_20260529_222526_movielens_10m_p4_n1_w173.log
  [w174] PID 128439  →  logs/hpt_parallel_20260529_222526_movielens_10m_p4_n1_w174.log
  [w175] PID 128440  →  logs/hpt_parallel_20260529_222526_movielens_10m_p4_n1_w175.log
  [w176] PID 128441  →  logs/hpt_parallel_20260529_222526_movielens_10m_p4_n1_w176.log
  [w177] PID 128442  →  logs/hpt_parallel_20260529_222526_movielens_10m_p4_n1_w177.log
  [w178] PID 128443  →  logs/hpt_parallel_20260529_222526_movielens_10m_p4_n1_w178.log
  [w179] PID 128444  →  logs/hpt_parallel_20260529_222526_movielens_10m_p4_n1_w179.log
  [w180] PID 128445  →  logs/hpt_parallel_20260529_222526_movielens_10m_p4_n1_w180.log
  [w181] PID 128446  →  logs/hpt_parallel_20260529_222526_movielens_10m_p4_n1_w181.log
  [w182] PID 128447  →  logs/hpt_parallel_20260529_222526_movielens_10m_p4_n1_w182.log
  [w183] PID 128448  →  logs/hpt_parallel_20260529_222526_movielens_10m_p4_n1_w183.log
  [w184] PID 128449  →  logs/hpt_parallel_20260529_222526_movielens_10m_p4_n1_w184.log
  [w185] PID 128450  →  logs/hpt_parallel_20260529_222526_movielens_10m_p4_n1_w185.log
  [w186] PID 128451  →  logs/hpt_parallel_20260529_222526_movielens_10m_p4_n1_w186.log
  [w187] PID 128452  →  logs/hpt_parallel_20260529_222526_movielens_10m_p4_n1_w187.log
  [w188] PID 128453  →  logs/hpt_parallel_20260529_222526_movielens_10m_p4_n1_w188.log
  [w189] PID 128454  →  logs/hpt_parallel_20260529_222526_movielens_10m_p4_n1_w189.log
  [w190] PID 128455  →  logs/hpt_parallel_20260529_222526_movielens_10m_p4_n1_w190.log
  [w191] PID 128456  →  logs/hpt_parallel_20260529_222526_movielens_10m_p4_n1_w191.log
  [w192] PID 128457  →  logs/hpt_parallel_20260529_222526_movielens_10m_p4_n1_w192.log
  [w193] PID 128458  →  logs/hpt_parallel_20260529_222526_movielens_10m_p4_n1_w193.log
  [w194] PID 128459  →  logs/hpt_parallel_20260529_222526_movielens_10m_p4_n1_w194.log
  [w195] PID 128460  →  logs/hpt_parallel_20260529_222526_movielens_10m_p4_n1_w195.log
  [w196] PID 128461  →  logs/hpt_parallel_20260529_222526_movielens_10m_p4_n1_w196.log
  [w197] PID 128462  →  logs/hpt_parallel_20260529_222526_movielens_10m_p4_n1_w197.log
  [w198] PID 128463  →  logs/hpt_parallel_20260529_222526_movielens_10m_p4_n1_w198.log
  [w199] PID 128464  →  logs/hpt_parallel_20260529_222526_movielens_10m_p4_n1_w199.log
  [w200] PID 128465  →  logs/hpt_parallel_20260529_222526_movielens_10m_p4_n1_w200.log
  Waiting for all 200 workers to finish...
./run_hpt_parallel.sh: line 111: 128266 Killed                  nohup python scripts/run_hyperparameter_tuning.py --config "$cfg" --arm d --threshold "$pos" --neg_threshold "$neg" --n_trials "$n_trials" --max_users "$MAX_USERS" --overwrite > "$wlog" 2>&1
./run_hpt_parallel.sh: line 111: 128275 Killed                  nohup python scripts/run_hyperparameter_tuning.py --config "$cfg" --arm d --threshold "$pos" --neg_threshold "$neg" --n_trials "$n_trials" --max_users "$MAX_USERS" --overwrite > "$wlog" 2>&1
./run_hpt_parallel.sh: line 111: 128286 Killed                  nohup python scripts/run_hyperparameter_tuning.py --config "$cfg" --arm d --threshold "$pos" --neg_threshold "$neg" --n_trials "$n_trials" --max_users "$MAX_USERS" --overwrite > "$wlog" 2>&1
./run_hpt_parallel.sh: line 111: 128290 Killed                  nohup python scripts/run_hyperparameter_tuning.py --config "$cfg" --arm d --threshold "$pos" --neg_threshold "$neg" --n_trials "$n_trials" --max_users "$MAX_USERS" --overwrite > "$wlog" 2>&1
./run_hpt_parallel.sh: line 111: 128300 Killed                  nohup python scripts/run_hyperparameter_tuning.py --config "$cfg" --arm d --threshold "$pos" --neg_threshold "$neg" --n_trials "$n_trials" --max_users "$MAX_USERS" --overwrite > "$wlog" 2>&1
./run_hpt_parallel.sh: line 111: 128348 Killed                  nohup python scripts/run_hyperparameter_tuning.py --config "$cfg" --arm d --threshold "$pos" --neg_threshold "$neg" --n_trials "$n_trials" --max_users "$MAX_USERS" --overwrite > "$wlog" 2>&1
./run_hpt_parallel.sh: line 111: 128363 Killed                  nohup python scripts/run_hyperparameter_tuning.py --config "$cfg" --arm d --threshold "$pos" --neg_threshold "$neg" --n_trials "$n_trials" --max_users "$MAX_USERS" --overwrite > "$wlog" 2>&1
./run_hpt_parallel.sh: line 111: 128376 Killed                  nohup python scripts/run_hyperparameter_tuning.py --config "$cfg" --arm d --threshold "$pos" --neg_threshold "$neg" --n_trials "$n_trials" --max_users "$MAX_USERS" --overwrite > "$wlog" 2>&1
./run_hpt_parallel.sh: line 111: 128385 Killed                  nohup python scripts/run_hyperparameter_tuning.py --config "$cfg" --arm d --threshold "$pos" --neg_threshold "$neg" --n_trials "$n_trials" --max_users "$MAX_USERS" --overwrite > "$wlog" 2>&1
./run_hpt_parallel.sh: line 111: 128394 Killed                  nohup python scripts/run_hyperparameter_tuning.py --config "$cfg" --arm d --threshold "$pos" --neg_threshold "$neg" --n_trials "$n_trials" --max_users "$MAX_USERS" --overwrite > "$wlog" 2>&1
./run_hpt_parallel.sh: line 111: 128397 Killed                  nohup python scripts/run_hyperparameter_tuning.py --config "$cfg" --arm d --threshold "$pos" --neg_threshold "$neg" --n_trials "$n_trials" --max_users "$MAX_USERS" --overwrite > "$wlog" 2>&1
./run_hpt_parallel.sh: line 111: 128400 Killed                  nohup python scripts/run_hyperparameter_tuning.py --config "$cfg" --arm d --threshold "$pos" --neg_threshold "$neg" --n_trials "$n_trials" --max_users "$MAX_USERS" --overwrite > "$wlog" 2>&1
./run_hpt_parallel.sh: line 111: 128413 Killed                  nohup python scripts/run_hyperparameter_tuning.py --config "$cfg" --arm d --threshold "$pos" --neg_threshold "$neg" --n_trials "$n_trials" --max_users "$MAX_USERS" --overwrite > "$wlog" 2>&1
./run_hpt_parallel.sh: line 111: 128417 Killed                  nohup python scripts/run_hyperparameter_tuning.py --config "$cfg" --arm d --threshold "$pos" --neg_threshold "$neg" --n_trials "$n_trials" --max_users "$MAX_USERS" --overwrite > "$wlog" 2>&1
./run_hpt_parallel.sh: line 111: 128422 Killed                  nohup python scripts/run_hyperparameter_tuning.py --config "$cfg" --arm d --threshold "$pos" --neg_threshold "$neg" --n_trials "$n_trials" --max_users "$MAX_USERS" --overwrite > "$wlog" 2>&1
./run_hpt_parallel.sh: line 111: 128434 Killed                  nohup python scripts/run_hyperparameter_tuning.py --config "$cfg" --arm d --threshold "$pos" --neg_threshold "$neg" --n_trials "$n_trials" --max_users "$MAX_USERS" --overwrite > "$wlog" 2>&1
./run_hpt_parallel.sh: line 111: 128451 Killed                  nohup python scripts/run_hyperparameter_tuning.py --config "$cfg" --arm d --threshold "$pos" --neg_threshold "$neg" --n_trials "$n_trials" --max_users "$MAX_USERS" --overwrite > "$wlog" 2>&1
./run_hpt_parallel.sh: line 111: 128464 Killed                  nohup python scripts/run_hyperparameter_tuning.py --config "$cfg" --arm d --threshold "$pos" --neg_threshold "$neg" --n_trials "$n_trials" --max_users "$MAX_USERS" --overwrite > "$wlog" 2>&1
./run_hpt_parallel.sh: line 111: 128267 Killed                  nohup python scripts/run_hyperparameter_tuning.py --config "$cfg" --arm d --threshold "$pos" --neg_threshold "$neg" --n_trials "$n_trials" --max_users "$MAX_USERS" --overwrite > "$wlog" 2>&1
./run_hpt_parallel.sh: line 111: 128268 Killed                  nohup python scripts/run_hyperparameter_tuning.py --config "$cfg" --arm d --threshold "$pos" --neg_threshold "$neg" --n_trials "$n_trials" --max_users "$MAX_USERS" --overwrite > "$wlog" 2>&1
./run_hpt_parallel.sh: line 111: 128273 Killed                  nohup python scripts/run_hyperparameter_tuning.py --config "$cfg" --arm d --threshold "$pos" --neg_threshold "$neg" --n_trials "$n_trials" --max_users "$MAX_USERS" --overwrite > "$wlog" 2>&1
./run_hpt_parallel.sh: line 111: 128277 Killed                  nohup python scripts/run_hyperparameter_tuning.py --config "$cfg" --arm d --threshold "$pos" --neg_threshold "$neg" --n_trials "$n_trials" --max_users "$MAX_USERS" --overwrite > "$wlog" 2>&1
./run_hpt_parallel.sh: line 111: 128278 Killed                  nohup python scripts/run_hyperparameter_tuning.py --config "$cfg" --arm d --threshold "$pos" --neg_threshold "$neg" --n_trials "$n_trials" --max_users "$MAX_USERS" --overwrite > "$wlog" 2>&1
./run_hpt_parallel.sh: line 111: 128285 Killed                  nohup python scripts/run_hyperparameter_tuning.py --config "$cfg" --arm d --threshold "$pos" --neg_threshold "$neg" --n_trials "$n_trials" --max_users "$MAX_USERS" --overwrite > "$wlog" 2>&1
./run_hpt_parallel.sh: line 111: 128288 Killed                  nohup python scripts/run_hyperparameter_tuning.py --config "$cfg" --arm d --threshold "$pos" --neg_threshold "$neg" --n_trials "$n_trials" --max_users "$MAX_USERS" --overwrite > "$wlog" 2>&1
./run_hpt_parallel.sh: line 111: 128293 Killed                  nohup python scripts/run_hyperparameter_tuning.py --config "$cfg" --arm d --threshold "$pos" --neg_threshold "$neg" --n_trials "$n_trials" --max_users "$MAX_USERS" --overwrite > "$wlog" 2>&1
./run_hpt_parallel.sh: line 111: 128303 Killed                  nohup python scripts/run_hyperparameter_tuning.py --config "$cfg" --arm d --threshold "$pos" --neg_threshold "$neg" --n_trials "$n_trials" --max_users "$MAX_USERS" --overwrite > "$wlog" 2>&1
./run_hpt_parallel.sh: line 111: 128306 Killed                  nohup python scripts/run_hyperparameter_tuning.py --config "$cfg" --arm d --threshold "$pos" --neg_threshold "$neg" --n_trials "$n_trials" --max_users "$MAX_USERS" --overwrite > "$wlog" 2>&1
./run_hpt_parallel.sh: line 111: 128308 Killed                  nohup python scripts/run_hyperparameter_tuning.py --config "$cfg" --arm d --threshold "$pos" --neg_threshold "$neg" --n_trials "$n_trials" --max_users "$MAX_USERS" --overwrite > "$wlog" 2>&1
./run_hpt_parallel.sh: line 111: 128316 Killed                  nohup python scripts/run_hyperparameter_tuning.py --config "$cfg" --arm d --threshold "$pos" --neg_threshold "$neg" --n_trials "$n_trials" --max_users "$MAX_USERS" --overwrite > "$wlog" 2>&1
./run_hpt_parallel.sh: line 111: 128321 Killed                  nohup python scripts/run_hyperparameter_tuning.py --config "$cfg" --arm d --threshold "$pos" --neg_threshold "$neg" --n_trials "$n_trials" --max_users "$MAX_USERS" --overwrite > "$wlog" 2>&1
./run_hpt_parallel.sh: line 111: 128323 Killed                  nohup python scripts/run_hyperparameter_tuning.py --config "$cfg" --arm d --threshold "$pos" --neg_threshold "$neg" --n_trials "$n_trials" --max_users "$MAX_USERS" --overwrite > "$wlog" 2>&1
./run_hpt_parallel.sh: line 111: 128355 Killed                  nohup python scripts/run_hyperparameter_tuning.py --config "$cfg" --arm d --threshold "$pos" --neg_threshold "$neg" --n_trials "$n_trials" --max_users "$MAX_USERS" --overwrite > "$wlog" 2>&1
./run_hpt_parallel.sh: line 111: 128357 Killed                  nohup python scripts/run_hyperparameter_tuning.py --config "$cfg" --arm d --threshold "$pos" --neg_threshold "$neg" --n_trials "$n_trials" --max_users "$MAX_USERS" --overwrite > "$wlog" 2>&1
./run_hpt_parallel.sh: line 111: 128366 Killed                  nohup python scripts/run_hyperparameter_tuning.py --config "$cfg" --arm d --threshold "$pos" --neg_threshold "$neg" --n_trials "$n_trials" --max_users "$MAX_USERS" --overwrite > "$wlog" 2>&1
./run_hpt_parallel.sh: line 111: 128374 Killed                  nohup python scripts/run_hyperparameter_tuning.py --config "$cfg" --arm d --threshold "$pos" --neg_threshold "$neg" --n_trials "$n_trials" --max_users "$MAX_USERS" --overwrite > "$wlog" 2>&1
./run_hpt_parallel.sh: line 111: 128375 Killed                  nohup python scripts/run_hyperparameter_tuning.py --config "$cfg" --arm d --threshold "$pos" --neg_threshold "$neg" --n_trials "$n_trials" --max_users "$MAX_USERS" --overwrite > "$wlog" 2>&1
./run_hpt_parallel.sh: line 111: 128384 Killed                  nohup python scripts/run_hyperparameter_tuning.py --config "$cfg" --arm d --threshold "$pos" --neg_threshold "$neg" --n_trials "$n_trials" --max_users "$MAX_USERS" --overwrite > "$wlog" 2>&1
./run_hpt_parallel.sh: line 111: 128388 Killed                  nohup python scripts/run_hyperparameter_tuning.py --config "$cfg" --arm d --threshold "$pos" --neg_threshold "$neg" --n_trials "$n_trials" --max_users "$MAX_USERS" --overwrite > "$wlog" 2>&1
./run_hpt_parallel.sh: line 111: 128393 Killed                  nohup python scripts/run_hyperparameter_tuning.py --config "$cfg" --arm d --threshold "$pos" --neg_threshold "$neg" --n_trials "$n_trials" --max_users "$MAX_USERS" --overwrite > "$wlog" 2>&1
./run_hpt_parallel.sh: line 111: 128398 Killed                  nohup python scripts/run_hyperparameter_tuning.py --config "$cfg" --arm d --threshold "$pos" --neg_threshold "$neg" --n_trials "$n_trials" --max_users "$MAX_USERS" --overwrite > "$wlog" 2>&1
./run_hpt_parallel.sh: line 111: 128399 Killed                  nohup python scripts/run_hyperparameter_tuning.py --config "$cfg" --arm d --threshold "$pos" --neg_threshold "$neg" --n_trials "$n_trials" --max_users "$MAX_USERS" --overwrite > "$wlog" 2>&1
./run_hpt_parallel.sh: line 111: 128410 Killed                  nohup python scripts/run_hyperparameter_tuning.py --config "$cfg" --arm d --threshold "$pos" --neg_threshold "$neg" --n_trials "$n_trials" --max_users "$MAX_USERS" --overwrite > "$wlog" 2>&1
./run_hpt_parallel.sh: line 111: 128416 Killed                  nohup python scripts/run_hyperparameter_tuning.py --config "$cfg" --arm d --threshold "$pos" --neg_threshold "$neg" --n_trials "$n_trials" --max_users "$MAX_USERS" --overwrite > "$wlog" 2>&1
./run_hpt_parallel.sh: line 111: 128424 Killed                  nohup python scripts/run_hyperparameter_tuning.py --config "$cfg" --arm d --threshold "$pos" --neg_threshold "$neg" --n_trials "$n_trials" --max_users "$MAX_USERS" --overwrite > "$wlog" 2>&1
./run_hpt_parallel.sh: line 111: 128427 Killed                  nohup python scripts/run_hyperparameter_tuning.py --config "$cfg" --arm d --threshold "$pos" --neg_threshold "$neg" --n_trials "$n_trials" --max_users "$MAX_USERS" --overwrite > "$wlog" 2>&1
./run_hpt_parallel.sh: line 111: 128428 Killed                  nohup python scripts/run_hyperparameter_tuning.py --config "$cfg" --arm d --threshold "$pos" --neg_threshold "$neg" --n_trials "$n_trials" --max_users "$MAX_USERS" --overwrite > "$wlog" 2>&1
./run_hpt_parallel.sh: line 111: 128431 Killed                  nohup python scripts/run_hyperparameter_tuning.py --config "$cfg" --arm d --threshold "$pos" --neg_threshold "$neg" --n_trials "$n_trials" --max_users "$MAX_USERS" --overwrite > "$wlog" 2>&1
./run_hpt_parallel.sh: line 111: 128437 Killed                  nohup python scripts/run_hyperparameter_tuning.py --config "$cfg" --arm d --threshold "$pos" --neg_threshold "$neg" --n_trials "$n_trials" --max_users "$MAX_USERS" --overwrite > "$wlog" 2>&1
./run_hpt_parallel.sh: line 111: 128441 Killed                  nohup python scripts/run_hyperparameter_tuning.py --config "$cfg" --arm d --threshold "$pos" --neg_threshold "$neg" --n_trials "$n_trials" --max_users "$MAX_USERS" --overwrite > "$wlog" 2>&1
./run_hpt_parallel.sh: line 111: 128459 Killed                  nohup python scripts/run_hyperparameter_tuning.py --config "$cfg" --arm d --threshold "$pos" --neg_threshold "$neg" --n_trials "$n_trials" --max_users "$MAX_USERS" --overwrite > "$wlog" 2>&1
./run_hpt_parallel.sh: line 111: 128460 Killed                  nohup python scripts/run_hyperparameter_tuning.py --config "$cfg" --arm d --threshold "$pos" --neg_threshold "$neg" --n_trials "$n_trials" --max_users "$MAX_USERS" --overwrite > "$wlog" 2>&1
./run_hpt_parallel.sh: line 111: 128287 Killed                  nohup python scripts/run_hyperparameter_tuning.py --config "$cfg" --arm d --threshold "$pos" --neg_threshold "$neg" --n_trials "$n_trials" --max_users "$MAX_USERS" --overwrite > "$wlog" 2>&1
./run_hpt_parallel.sh: line 111: 128289 Killed                  nohup python scripts/run_hyperparameter_tuning.py --config "$cfg" --arm d --threshold "$pos" --neg_threshold "$neg" --n_trials "$n_trials" --max_users "$MAX_USERS" --overwrite > "$wlog" 2>&1
./run_hpt_parallel.sh: line 111: 128302 Killed                  nohup python scripts/run_hyperparameter_tuning.py --config "$cfg" --arm d --threshold "$pos" --neg_threshold "$neg" --n_trials "$n_trials" --max_users "$MAX_USERS" --overwrite > "$wlog" 2>&1
./run_hpt_parallel.sh: line 111: 128456 Killed                  nohup python scripts/run_hyperparameter_tuning.py --config "$cfg" --arm d --threshold "$pos" --neg_threshold "$neg" --n_trials "$n_trials" --max_users "$MAX_USERS" --overwrite > "$wlog" 2>&1
./run_hpt_parallel.sh: line 111: 128457 Killed                  nohup python scripts/run_hyperparameter_tuning.py --config "$cfg" --arm d --threshold "$pos" --neg_threshold "$neg" --n_trials "$n_trials" --max_users "$MAX_USERS" --overwrite > "$wlog" 2>&1
  WARNING: one or more workers exited non-zero — check logs
  Results:
    w1: 
    w2: 
    w3: 
    w4: 
    w5: 
    w6: 
    w7: 
    w8: 
    w9: 
    w10: 
    w11: 
    w12: 
    w13: 
    w14: 
    w15: 
    w16: 
    w17: 
    w18: 
    w19: 
    w20: 
    w21: 
    w22: 
    w23: 
    w24: 
    w25: 
    w26: 
    w27: 
    w28: 
    w29: 
    w30: 
    w31: 
    w32: 
    w33: 
    w34: 
    w35: 
    w36: 
    w37: 
    w38: 
    w39: 
    w40: 
    w41: 
    w42: 
    w43: 
    w44: 
    w45: 
    w46: 
    w47: 
    w48: 
    w49: 
    w50: 
    w51: 
    w52: 
    w53: 
    w54: 
    w55: 
    w56: 
    w57: 
    w58: 
    w59: 
    w60: 
    w61: 
    w62: 
    w63: 
    w64: 
    w65: 
    w66: 
    w67: 
    w68: 
    w69: 
    w70: 
    w71: 
    w72: 
    w73: 
    w74: 
    w75: 
    w76: 
    w77: 
    w78: 
    w79: 
    w80: 
    w81: 
    w82: 
    w83: 
    w84: 
    w85: 
    w86: 
    w87: 
    w88: 
    w89: 
    w90: 
    w91: 
    w92: 
    w93: 
    w94: 
    w95: 
    w96: 
    w97: 
    w98: 
    w99: 
    w100: 
    w101: 
    w102: 
    w103: 
    w104: 
    w105: 
    w106: 
    w107: 
    w108: 
    w109: 
    w110: 
    w111: 
    w112: 
    w113: 
    w114: 
    w115: 
    w116: 
    w117: 
    w118: 
    w119: 
    w120: 
    w121: 
    w122: 
    w123: 
    w124: 
    w125: 
    w126: 
    w127: 
    w128: 
    w129: 
    w130: 
    w131: 
    w132: 
    w133: 
    w134: 
    w135: 
    w136: 
    w137: 
    w138: 
    w139: 
    w140: 
    w141: 
    w142: 
    w143: 
    w144: 
    w145: 
    w146: 
    w147: 
    w148: 
    w149: 
    w150: 
    w151: 
    w152: 
    w153: 
    w154: 
    w155: 
    w156: 
    w157: 
    w158: 
    w159: 
    w160: 
    w161: 
    w162: 
    w163: 
    w164: 
    w165: 
    w166: 
    w167: 
    w168: 
    w169: 
    w170: 
    w171: 
    w172: 
    w173: 
    w174: 
    w175: 
    w176: 
    w177: 
    w178: 
    w179: 
    w180: 
    w181: 
    w182: 
    w183: 
    w184: 
    w185: 
    w186: 
    w187: 
    w188: 
    w189: 
    w190: 
    w191: 
    w192: 
    w193: 
    w194: 
    w195: 
    w196: 
    w197: 
    w198: 
    w199: 
    w200: 

══════════════════════════════════════════════════════════════
  Launching 200 workers: movielens_10m / p4_n2
  Config: configs/movielens_10m.yaml  |  pos≥4 neg≤2
  Total target trials: 150  |  MAX_USERS: 5000
  Workers share: outputs/movielens/10m/tuning/arm_d/pos_ge_4_neg_le_2/study.db
══════════════════════════════════════════════════════════════
  [w1] PID 131767  →  logs/hpt_parallel_20260529_222526_movielens_10m_p4_n2_w1.log
  [w2] PID 131768  →  logs/hpt_parallel_20260529_222526_movielens_10m_p4_n2_w2.log
  [w3] PID 131769  →  logs/hpt_parallel_20260529_222526_movielens_10m_p4_n2_w3.log
  [w4] PID 131770  →  logs/hpt_parallel_20260529_222526_movielens_10m_p4_n2_w4.log
  [w5] PID 131773  →  logs/hpt_parallel_20260529_222526_movielens_10m_p4_n2_w5.log
  [w6] PID 131775  →  logs/hpt_parallel_20260529_222526_movielens_10m_p4_n2_w6.log
  [w7] PID 131777  →  logs/hpt_parallel_20260529_222526_movielens_10m_p4_n2_w7.log
  [w8] PID 131778  →  logs/hpt_parallel_20260529_222526_movielens_10m_p4_n2_w8.log
  [w9] PID 131779  →  logs/hpt_parallel_20260529_222526_movielens_10m_p4_n2_w9.log
  [w10] PID 131780  →  logs/hpt_parallel_20260529_222526_movielens_10m_p4_n2_w10.log
  [w11] PID 131782  →  logs/hpt_parallel_20260529_222526_movielens_10m_p4_n2_w11.log
  [w12] PID 131783  →  logs/hpt_parallel_20260529_222526_movielens_10m_p4_n2_w12.log
  [w13] PID 131784  →  logs/hpt_parallel_20260529_222526_movielens_10m_p4_n2_w13.log
  [w14] PID 131787  →  logs/hpt_parallel_20260529_222526_movielens_10m_p4_n2_w14.log
  [w15] PID 131788  →  logs/hpt_parallel_20260529_222526_movielens_10m_p4_n2_w15.log
  [w16] PID 131789  →  logs/hpt_parallel_20260529_222526_movielens_10m_p4_n2_w16.log
  [w17] PID 131790  →  logs/hpt_parallel_20260529_222526_movielens_10m_p4_n2_w17.log
  [w18] PID 131791  →  logs/hpt_parallel_20260529_222526_movielens_10m_p4_n2_w18.log
  [w19] PID 131792  →  logs/hpt_parallel_20260529_222526_movielens_10m_p4_n2_w19.log
  [w20] PID 131795  →  logs/hpt_parallel_20260529_222526_movielens_10m_p4_n2_w20.log
  [w21] PID 131796  →  logs/hpt_parallel_20260529_222526_movielens_10m_p4_n2_w21.log
  [w22] PID 131797  →  logs/hpt_parallel_20260529_222526_movielens_10m_p4_n2_w22.log
  [w23] PID 131798  →  logs/hpt_parallel_20260529_222526_movielens_10m_p4_n2_w23.log
  [w24] PID 131799  →  logs/hpt_parallel_20260529_222526_movielens_10m_p4_n2_w24.log
  [w25] PID 131801  →  logs/hpt_parallel_20260529_222526_movielens_10m_p4_n2_w25.log
  [w26] PID 131804  →  logs/hpt_parallel_20260529_222526_movielens_10m_p4_n2_w26.log
  [w27] PID 131805  →  logs/hpt_parallel_20260529_222526_movielens_10m_p4_n2_w27.log
  [w28] PID 131806  →  logs/hpt_parallel_20260529_222526_movielens_10m_p4_n2_w28.log
  [w29] PID 131812  →  logs/hpt_parallel_20260529_222526_movielens_10m_p4_n2_w29.log
  [w30] PID 131814  →  logs/hpt_parallel_20260529_222526_movielens_10m_p4_n2_w30.log
  [w31] PID 131815  →  logs/hpt_parallel_20260529_222526_movielens_10m_p4_n2_w31.log
  [w32] PID 131820  →  logs/hpt_parallel_20260529_222526_movielens_10m_p4_n2_w32.log
  [w33] PID 131821  →  logs/hpt_parallel_20260529_222526_movielens_10m_p4_n2_w33.log
  [w34] PID 131822  →  logs/hpt_parallel_20260529_222526_movielens_10m_p4_n2_w34.log
  [w35] PID 131823  →  logs/hpt_parallel_20260529_222526_movielens_10m_p4_n2_w35.log
  [w36] PID 131824  →  logs/hpt_parallel_20260529_222526_movielens_10m_p4_n2_w36.log
  [w37] PID 131826  →  logs/hpt_parallel_20260529_222526_movielens_10m_p4_n2_w37.log
  [w38] PID 131827  →  logs/hpt_parallel_20260529_222526_movielens_10m_p4_n2_w38.log
  [w39] PID 131828  →  logs/hpt_parallel_20260529_222526_movielens_10m_p4_n2_w39.log
  [w40] PID 131829  →  logs/hpt_parallel_20260529_222526_movielens_10m_p4_n2_w40.log
  [w41] PID 131830  →  logs/hpt_parallel_20260529_222526_movielens_10m_p4_n2_w41.log
  [w42] PID 131833  →  logs/hpt_parallel_20260529_222526_movielens_10m_p4_n2_w42.log
  [w43] PID 131834  →  logs/hpt_parallel_20260529_222526_movielens_10m_p4_n2_w43.log
  [w44] PID 131835  →  logs/hpt_parallel_20260529_222526_movielens_10m_p4_n2_w44.log
  [w45] PID 131836  →  logs/hpt_parallel_20260529_222526_movielens_10m_p4_n2_w45.log
  [w46] PID 131843  →  logs/hpt_parallel_20260529_222526_movielens_10m_p4_n2_w46.log
  [w47] PID 131844  →  logs/hpt_parallel_20260529_222526_movielens_10m_p4_n2_w47.log
  [w48] PID 131846  →  logs/hpt_parallel_20260529_222526_movielens_10m_p4_n2_w48.log
  [w49] PID 131847  →  logs/hpt_parallel_20260529_222526_movielens_10m_p4_n2_w49.log
  [w50] PID 131848  →  logs/hpt_parallel_20260529_222526_movielens_10m_p4_n2_w50.log
  [w51] PID 131855  →  logs/hpt_parallel_20260529_222526_movielens_10m_p4_n2_w51.log
  [w52] PID 131856  →  logs/hpt_parallel_20260529_222526_movielens_10m_p4_n2_w52.log
  [w53] PID 131857  →  logs/hpt_parallel_20260529_222526_movielens_10m_p4_n2_w53.log
  [w54] PID 131858  →  logs/hpt_parallel_20260529_222526_movielens_10m_p4_n2_w54.log
  [w55] PID 131859  →  logs/hpt_parallel_20260529_222526_movielens_10m_p4_n2_w55.log
  [w56] PID 131869  →  logs/hpt_parallel_20260529_222526_movielens_10m_p4_n2_w56.log
  [w57] PID 131870  →  logs/hpt_parallel_20260529_222526_movielens_10m_p4_n2_w57.log
  [w58] PID 131871  →  logs/hpt_parallel_20260529_222526_movielens_10m_p4_n2_w58.log
  [w59] PID 131872  →  logs/hpt_parallel_20260529_222526_movielens_10m_p4_n2_w59.log
  [w60] PID 131873  →  logs/hpt_parallel_20260529_222526_movielens_10m_p4_n2_w60.log
  [w61] PID 131874  →  logs/hpt_parallel_20260529_222526_movielens_10m_p4_n2_w61.log
  [w62] PID 131884  →  logs/hpt_parallel_20260529_222526_movielens_10m_p4_n2_w62.log
  [w63] PID 131885  →  logs/hpt_parallel_20260529_222526_movielens_10m_p4_n2_w63.log
  [w64] PID 131886  →  logs/hpt_parallel_20260529_222526_movielens_10m_p4_n2_w64.log
  [w65] PID 131888  →  logs/hpt_parallel_20260529_222526_movielens_10m_p4_n2_w65.log
  [w66] PID 131889  →  logs/hpt_parallel_20260529_222526_movielens_10m_p4_n2_w66.log
  [w67] PID 131893  →  logs/hpt_parallel_20260529_222526_movielens_10m_p4_n2_w67.log
  [w68] PID 131895  →  logs/hpt_parallel_20260529_222526_movielens_10m_p4_n2_w68.log
  [w69] PID 131896  →  logs/hpt_parallel_20260529_222526_movielens_10m_p4_n2_w69.log
  [w70] PID 131897  →  logs/hpt_parallel_20260529_222526_movielens_10m_p4_n2_w70.log
  [w71] PID 131898  →  logs/hpt_parallel_20260529_222526_movielens_10m_p4_n2_w71.log
  [w72] PID 131908  →  logs/hpt_parallel_20260529_222526_movielens_10m_p4_n2_w72.log
  [w73] PID 131909  →  logs/hpt_parallel_20260529_222526_movielens_10m_p4_n2_w73.log
  [w74] PID 131910  →  logs/hpt_parallel_20260529_222526_movielens_10m_p4_n2_w74.log
  [w75] PID 131911  →  logs/hpt_parallel_20260529_222526_movielens_10m_p4_n2_w75.log
  [w76] PID 131912  →  logs/hpt_parallel_20260529_222526_movielens_10m_p4_n2_w76.log
  [w77] PID 131913  →  logs/hpt_parallel_20260529_222526_movielens_10m_p4_n2_w77.log
  [w78] PID 131918  →  logs/hpt_parallel_20260529_222526_movielens_10m_p4_n2_w78.log
  [w79] PID 131919  →  logs/hpt_parallel_20260529_222526_movielens_10m_p4_n2_w79.log
  [w80] PID 131920  →  logs/hpt_parallel_20260529_222526_movielens_10m_p4_n2_w80.log
  [w81] PID 131921  →  logs/hpt_parallel_20260529_222526_movielens_10m_p4_n2_w81.log
  [w82] PID 131922  →  logs/hpt_parallel_20260529_222526_movielens_10m_p4_n2_w82.log
  [w83] PID 131923  →  logs/hpt_parallel_20260529_222526_movielens_10m_p4_n2_w83.log
  [w84] PID 131924  →  logs/hpt_parallel_20260529_222526_movielens_10m_p4_n2_w84.log
  [w85] PID 131931  →  logs/hpt_parallel_20260529_222526_movielens_10m_p4_n2_w85.log
  [w86] PID 131932  →  logs/hpt_parallel_20260529_222526_movielens_10m_p4_n2_w86.log
  [w87] PID 131933  →  logs/hpt_parallel_20260529_222526_movielens_10m_p4_n2_w87.log
  [w88] PID 131934  →  logs/hpt_parallel_20260529_222526_movielens_10m_p4_n2_w88.log
  [w89] PID 131936  →  logs/hpt_parallel_20260529_222526_movielens_10m_p4_n2_w89.log
  [w90] PID 131937  →  logs/hpt_parallel_20260529_222526_movielens_10m_p4_n2_w90.log
  [w91] PID 131938  →  logs/hpt_parallel_20260529_222526_movielens_10m_p4_n2_w91.log
  [w92] PID 131943  →  logs/hpt_parallel_20260529_222526_movielens_10m_p4_n2_w92.log
  [w93] PID 131944  →  logs/hpt_parallel_20260529_222526_movielens_10m_p4_n2_w93.log
  [w94] PID 131945  →  logs/hpt_parallel_20260529_222526_movielens_10m_p4_n2_w94.log
  [w95] PID 131946  →  logs/hpt_parallel_20260529_222526_movielens_10m_p4_n2_w95.log
  [w96] PID 131947  →  logs/hpt_parallel_20260529_222526_movielens_10m_p4_n2_w96.log
  [w97] PID 131948  →  logs/hpt_parallel_20260529_222526_movielens_10m_p4_n2_w97.log
  [w98] PID 131949  →  logs/hpt_parallel_20260529_222526_movielens_10m_p4_n2_w98.log
  [w99] PID 131953  →  logs/hpt_parallel_20260529_222526_movielens_10m_p4_n2_w99.log
  [w100] PID 131954  →  logs/hpt_parallel_20260529_222526_movielens_10m_p4_n2_w100.log
  [w101] PID 131955  →  logs/hpt_parallel_20260529_222526_movielens_10m_p4_n2_w101.log
  [w102] PID 131956  →  logs/hpt_parallel_20260529_222526_movielens_10m_p4_n2_w102.log
  [w103] PID 131957  →  logs/hpt_parallel_20260529_222526_movielens_10m_p4_n2_w103.log
  [w104] PID 131958  →  logs/hpt_parallel_20260529_222526_movielens_10m_p4_n2_w104.log
  [w105] PID 131964  →  logs/hpt_parallel_20260529_222526_movielens_10m_p4_n2_w105.log
  [w106] PID 131965  →  logs/hpt_parallel_20260529_222526_movielens_10m_p4_n2_w106.log
  [w107] PID 131966  →  logs/hpt_parallel_20260529_222526_movielens_10m_p4_n2_w107.log
  [w108] PID 131967  →  logs/hpt_parallel_20260529_222526_movielens_10m_p4_n2_w108.log
  [w109] PID 131968  →  logs/hpt_parallel_20260529_222526_movielens_10m_p4_n2_w109.log
  [w110] PID 131975  →  logs/hpt_parallel_20260529_222526_movielens_10m_p4_n2_w110.log
  [w111] PID 131977  →  logs/hpt_parallel_20260529_222526_movielens_10m_p4_n2_w111.log
  [w112] PID 131978  →  logs/hpt_parallel_20260529_222526_movielens_10m_p4_n2_w112.log
  [w113] PID 131979  →  logs/hpt_parallel_20260529_222526_movielens_10m_p4_n2_w113.log
  [w114] PID 131980  →  logs/hpt_parallel_20260529_222526_movielens_10m_p4_n2_w114.log
  [w115] PID 131981  →  logs/hpt_parallel_20260529_222526_movielens_10m_p4_n2_w115.log
  [w116] PID 131982  →  logs/hpt_parallel_20260529_222526_movielens_10m_p4_n2_w116.log
  [w117] PID 131986  →  logs/hpt_parallel_20260529_222526_movielens_10m_p4_n2_w117.log
  [w118] PID 131987  →  logs/hpt_parallel_20260529_222526_movielens_10m_p4_n2_w118.log
  [w119] PID 131988  →  logs/hpt_parallel_20260529_222526_movielens_10m_p4_n2_w119.log
  [w120] PID 131990  →  logs/hpt_parallel_20260529_222526_movielens_10m_p4_n2_w120.log
  [w121] PID 131992  →  logs/hpt_parallel_20260529_222526_movielens_10m_p4_n2_w121.log
  [w122] PID 131993  →  logs/hpt_parallel_20260529_222526_movielens_10m_p4_n2_w122.log
  [w123] PID 131996  →  logs/hpt_parallel_20260529_222526_movielens_10m_p4_n2_w123.log
  [w124] PID 131997  →  logs/hpt_parallel_20260529_222526_movielens_10m_p4_n2_w124.log
  [w125] PID 131998  →  logs/hpt_parallel_20260529_222526_movielens_10m_p4_n2_w125.log
  [w126] PID 131999  →  logs/hpt_parallel_20260529_222526_movielens_10m_p4_n2_w126.log
  [w127] PID 132000  →  logs/hpt_parallel_20260529_222526_movielens_10m_p4_n2_w127.log
  [w128] PID 132001  →  logs/hpt_parallel_20260529_222526_movielens_10m_p4_n2_w128.log
  [w129] PID 132006  →  logs/hpt_parallel_20260529_222526_movielens_10m_p4_n2_w129.log
  [w130] PID 132007  →  logs/hpt_parallel_20260529_222526_movielens_10m_p4_n2_w130.log
  [w131] PID 132008  →  logs/hpt_parallel_20260529_222526_movielens_10m_p4_n2_w131.log
  [w132] PID 132009  →  logs/hpt_parallel_20260529_222526_movielens_10m_p4_n2_w132.log
  [w133] PID 132010  →  logs/hpt_parallel_20260529_222526_movielens_10m_p4_n2_w133.log
  [w134] PID 132011  →  logs/hpt_parallel_20260529_222526_movielens_10m_p4_n2_w134.log
  [w135] PID 132014  →  logs/hpt_parallel_20260529_222526_movielens_10m_p4_n2_w135.log
  [w136] PID 132015  →  logs/hpt_parallel_20260529_222526_movielens_10m_p4_n2_w136.log
  [w137] PID 132017  →  logs/hpt_parallel_20260529_222526_movielens_10m_p4_n2_w137.log
  [w138] PID 132019  →  logs/hpt_parallel_20260529_222526_movielens_10m_p4_n2_w138.log
  [w139] PID 132020  →  logs/hpt_parallel_20260529_222526_movielens_10m_p4_n2_w139.log
  [w140] PID 132021  →  logs/hpt_parallel_20260529_222526_movielens_10m_p4_n2_w140.log
  [w141] PID 132022  →  logs/hpt_parallel_20260529_222526_movielens_10m_p4_n2_w141.log
  [w142] PID 132023  →  logs/hpt_parallel_20260529_222526_movielens_10m_p4_n2_w142.log
  [w143] PID 132026  →  logs/hpt_parallel_20260529_222526_movielens_10m_p4_n2_w143.log
  [w144] PID 132027  →  logs/hpt_parallel_20260529_222526_movielens_10m_p4_n2_w144.log
  [w145] PID 132028  →  logs/hpt_parallel_20260529_222526_movielens_10m_p4_n2_w145.log
  [w146] PID 132029  →  logs/hpt_parallel_20260529_222526_movielens_10m_p4_n2_w146.log
  [w147] PID 132030  →  logs/hpt_parallel_20260529_222526_movielens_10m_p4_n2_w147.log
  [w148] PID 132031  →  logs/hpt_parallel_20260529_222526_movielens_10m_p4_n2_w148.log
  [w149] PID 132032  →  logs/hpt_parallel_20260529_222526_movielens_10m_p4_n2_w149.log
  [w150] PID 132033  →  logs/hpt_parallel_20260529_222526_movielens_10m_p4_n2_w150.log
  [w151] PID 132034  →  logs/hpt_parallel_20260529_222526_movielens_10m_p4_n2_w151.log
  [w152] PID 132036  →  logs/hpt_parallel_20260529_222526_movielens_10m_p4_n2_w152.log
  [w153] PID 132037  →  logs/hpt_parallel_20260529_222526_movielens_10m_p4_n2_w153.log
  [w154] PID 132038  →  logs/hpt_parallel_20260529_222526_movielens_10m_p4_n2_w154.log
  [w155] PID 132039  →  logs/hpt_parallel_20260529_222526_movielens_10m_p4_n2_w155.log
  [w156] PID 132040  →  logs/hpt_parallel_20260529_222526_movielens_10m_p4_n2_w156.log
  [w157] PID 132041  →  logs/hpt_parallel_20260529_222526_movielens_10m_p4_n2_w157.log
  [w158] PID 132042  →  logs/hpt_parallel_20260529_222526_movielens_10m_p4_n2_w158.log
  [w159] PID 132043  →  logs/hpt_parallel_20260529_222526_movielens_10m_p4_n2_w159.log
  [w160] PID 132047  →  logs/hpt_parallel_20260529_222526_movielens_10m_p4_n2_w160.log
  [w161] PID 132048  →  logs/hpt_parallel_20260529_222526_movielens_10m_p4_n2_w161.log
  [w162] PID 132049  →  logs/hpt_parallel_20260529_222526_movielens_10m_p4_n2_w162.log
  [w163] PID 132050  →  logs/hpt_parallel_20260529_222526_movielens_10m_p4_n2_w163.log
  [w164] PID 132051  →  logs/hpt_parallel_20260529_222526_movielens_10m_p4_n2_w164.log
  [w165] PID 132054  →  logs/hpt_parallel_20260529_222526_movielens_10m_p4_n2_w165.log
  [w166] PID 132055  →  logs/hpt_parallel_20260529_222526_movielens_10m_p4_n2_w166.log
  [w167] PID 132056  →  logs/hpt_parallel_20260529_222526_movielens_10m_p4_n2_w167.log
  [w168] PID 132057  →  logs/hpt_parallel_20260529_222526_movielens_10m_p4_n2_w168.log
  [w169] PID 132060  →  logs/hpt_parallel_20260529_222526_movielens_10m_p4_n2_w169.log
  [w170] PID 132061  →  logs/hpt_parallel_20260529_222526_movielens_10m_p4_n2_w170.log
  [w171] PID 132062  →  logs/hpt_parallel_20260529_222526_movielens_10m_p4_n2_w171.log
  [w172] PID 132063  →  logs/hpt_parallel_20260529_222526_movielens_10m_p4_n2_w172.log
  [w173] PID 132067  →  logs/hpt_parallel_20260529_222526_movielens_10m_p4_n2_w173.log
  [w174] PID 132068  →  logs/hpt_parallel_20260529_222526_movielens_10m_p4_n2_w174.log
  [w175] PID 132069  →  logs/hpt_parallel_20260529_222526_movielens_10m_p4_n2_w175.log
  [w176] PID 132071  →  logs/hpt_parallel_20260529_222526_movielens_10m_p4_n2_w176.log
  [w177] PID 132073  →  logs/hpt_parallel_20260529_222526_movielens_10m_p4_n2_w177.log
  [w178] PID 132074  →  logs/hpt_parallel_20260529_222526_movielens_10m_p4_n2_w178.log
  [w179] PID 132075  →  logs/hpt_parallel_20260529_222526_movielens_10m_p4_n2_w179.log
  [w180] PID 132076  →  logs/hpt_parallel_20260529_222526_movielens_10m_p4_n2_w180.log
  [w181] PID 132077  →  logs/hpt_parallel_20260529_222526_movielens_10m_p4_n2_w181.log
  [w182] PID 132080  →  logs/hpt_parallel_20260529_222526_movielens_10m_p4_n2_w182.log
  [w183] PID 132081  →  logs/hpt_parallel_20260529_222526_movielens_10m_p4_n2_w183.log
  [w184] PID 132082  →  logs/hpt_parallel_20260529_222526_movielens_10m_p4_n2_w184.log
  [w185] PID 132083  →  logs/hpt_parallel_20260529_222526_movielens_10m_p4_n2_w185.log
  [w186] PID 132084  →  logs/hpt_parallel_20260529_222526_movielens_10m_p4_n2_w186.log
  [w187] PID 132090  →  logs/hpt_parallel_20260529_222526_movielens_10m_p4_n2_w187.log
  [w188] PID 132091  →  logs/hpt_parallel_20260529_222526_movielens_10m_p4_n2_w188.log
  [w189] PID 132093  →  logs/hpt_parallel_20260529_222526_movielens_10m_p4_n2_w189.log
  [w190] PID 132095  →  logs/hpt_parallel_20260529_222526_movielens_10m_p4_n2_w190.log
  [w191] PID 132096  →  logs/hpt_parallel_20260529_222526_movielens_10m_p4_n2_w191.log
  [w192] PID 132098  →  logs/hpt_parallel_20260529_222526_movielens_10m_p4_n2_w192.log
  [w193] PID 132099  →  logs/hpt_parallel_20260529_222526_movielens_10m_p4_n2_w193.log
  [w194] PID 132100  →  logs/hpt_parallel_20260529_222526_movielens_10m_p4_n2_w194.log
  [w195] PID 132101  →  logs/hpt_parallel_20260529_222526_movielens_10m_p4_n2_w195.log
  [w196] PID 132102  →  logs/hpt_parallel_20260529_222526_movielens_10m_p4_n2_w196.log
  [w197] PID 132105  →  logs/hpt_parallel_20260529_222526_movielens_10m_p4_n2_w197.log
  [w198] PID 132106  →  logs/hpt_parallel_20260529_222526_movielens_10m_p4_n2_w198.log
  [w199] PID 132107  →  logs/hpt_parallel_20260529_222526_movielens_10m_p4_n2_w199.log
  [w200] PID 132108  →  logs/hpt_parallel_20260529_222526_movielens_10m_p4_n2_w200.log
  Waiting for all 200 workers to finish...
  WARNING: one or more workers exited non-zero — check logs
  Results:
    w1: 
    w2: 
    w3: 
    w4: 
    w5: 
    w6: 
    w7: 
    w8: 
    w9: 
    w10: 
    w11: 
    w12: 
    w13: 
    w14: 
    w15: 
    w16: 
    w17: 
    w18: 
    w19: 
    w20: 
    w21: 
    w22: 
    w23: 
    w24: 
    w25: 
    w26: 
    w27: 
    w28: 
    w29: 
    w30: 
    w31: 
    w32: 
    w33: 
    w34: 
    w35: 
    w36: 
    w37: 
    w38: 
    w39: 
    w40: 
    w41: 
    w42: 
    w43: 
    w44: 
    w45: 
    w46: 
    w47: 
    w48: 
    w49: 
    w50: 
    w51: 
    w52: 
    w53: 
    w54: 
    w55: 
    w56: 
    w57: 
    w58: 
    w59: 
    w60: 
    w61: 
    w62: 
    w63: 
    w64: 
    w65: 
    w66: 
    w67: 
    w68: 
    w69: 
    w70: 
    w71: 
    w72: 
    w73: 
    w74: 
    w75: 
    w76: 
    w77: 
    w78: 
    w79: 
    w80: 
    w81: 
    w82: 
    w83: 
    w84: 
    w85: 
    w86: 
    w87: 
    w88: 
    w89: 
    w90: 
    w91: 
    w92: 
    w93: 
    w94: 
    w95: 
    w96: 
    w97: 
    w98: 
    w99: 
    w100: 
    w101: 
    w102: 
    w103: 
    w104: 
    w105: 
    w106: 
    w107: 
    w108: 
    w109: 
    w110: 
    w111: 
    w112: 
    w113: 
    w114: 
    w115: 
    w116: 
    w117: 
    w118: 
    w119: 
    w120: 
    w121: 
    w122: 
    w123: 
    w124: 
    w125: 
    w126: 
    w127: 
    w128: 
    w129: 
    w130: 
    w131: 
    w132: 
    w133: 
    w134: 
    w135: 
    w136: 
    w137: 
    w138: 
    w139: 
    w140: 
    w141: 
    w142: 
    w143: 
    w144: 
    w145: 
    w146: 
    w147: 
    w148: 
    w149: 
    w150: 
    w151: 
    w152: 
    w153: 
    w154: 
    w155: 
    w156: 
    w157: 
    w158: 
    w159: 
    w160: 
    w161: 
    w162: 
    w163: 
    w164: 
    w165: 
    w166: 
    w167: 
    w168: 
    w169: 
    w170: 
    w171: 
    w172: 
    w173: 
    w174: 
    w175: 
    w176: 
    w177: 
    w178: 
    w179: 
    w180: 
    w181: 
    w182: 
    w183: 
    w184: 
    w185: 
    w186: 
    w187: 
    w188: 
    w189: 
    w190: 
    w191: 
    w192: 
    w193: 
    w194: 
    w195: 
    w196: 
    w197: 
    w198: 
    w199: 
    w200: 

══════════════════════════════════════════════════════════════
  Launching 200 workers: movielens_10m / p3_n2
  Config: configs/movielens_10m.yaml  |  pos≥3 neg≤2
  Total target trials: 150  |  MAX_USERS: 5000
  Workers share: outputs/movielens/10m/tuning/arm_d/pos_ge_3_neg_le_2/study.db
══════════════════════════════════════════════════════════════
  [w1] PID 134908  →  logs/hpt_parallel_20260529_222526_movielens_10m_p3_n2_w1.log
  [w2] PID 134911  →  logs/hpt_parallel_20260529_222526_movielens_10m_p3_n2_w2.log
  [w3] PID 134913  →  logs/hpt_parallel_20260529_222526_movielens_10m_p3_n2_w3.log
  [w4] PID 134915  →  logs/hpt_parallel_20260529_222526_movielens_10m_p3_n2_w4.log
  [w5] PID 134917  →  logs/hpt_parallel_20260529_222526_movielens_10m_p3_n2_w5.log
  [w6] PID 134918  →  logs/hpt_parallel_20260529_222526_movielens_10m_p3_n2_w6.log
  [w7] PID 134920  →  logs/hpt_parallel_20260529_222526_movielens_10m_p3_n2_w7.log
  [w8] PID 134922  →  logs/hpt_parallel_20260529_222526_movielens_10m_p3_n2_w8.log
  [w9] PID 134924  →  logs/hpt_parallel_20260529_222526_movielens_10m_p3_n2_w9.log
  [w10] PID 134926  →  logs/hpt_parallel_20260529_222526_movielens_10m_p3_n2_w10.log
  [w11] PID 134928  →  logs/hpt_parallel_20260529_222526_movielens_10m_p3_n2_w11.log
  [w12] PID 134930  →  logs/hpt_parallel_20260529_222526_movielens_10m_p3_n2_w12.log
  [w13] PID 134932  →  logs/hpt_parallel_20260529_222526_movielens_10m_p3_n2_w13.log
  [w14] PID 134933  →  logs/hpt_parallel_20260529_222526_movielens_10m_p3_n2_w14.log
  [w15] PID 134934  →  logs/hpt_parallel_20260529_222526_movielens_10m_p3_n2_w15.log
  [w16] PID 134936  →  logs/hpt_parallel_20260529_222526_movielens_10m_p3_n2_w16.log
  [w17] PID 134938  →  logs/hpt_parallel_20260529_222526_movielens_10m_p3_n2_w17.log
  [w18] PID 134939  →  logs/hpt_parallel_20260529_222526_movielens_10m_p3_n2_w18.log
  [w19] PID 134942  →  logs/hpt_parallel_20260529_222526_movielens_10m_p3_n2_w19.log
  [w20] PID 134944  →  logs/hpt_parallel_20260529_222526_movielens_10m_p3_n2_w20.log
  [w21] PID 134946  →  logs/hpt_parallel_20260529_222526_movielens_10m_p3_n2_w21.log
  [w22] PID 134947  →  logs/hpt_parallel_20260529_222526_movielens_10m_p3_n2_w22.log
  [w23] PID 134949  →  logs/hpt_parallel_20260529_222526_movielens_10m_p3_n2_w23.log
  [w24] PID 134951  →  logs/hpt_parallel_20260529_222526_movielens_10m_p3_n2_w24.log
  [w25] PID 134952  →  logs/hpt_parallel_20260529_222526_movielens_10m_p3_n2_w25.log
  [w26] PID 134954  →  logs/hpt_parallel_20260529_222526_movielens_10m_p3_n2_w26.log
  [w27] PID 134957  →  logs/hpt_parallel_20260529_222526_movielens_10m_p3_n2_w27.log
  [w28] PID 134959  →  logs/hpt_parallel_20260529_222526_movielens_10m_p3_n2_w28.log
  [w29] PID 134961  →  logs/hpt_parallel_20260529_222526_movielens_10m_p3_n2_w29.log
  [w30] PID 134962  →  logs/hpt_parallel_20260529_222526_movielens_10m_p3_n2_w30.log
  [w31] PID 134964  →  logs/hpt_parallel_20260529_222526_movielens_10m_p3_n2_w31.log
  [w32] PID 134966  →  logs/hpt_parallel_20260529_222526_movielens_10m_p3_n2_w32.log
  [w33] PID 134967  →  logs/hpt_parallel_20260529_222526_movielens_10m_p3_n2_w33.log
  [w34] PID 134968  →  logs/hpt_parallel_20260529_222526_movielens_10m_p3_n2_w34.log
  [w35] PID 134970  →  logs/hpt_parallel_20260529_222526_movielens_10m_p3_n2_w35.log
  [w36] PID 134975  →  logs/hpt_parallel_20260529_222526_movielens_10m_p3_n2_w36.log
  [w37] PID 134976  →  logs/hpt_parallel_20260529_222526_movielens_10m_p3_n2_w37.log
  [w38] PID 134977  →  logs/hpt_parallel_20260529_222526_movielens_10m_p3_n2_w38.log
  [w39] PID 134978  →  logs/hpt_parallel_20260529_222526_movielens_10m_p3_n2_w39.log
  [w40] PID 134980  →  logs/hpt_parallel_20260529_222526_movielens_10m_p3_n2_w40.log
  [w41] PID 134982  →  logs/hpt_parallel_20260529_222526_movielens_10m_p3_n2_w41.log
  [w42] PID 134985  →  logs/hpt_parallel_20260529_222526_movielens_10m_p3_n2_w42.log
  [w43] PID 134987  →  logs/hpt_parallel_20260529_222526_movielens_10m_p3_n2_w43.log
  [w44] PID 134990  →  logs/hpt_parallel_20260529_222526_movielens_10m_p3_n2_w44.log
  [w45] PID 134992  →  logs/hpt_parallel_20260529_222526_movielens_10m_p3_n2_w45.log
  [w46] PID 134994  →  logs/hpt_parallel_20260529_222526_movielens_10m_p3_n2_w46.log
  [w47] PID 134996  →  logs/hpt_parallel_20260529_222526_movielens_10m_p3_n2_w47.log
  [w48] PID 134997  →  logs/hpt_parallel_20260529_222526_movielens_10m_p3_n2_w48.log
  [w49] PID 134998  →  logs/hpt_parallel_20260529_222526_movielens_10m_p3_n2_w49.log
  [w50] PID 135000  →  logs/hpt_parallel_20260529_222526_movielens_10m_p3_n2_w50.log
  [w51] PID 135002  →  logs/hpt_parallel_20260529_222526_movielens_10m_p3_n2_w51.log
  [w52] PID 135004  →  logs/hpt_parallel_20260529_222526_movielens_10m_p3_n2_w52.log
  [w53] PID 135007  →  logs/hpt_parallel_20260529_222526_movielens_10m_p3_n2_w53.log
  [w54] PID 135011  →  logs/hpt_parallel_20260529_222526_movielens_10m_p3_n2_w54.log
  [w55] PID 135012  →  logs/hpt_parallel_20260529_222526_movielens_10m_p3_n2_w55.log
  [w56] PID 135013  →  logs/hpt_parallel_20260529_222526_movielens_10m_p3_n2_w56.log
  [w57] PID 135014  →  logs/hpt_parallel_20260529_222526_movielens_10m_p3_n2_w57.log
  [w58] PID 135015  →  logs/hpt_parallel_20260529_222526_movielens_10m_p3_n2_w58.log
  [w59] PID 135022  →  logs/hpt_parallel_20260529_222526_movielens_10m_p3_n2_w59.log
  [w60] PID 135025  →  logs/hpt_parallel_20260529_222526_movielens_10m_p3_n2_w60.log
  [w61] PID 135026  →  logs/hpt_parallel_20260529_222526_movielens_10m_p3_n2_w61.log
  [w62] PID 135027  →  logs/hpt_parallel_20260529_222526_movielens_10m_p3_n2_w62.log
  [w63] PID 135028  →  logs/hpt_parallel_20260529_222526_movielens_10m_p3_n2_w63.log
  [w64] PID 135029  →  logs/hpt_parallel_20260529_222526_movielens_10m_p3_n2_w64.log
  [w65] PID 135032  →  logs/hpt_parallel_20260529_222526_movielens_10m_p3_n2_w65.log
  [w66] PID 135034  →  logs/hpt_parallel_20260529_222526_movielens_10m_p3_n2_w66.log
  [w67] PID 135035  →  logs/hpt_parallel_20260529_222526_movielens_10m_p3_n2_w67.log
  [w68] PID 135037  →  logs/hpt_parallel_20260529_222526_movielens_10m_p3_n2_w68.log
  [w69] PID 135039  →  logs/hpt_parallel_20260529_222526_movielens_10m_p3_n2_w69.log
  [w70] PID 135040  →  logs/hpt_parallel_20260529_222526_movielens_10m_p3_n2_w70.log
  [w71] PID 135041  →  logs/hpt_parallel_20260529_222526_movielens_10m_p3_n2_w71.log
  [w72] PID 135042  →  logs/hpt_parallel_20260529_222526_movielens_10m_p3_n2_w72.log
  [w73] PID 135044  →  logs/hpt_parallel_20260529_222526_movielens_10m_p3_n2_w73.log
  [w74] PID 135045  →  logs/hpt_parallel_20260529_222526_movielens_10m_p3_n2_w74.log
  [w75] PID 135047  →  logs/hpt_parallel_20260529_222526_movielens_10m_p3_n2_w75.log
  [w76] PID 135050  →  logs/hpt_parallel_20260529_222526_movielens_10m_p3_n2_w76.log
  [w77] PID 135051  →  logs/hpt_parallel_20260529_222526_movielens_10m_p3_n2_w77.log
  [w78] PID 135052  →  logs/hpt_parallel_20260529_222526_movielens_10m_p3_n2_w78.log
  [w79] PID 135054  →  logs/hpt_parallel_20260529_222526_movielens_10m_p3_n2_w79.log
  [w80] PID 135060  →  logs/hpt_parallel_20260529_222526_movielens_10m_p3_n2_w80.log
  [w81] PID 135061  →  logs/hpt_parallel_20260529_222526_movielens_10m_p3_n2_w81.log
  [w82] PID 135062  →  logs/hpt_parallel_20260529_222526_movielens_10m_p3_n2_w82.log
  [w83] PID 135064  →  logs/hpt_parallel_20260529_222526_movielens_10m_p3_n2_w83.log
  [w84] PID 135069  →  logs/hpt_parallel_20260529_222526_movielens_10m_p3_n2_w84.log
  [w85] PID 135070  →  logs/hpt_parallel_20260529_222526_movielens_10m_p3_n2_w85.log
  [w86] PID 135071  →  logs/hpt_parallel_20260529_222526_movielens_10m_p3_n2_w86.log
  [w87] PID 135072  →  logs/hpt_parallel_20260529_222526_movielens_10m_p3_n2_w87.log
  [w88] PID 135073  →  logs/hpt_parallel_20260529_222526_movielens_10m_p3_n2_w88.log
  [w89] PID 135078  →  logs/hpt_parallel_20260529_222526_movielens_10m_p3_n2_w89.log
  [w90] PID 135079  →  logs/hpt_parallel_20260529_222526_movielens_10m_p3_n2_w90.log
  [w91] PID 135080  →  logs/hpt_parallel_20260529_222526_movielens_10m_p3_n2_w91.log
  [w92] PID 135081  →  logs/hpt_parallel_20260529_222526_movielens_10m_p3_n2_w92.log
  [w93] PID 135082  →  logs/hpt_parallel_20260529_222526_movielens_10m_p3_n2_w93.log
  [w94] PID 135088  →  logs/hpt_parallel_20260529_222526_movielens_10m_p3_n2_w94.log
  [w95] PID 135089  →  logs/hpt_parallel_20260529_222526_movielens_10m_p3_n2_w95.log
  [w96] PID 135090  →  logs/hpt_parallel_20260529_222526_movielens_10m_p3_n2_w96.log
  [w97] PID 135091  →  logs/hpt_parallel_20260529_222526_movielens_10m_p3_n2_w97.log
  [w98] PID 135094  →  logs/hpt_parallel_20260529_222526_movielens_10m_p3_n2_w98.log
  [w99] PID 135096  →  logs/hpt_parallel_20260529_222526_movielens_10m_p3_n2_w99.log
  [w100] PID 135098  →  logs/hpt_parallel_20260529_222526_movielens_10m_p3_n2_w100.log
  [w101] PID 135099  →  logs/hpt_parallel_20260529_222526_movielens_10m_p3_n2_w101.log
  [w102] PID 135104  →  logs/hpt_parallel_20260529_222526_movielens_10m_p3_n2_w102.log
  [w103] PID 135105  →  logs/hpt_parallel_20260529_222526_movielens_10m_p3_n2_w103.log
  [w104] PID 135106  →  logs/hpt_parallel_20260529_222526_movielens_10m_p3_n2_w104.log
  [w105] PID 135107  →  logs/hpt_parallel_20260529_222526_movielens_10m_p3_n2_w105.log
  [w106] PID 135108  →  logs/hpt_parallel_20260529_222526_movielens_10m_p3_n2_w106.log
  [w107] PID 135110  →  logs/hpt_parallel_20260529_222526_movielens_10m_p3_n2_w107.log
  [w108] PID 135113  →  logs/hpt_parallel_20260529_222526_movielens_10m_p3_n2_w108.log
  [w109] PID 135115  →  logs/hpt_parallel_20260529_222526_movielens_10m_p3_n2_w109.log
  [w110] PID 135117  →  logs/hpt_parallel_20260529_222526_movielens_10m_p3_n2_w110.log
  [w111] PID 135118  →  logs/hpt_parallel_20260529_222526_movielens_10m_p3_n2_w111.log
  [w112] PID 135119  →  logs/hpt_parallel_20260529_222526_movielens_10m_p3_n2_w112.log
  [w113] PID 135120  →  logs/hpt_parallel_20260529_222526_movielens_10m_p3_n2_w113.log
  [w114] PID 135121  →  logs/hpt_parallel_20260529_222526_movielens_10m_p3_n2_w114.log
  [w115] PID 135122  →  logs/hpt_parallel_20260529_222526_movielens_10m_p3_n2_w115.log
  [w116] PID 135130  →  logs/hpt_parallel_20260529_222526_movielens_10m_p3_n2_w116.log
  [w117] PID 135131  →  logs/hpt_parallel_20260529_222526_movielens_10m_p3_n2_w117.log
  [w118] PID 135132  →  logs/hpt_parallel_20260529_222526_movielens_10m_p3_n2_w118.log
  [w119] PID 135133  →  logs/hpt_parallel_20260529_222526_movielens_10m_p3_n2_w119.log
  [w120] PID 135134  →  logs/hpt_parallel_20260529_222526_movielens_10m_p3_n2_w120.log
  [w121] PID 135135  →  logs/hpt_parallel_20260529_222526_movielens_10m_p3_n2_w121.log
  [w122] PID 135137  →  logs/hpt_parallel_20260529_222526_movielens_10m_p3_n2_w122.log
  [w123] PID 135140  →  logs/hpt_parallel_20260529_222526_movielens_10m_p3_n2_w123.log
  [w124] PID 135142  →  logs/hpt_parallel_20260529_222526_movielens_10m_p3_n2_w124.log
  [w125] PID 135145  →  logs/hpt_parallel_20260529_222526_movielens_10m_p3_n2_w125.log
  [w126] PID 135147  →  logs/hpt_parallel_20260529_222526_movielens_10m_p3_n2_w126.log
  [w127] PID 135149  →  logs/hpt_parallel_20260529_222526_movielens_10m_p3_n2_w127.log
  [w128] PID 135151  →  logs/hpt_parallel_20260529_222526_movielens_10m_p3_n2_w128.log
  [w129] PID 135153  →  logs/hpt_parallel_20260529_222526_movielens_10m_p3_n2_w129.log
  [w130] PID 135155  →  logs/hpt_parallel_20260529_222526_movielens_10m_p3_n2_w130.log
  [w131] PID 135157  →  logs/hpt_parallel_20260529_222526_movielens_10m_p3_n2_w131.log
  [w132] PID 135159  →  logs/hpt_parallel_20260529_222526_movielens_10m_p3_n2_w132.log
  [w133] PID 135160  →  logs/hpt_parallel_20260529_222526_movielens_10m_p3_n2_w133.log
  [w134] PID 135161  →  logs/hpt_parallel_20260529_222526_movielens_10m_p3_n2_w134.log
  [w135] PID 135162  →  logs/hpt_parallel_20260529_222526_movielens_10m_p3_n2_w135.log
  [w136] PID 135163  →  logs/hpt_parallel_20260529_222526_movielens_10m_p3_n2_w136.log
  [w137] PID 135170  →  logs/hpt_parallel_20260529_222526_movielens_10m_p3_n2_w137.log
  [w138] PID 135171  →  logs/hpt_parallel_20260529_222526_movielens_10m_p3_n2_w138.log
  [w139] PID 135172  →  logs/hpt_parallel_20260529_222526_movielens_10m_p3_n2_w139.log
  [w140] PID 135173  →  logs/hpt_parallel_20260529_222526_movielens_10m_p3_n2_w140.log
  [w141] PID 135174  →  logs/hpt_parallel_20260529_222526_movielens_10m_p3_n2_w141.log
  [w142] PID 135181  →  logs/hpt_parallel_20260529_222526_movielens_10m_p3_n2_w142.log
  [w143] PID 135182  →  logs/hpt_parallel_20260529_222526_movielens_10m_p3_n2_w143.log
  [w144] PID 135183  →  logs/hpt_parallel_20260529_222526_movielens_10m_p3_n2_w144.log
  [w145] PID 135184  →  logs/hpt_parallel_20260529_222526_movielens_10m_p3_n2_w145.log
  [w146] PID 135185  →  logs/hpt_parallel_20260529_222526_movielens_10m_p3_n2_w146.log
  [w147] PID 135191  →  logs/hpt_parallel_20260529_222526_movielens_10m_p3_n2_w147.log
  [w148] PID 135192  →  logs/hpt_parallel_20260529_222526_movielens_10m_p3_n2_w148.log
  [w149] PID 135193  →  logs/hpt_parallel_20260529_222526_movielens_10m_p3_n2_w149.log
  [w150] PID 135194  →  logs/hpt_parallel_20260529_222526_movielens_10m_p3_n2_w150.log
  [w151] PID 135195  →  logs/hpt_parallel_20260529_222526_movielens_10m_p3_n2_w151.log
  [w152] PID 135202  →  logs/hpt_parallel_20260529_222526_movielens_10m_p3_n2_w152.log
  [w153] PID 135203  →  logs/hpt_parallel_20260529_222526_movielens_10m_p3_n2_w153.log
  [w154] PID 135204  →  logs/hpt_parallel_20260529_222526_movielens_10m_p3_n2_w154.log
  [w155] PID 135205  →  logs/hpt_parallel_20260529_222526_movielens_10m_p3_n2_w155.log
  [w156] PID 135206  →  logs/hpt_parallel_20260529_222526_movielens_10m_p3_n2_w156.log
  [w157] PID 135207  →  logs/hpt_parallel_20260529_222526_movielens_10m_p3_n2_w157.log
  [w158] PID 135214  →  logs/hpt_parallel_20260529_222526_movielens_10m_p3_n2_w158.log
  [w159] PID 135215  →  logs/hpt_parallel_20260529_222526_movielens_10m_p3_n2_w159.log
  [w160] PID 135216  →  logs/hpt_parallel_20260529_222526_movielens_10m_p3_n2_w160.log
  [w161] PID 135217  →  logs/hpt_parallel_20260529_222526_movielens_10m_p3_n2_w161.log
  [w162] PID 135218  →  logs/hpt_parallel_20260529_222526_movielens_10m_p3_n2_w162.log
  [w163] PID 135219  →  logs/hpt_parallel_20260529_222526_movielens_10m_p3_n2_w163.log
  [w164] PID 135220  →  logs/hpt_parallel_20260529_222526_movielens_10m_p3_n2_w164.log
  [w165] PID 135221  →  logs/hpt_parallel_20260529_222526_movielens_10m_p3_n2_w165.log
  [w166] PID 135228  →  logs/hpt_parallel_20260529_222526_movielens_10m_p3_n2_w166.log
  [w167] PID 135229  →  logs/hpt_parallel_20260529_222526_movielens_10m_p3_n2_w167.log
  [w168] PID 135230  →  logs/hpt_parallel_20260529_222526_movielens_10m_p3_n2_w168.log
  [w169] PID 135231  →  logs/hpt_parallel_20260529_222526_movielens_10m_p3_n2_w169.log
  [w170] PID 135232  →  logs/hpt_parallel_20260529_222526_movielens_10m_p3_n2_w170.log
  [w171] PID 135233  →  logs/hpt_parallel_20260529_222526_movielens_10m_p3_n2_w171.log
  [w172] PID 135235  →  logs/hpt_parallel_20260529_222526_movielens_10m_p3_n2_w172.log
  [w173] PID 135236  →  logs/hpt_parallel_20260529_222526_movielens_10m_p3_n2_w173.log
  [w174] PID 135239  →  logs/hpt_parallel_20260529_222526_movielens_10m_p3_n2_w174.log
  [w175] PID 135241  →  logs/hpt_parallel_20260529_222526_movielens_10m_p3_n2_w175.log
  [w176] PID 135243  →  logs/hpt_parallel_20260529_222526_movielens_10m_p3_n2_w176.log
  [w177] PID 135245  →  logs/hpt_parallel_20260529_222526_movielens_10m_p3_n2_w177.log
  [w178] PID 135246  →  logs/hpt_parallel_20260529_222526_movielens_10m_p3_n2_w178.log
  [w179] PID 135247  →  logs/hpt_parallel_20260529_222526_movielens_10m_p3_n2_w179.log
  [w180] PID 135248  →  logs/hpt_parallel_20260529_222526_movielens_10m_p3_n2_w180.log
  [w181] PID 135249  →  logs/hpt_parallel_20260529_222526_movielens_10m_p3_n2_w181.log
  [w182] PID 135250  →  logs/hpt_parallel_20260529_222526_movielens_10m_p3_n2_w182.log
  [w183] PID 135257  →  logs/hpt_parallel_20260529_222526_movielens_10m_p3_n2_w183.log
  [w184] PID 135258  →  logs/hpt_parallel_20260529_222526_movielens_10m_p3_n2_w184.log
  [w185] PID 135259  →  logs/hpt_parallel_20260529_222526_movielens_10m_p3_n2_w185.log
  [w186] PID 135260  →  logs/hpt_parallel_20260529_222526_movielens_10m_p3_n2_w186.log
  [w187] PID 135261  →  logs/hpt_parallel_20260529_222526_movielens_10m_p3_n2_w187.log
  [w188] PID 135262  →  logs/hpt_parallel_20260529_222526_movielens_10m_p3_n2_w188.log
  [w189] PID 135269  →  logs/hpt_parallel_20260529_222526_movielens_10m_p3_n2_w189.log
  [w190] PID 135270  →  logs/hpt_parallel_20260529_222526_movielens_10m_p3_n2_w190.log
  [w191] PID 135271  →  logs/hpt_parallel_20260529_222526_movielens_10m_p3_n2_w191.log
  [w192] PID 135272  →  logs/hpt_parallel_20260529_222526_movielens_10m_p3_n2_w192.log
  [w193] PID 135273  →  logs/hpt_parallel_20260529_222526_movielens_10m_p3_n2_w193.log
  [w194] PID 135274  →  logs/hpt_parallel_20260529_222526_movielens_10m_p3_n2_w194.log
  [w195] PID 135275  →  logs/hpt_parallel_20260529_222526_movielens_10m_p3_n2_w195.log
  [w196] PID 135277  →  logs/hpt_parallel_20260529_222526_movielens_10m_p3_n2_w196.log
  [w197] PID 135279  →  logs/hpt_parallel_20260529_222526_movielens_10m_p3_n2_w197.log
  [w198] PID 135281  →  logs/hpt_parallel_20260529_222526_movielens_10m_p3_n2_w198.log
  [w199] PID 135283  →  logs/hpt_parallel_20260529_222526_movielens_10m_p3_n2_w199.log
  [w200] PID 135284  →  logs/hpt_parallel_20260529_222526_movielens_10m_p3_n2_w200.log
  Waiting for all 200 workers to finish...
  WARNING: one or more workers exited non-zero — check logs
  Results:
    w1: 
    w2: 
    w3: 
    w4: 
    w5: 
    w6: 
    w7: 
    w8: 
    w9: 
    w10: 
    w11: 
    w12: 
    w13: 
    w14: 
    w15: 
    w16: 
    w17: 
    w18: 
    w19: 
    w20: 
    w21: 
    w22: 
    w23: 
    w24: 
    w25: 
    w26: 
    w27: 
    w28: 
    w29: 
    w30: 
    w31: 
    w32: 
    w33: 
    w34: 
    w35: 
    w36: 
    w37: 
    w38: 
    w39: 
    w40: 
    w41: 
    w42: 
    w43: 
    w44: 
    w45: 
    w46: 
    w47: 
    w48: 
    w49: 
    w50: 
    w51: 
    w52: 
    w53: 
    w54: 
    w55: 
    w56: 
    w57: 
    w58: 
    w59: 
    w60: 
    w61: 
    w62: 
    w63: 
    w64: 
    w65: 
    w66: 
    w67: 
    w68: 
    w69: 
    w70: 
    w71: 
    w72: 
    w73: 
    w74: 
    w75: 
    w76: 
    w77: 
    w78: 
    w79: 
    w80: 
    w81: 
    w82: 
    w83: 
    w84: 
    w85: 
    w86: 
    w87: 
    w88: 
    w89: 
    w90: 
    w91: 
    w92: 
    w93: 
    w94: 
    w95: 
    w96: 
    w97: 
    w98: 
    w99: 
    w100: 
    w101: 
    w102: 
    w103: 
    w104: 
    w105: 
    w106: 
    w107: 
    w108: 
    w109: 
    w110: 
    w111: 
    w112: 
    w113: 
    w114: 
    w115: 
    w116: 
    w117: 
    w118: 
    w119: 
    w120: 
    w121: 
    w122: 
    w123: 
    w124: 
    w125: 
    w126: 
    w127: 
    w128: 
    w129: 
    w130: 
    w131: 
    w132: 
    w133: 
    w134: 
    w135: 
    w136: 
    w137: 
    w138: 
    w139: 
    w140: 
    w141: 
    w142: 
    w143: 
    w144: 
    w145: 
    w146: 
    w147: 
    w148: 
    w149: 
    w150: 
    w151: 
    w152: 
    w153: 
    w154: 
    w155: 
    w156: 
    w157: 
    w158: 
    w159: 
    w160: 
    w161: 
    w162: 
    w163: 
    w164: 
    w165: 
    w166: 
    w167: 
    w168: 
    w169: 
    w170: 
    w171: 
    w172: 
    w173: 
    w174: 
    w175: 
    w176: 
    w177: 
    w178: 
    w179: 
    w180: 
    w181: 
    w182: 
    w183: 
    w184: 
    w185: 
    w186: 
    w187: 
    w188: 
    w189: 
    w190: 
    w191: 
    w192: 
    w193: 
    w194: 
    w195: 
    w196: 
    w197: 
    w198: 
    w199: 
    w200: 

All ML-10M configs done. Run grid + figures:
  python scripts/run_arm_d_joint_svd_grid.py --config configs/movielens_10m.yaml
  python scripts/generate_all_figures.py

══════════════════════════════════════════════════════════════
 HPT PARALLEL DONE
 Summary: python scripts/summarize_hpt_arm_d.py
 Logs:    logs/hpt_parallel_20260529_222526_*.log
══════════════════════════════════════════════════════════════
