Master log: logs/hpt_parallel_20260529_225527.log
Running ALL pending ML-10M configs with 200 workers each
N_TRIALS=150  MAX_USERS=5000


══════════════════════════════════════════════════════════════
  Launching 200 workers: movielens_10m / p4_n1
  Config: configs/movielens_10m.yaml  |  pos≥4 neg≤1
  Total target trials: 150  |  MAX_USERS: 5000
  Workers share: outputs/movielens/10m/tuning/arm_d/pos_ge_4_neg_le_1/study.db
══════════════════════════════════════════════════════════════
  [w1] PID 180824  →  logs/hpt_parallel_20260529_225527_movielens_10m_p4_n1_w1.log
  [w2] PID 180825  →  logs/hpt_parallel_20260529_225527_movielens_10m_p4_n1_w2.log
  [w3] PID 180826  →  logs/hpt_parallel_20260529_225527_movielens_10m_p4_n1_w3.log
  [w4] PID 180827  →  logs/hpt_parallel_20260529_225527_movielens_10m_p4_n1_w4.log
  [w5] PID 180828  →  logs/hpt_parallel_20260529_225527_movielens_10m_p4_n1_w5.log
  [w6] PID 180829  →  logs/hpt_parallel_20260529_225527_movielens_10m_p4_n1_w6.log
  [w7] PID 180830  →  logs/hpt_parallel_20260529_225527_movielens_10m_p4_n1_w7.log
  [w8] PID 180831  →  logs/hpt_parallel_20260529_225527_movielens_10m_p4_n1_w8.log
  [w9] PID 180832  →  logs/hpt_parallel_20260529_225527_movielens_10m_p4_n1_w9.log
  [w10] PID 180833  →  logs/hpt_parallel_20260529_225527_movielens_10m_p4_n1_w10.log
  [w11] PID 180834  →  logs/hpt_parallel_20260529_225527_movielens_10m_p4_n1_w11.log
  [w12] PID 180835  →  logs/hpt_parallel_20260529_225527_movielens_10m_p4_n1_w12.log
  [w13] PID 180836  →  logs/hpt_parallel_20260529_225527_movielens_10m_p4_n1_w13.log
  [w14] PID 180837  →  logs/hpt_parallel_20260529_225527_movielens_10m_p4_n1_w14.log
  [w15] PID 180838  →  logs/hpt_parallel_20260529_225527_movielens_10m_p4_n1_w15.log
  [w16] PID 180839  →  logs/hpt_parallel_20260529_225527_movielens_10m_p4_n1_w16.log
  [w17] PID 180840  →  logs/hpt_parallel_20260529_225527_movielens_10m_p4_n1_w17.log
  [w18] PID 180841  →  logs/hpt_parallel_20260529_225527_movielens_10m_p4_n1_w18.log
  [w19] PID 180842  →  logs/hpt_parallel_20260529_225527_movielens_10m_p4_n1_w19.log
  [w20] PID 180843  →  logs/hpt_parallel_20260529_225527_movielens_10m_p4_n1_w20.log
  [w21] PID 180844  →  logs/hpt_parallel_20260529_225527_movielens_10m_p4_n1_w21.log
  [w22] PID 180845  →  logs/hpt_parallel_20260529_225527_movielens_10m_p4_n1_w22.log
  [w23] PID 180846  →  logs/hpt_parallel_20260529_225527_movielens_10m_p4_n1_w23.log
  [w24] PID 180847  →  logs/hpt_parallel_20260529_225527_movielens_10m_p4_n1_w24.log
  [w25] PID 180848  →  logs/hpt_parallel_20260529_225527_movielens_10m_p4_n1_w25.log
  [w26] PID 180849  →  logs/hpt_parallel_20260529_225527_movielens_10m_p4_n1_w26.log
  [w27] PID 180850  →  logs/hpt_parallel_20260529_225527_movielens_10m_p4_n1_w27.log
  [w28] PID 180851  →  logs/hpt_parallel_20260529_225527_movielens_10m_p4_n1_w28.log
  [w29] PID 180852  →  logs/hpt_parallel_20260529_225527_movielens_10m_p4_n1_w29.log
  [w30] PID 180853  →  logs/hpt_parallel_20260529_225527_movielens_10m_p4_n1_w30.log
  [w31] PID 180854  →  logs/hpt_parallel_20260529_225527_movielens_10m_p4_n1_w31.log
  [w32] PID 180855  →  logs/hpt_parallel_20260529_225527_movielens_10m_p4_n1_w32.log
  [w33] PID 180856  →  logs/hpt_parallel_20260529_225527_movielens_10m_p4_n1_w33.log
  [w34] PID 180857  →  logs/hpt_parallel_20260529_225527_movielens_10m_p4_n1_w34.log
  [w35] PID 180858  →  logs/hpt_parallel_20260529_225527_movielens_10m_p4_n1_w35.log
  [w36] PID 180859  →  logs/hpt_parallel_20260529_225527_movielens_10m_p4_n1_w36.log
  [w37] PID 180860  →  logs/hpt_parallel_20260529_225527_movielens_10m_p4_n1_w37.log
  [w38] PID 180861  →  logs/hpt_parallel_20260529_225527_movielens_10m_p4_n1_w38.log
  [w39] PID 180862  →  logs/hpt_parallel_20260529_225527_movielens_10m_p4_n1_w39.log
  [w40] PID 180863  →  logs/hpt_parallel_20260529_225527_movielens_10m_p4_n1_w40.log
  [w41] PID 180864  →  logs/hpt_parallel_20260529_225527_movielens_10m_p4_n1_w41.log
  [w42] PID 180865  →  logs/hpt_parallel_20260529_225527_movielens_10m_p4_n1_w42.log
  [w43] PID 180866  →  logs/hpt_parallel_20260529_225527_movielens_10m_p4_n1_w43.log
  [w44] PID 180867  →  logs/hpt_parallel_20260529_225527_movielens_10m_p4_n1_w44.log
  [w45] PID 180868  →  logs/hpt_parallel_20260529_225527_movielens_10m_p4_n1_w45.log
  [w46] PID 180869  →  logs/hpt_parallel_20260529_225527_movielens_10m_p4_n1_w46.log
  [w47] PID 180870  →  logs/hpt_parallel_20260529_225527_movielens_10m_p4_n1_w47.log
  [w48] PID 180871  →  logs/hpt_parallel_20260529_225527_movielens_10m_p4_n1_w48.log
  [w49] PID 180872  →  logs/hpt_parallel_20260529_225527_movielens_10m_p4_n1_w49.log
  [w50] PID 180873  →  logs/hpt_parallel_20260529_225527_movielens_10m_p4_n1_w50.log
  [w51] PID 180874  →  logs/hpt_parallel_20260529_225527_movielens_10m_p4_n1_w51.log
  [w52] PID 180875  →  logs/hpt_parallel_20260529_225527_movielens_10m_p4_n1_w52.log
  [w53] PID 180876  →  logs/hpt_parallel_20260529_225527_movielens_10m_p4_n1_w53.log
  [w54] PID 180877  →  logs/hpt_parallel_20260529_225527_movielens_10m_p4_n1_w54.log
  [w55] PID 180878  →  logs/hpt_parallel_20260529_225527_movielens_10m_p4_n1_w55.log
  [w56] PID 180879  →  logs/hpt_parallel_20260529_225527_movielens_10m_p4_n1_w56.log
  [w57] PID 180880  →  logs/hpt_parallel_20260529_225527_movielens_10m_p4_n1_w57.log
  [w58] PID 180881  →  logs/hpt_parallel_20260529_225527_movielens_10m_p4_n1_w58.log
  [w59] PID 180882  →  logs/hpt_parallel_20260529_225527_movielens_10m_p4_n1_w59.log
  [w60] PID 180883  →  logs/hpt_parallel_20260529_225527_movielens_10m_p4_n1_w60.log
  [w61] PID 180884  →  logs/hpt_parallel_20260529_225527_movielens_10m_p4_n1_w61.log
  [w62] PID 180885  →  logs/hpt_parallel_20260529_225527_movielens_10m_p4_n1_w62.log
  [w63] PID 180886  →  logs/hpt_parallel_20260529_225527_movielens_10m_p4_n1_w63.log
  [w64] PID 180887  →  logs/hpt_parallel_20260529_225527_movielens_10m_p4_n1_w64.log
  [w65] PID 180888  →  logs/hpt_parallel_20260529_225527_movielens_10m_p4_n1_w65.log
  [w66] PID 180889  →  logs/hpt_parallel_20260529_225527_movielens_10m_p4_n1_w66.log
  [w67] PID 180890  →  logs/hpt_parallel_20260529_225527_movielens_10m_p4_n1_w67.log
  [w68] PID 180891  →  logs/hpt_parallel_20260529_225527_movielens_10m_p4_n1_w68.log
  [w69] PID 180892  →  logs/hpt_parallel_20260529_225527_movielens_10m_p4_n1_w69.log
  [w70] PID 180893  →  logs/hpt_parallel_20260529_225527_movielens_10m_p4_n1_w70.log
  [w71] PID 180894  →  logs/hpt_parallel_20260529_225527_movielens_10m_p4_n1_w71.log
  [w72] PID 180895  →  logs/hpt_parallel_20260529_225527_movielens_10m_p4_n1_w72.log
  [w73] PID 180896  →  logs/hpt_parallel_20260529_225527_movielens_10m_p4_n1_w73.log
  [w74] PID 180897  →  logs/hpt_parallel_20260529_225527_movielens_10m_p4_n1_w74.log
  [w75] PID 180898  →  logs/hpt_parallel_20260529_225527_movielens_10m_p4_n1_w75.log
  [w76] PID 180899  →  logs/hpt_parallel_20260529_225527_movielens_10m_p4_n1_w76.log
  [w77] PID 180900  →  logs/hpt_parallel_20260529_225527_movielens_10m_p4_n1_w77.log
  [w78] PID 180901  →  logs/hpt_parallel_20260529_225527_movielens_10m_p4_n1_w78.log
  [w79] PID 180902  →  logs/hpt_parallel_20260529_225527_movielens_10m_p4_n1_w79.log
  [w80] PID 180903  →  logs/hpt_parallel_20260529_225527_movielens_10m_p4_n1_w80.log
  [w81] PID 180904  →  logs/hpt_parallel_20260529_225527_movielens_10m_p4_n1_w81.log
  [w82] PID 180905  →  logs/hpt_parallel_20260529_225527_movielens_10m_p4_n1_w82.log
  [w83] PID 180906  →  logs/hpt_parallel_20260529_225527_movielens_10m_p4_n1_w83.log
  [w84] PID 180907  →  logs/hpt_parallel_20260529_225527_movielens_10m_p4_n1_w84.log
  [w85] PID 180908  →  logs/hpt_parallel_20260529_225527_movielens_10m_p4_n1_w85.log
  [w86] PID 180909  →  logs/hpt_parallel_20260529_225527_movielens_10m_p4_n1_w86.log
  [w87] PID 180910  →  logs/hpt_parallel_20260529_225527_movielens_10m_p4_n1_w87.log
  [w88] PID 180911  →  logs/hpt_parallel_20260529_225527_movielens_10m_p4_n1_w88.log
  [w89] PID 180912  →  logs/hpt_parallel_20260529_225527_movielens_10m_p4_n1_w89.log
  [w90] PID 180913  →  logs/hpt_parallel_20260529_225527_movielens_10m_p4_n1_w90.log
  [w91] PID 180914  →  logs/hpt_parallel_20260529_225527_movielens_10m_p4_n1_w91.log
  [w92] PID 180915  →  logs/hpt_parallel_20260529_225527_movielens_10m_p4_n1_w92.log
  [w93] PID 180916  →  logs/hpt_parallel_20260529_225527_movielens_10m_p4_n1_w93.log
  [w94] PID 180917  →  logs/hpt_parallel_20260529_225527_movielens_10m_p4_n1_w94.log
  [w95] PID 180918  →  logs/hpt_parallel_20260529_225527_movielens_10m_p4_n1_w95.log
  [w96] PID 180919  →  logs/hpt_parallel_20260529_225527_movielens_10m_p4_n1_w96.log
  [w97] PID 180920  →  logs/hpt_parallel_20260529_225527_movielens_10m_p4_n1_w97.log
  [w98] PID 180921  →  logs/hpt_parallel_20260529_225527_movielens_10m_p4_n1_w98.log
  [w99] PID 180922  →  logs/hpt_parallel_20260529_225527_movielens_10m_p4_n1_w99.log
  [w100] PID 180923  →  logs/hpt_parallel_20260529_225527_movielens_10m_p4_n1_w100.log
  [w101] PID 180924  →  logs/hpt_parallel_20260529_225527_movielens_10m_p4_n1_w101.log
  [w102] PID 180925  →  logs/hpt_parallel_20260529_225527_movielens_10m_p4_n1_w102.log
  [w103] PID 180926  →  logs/hpt_parallel_20260529_225527_movielens_10m_p4_n1_w103.log
  [w104] PID 180927  →  logs/hpt_parallel_20260529_225527_movielens_10m_p4_n1_w104.log
  [w105] PID 180928  →  logs/hpt_parallel_20260529_225527_movielens_10m_p4_n1_w105.log
  [w106] PID 180929  →  logs/hpt_parallel_20260529_225527_movielens_10m_p4_n1_w106.log
  [w107] PID 180930  →  logs/hpt_parallel_20260529_225527_movielens_10m_p4_n1_w107.log
  [w108] PID 180931  →  logs/hpt_parallel_20260529_225527_movielens_10m_p4_n1_w108.log
  [w109] PID 180932  →  logs/hpt_parallel_20260529_225527_movielens_10m_p4_n1_w109.log
  [w110] PID 180933  →  logs/hpt_parallel_20260529_225527_movielens_10m_p4_n1_w110.log
  [w111] PID 180934  →  logs/hpt_parallel_20260529_225527_movielens_10m_p4_n1_w111.log
  [w112] PID 180935  →  logs/hpt_parallel_20260529_225527_movielens_10m_p4_n1_w112.log
  [w113] PID 180936  →  logs/hpt_parallel_20260529_225527_movielens_10m_p4_n1_w113.log
  [w114] PID 180937  →  logs/hpt_parallel_20260529_225527_movielens_10m_p4_n1_w114.log
  [w115] PID 180938  →  logs/hpt_parallel_20260529_225527_movielens_10m_p4_n1_w115.log
  [w116] PID 180939  →  logs/hpt_parallel_20260529_225527_movielens_10m_p4_n1_w116.log
  [w117] PID 180940  →  logs/hpt_parallel_20260529_225527_movielens_10m_p4_n1_w117.log
  [w118] PID 180941  →  logs/hpt_parallel_20260529_225527_movielens_10m_p4_n1_w118.log
  [w119] PID 180942  →  logs/hpt_parallel_20260529_225527_movielens_10m_p4_n1_w119.log
  [w120] PID 180943  →  logs/hpt_parallel_20260529_225527_movielens_10m_p4_n1_w120.log
  [w121] PID 180944  →  logs/hpt_parallel_20260529_225527_movielens_10m_p4_n1_w121.log
  [w122] PID 180945  →  logs/hpt_parallel_20260529_225527_movielens_10m_p4_n1_w122.log
  [w123] PID 180946  →  logs/hpt_parallel_20260529_225527_movielens_10m_p4_n1_w123.log
  [w124] PID 180947  →  logs/hpt_parallel_20260529_225527_movielens_10m_p4_n1_w124.log
  [w125] PID 180948  →  logs/hpt_parallel_20260529_225527_movielens_10m_p4_n1_w125.log
  [w126] PID 180949  →  logs/hpt_parallel_20260529_225527_movielens_10m_p4_n1_w126.log
  [w127] PID 180950  →  logs/hpt_parallel_20260529_225527_movielens_10m_p4_n1_w127.log
  [w128] PID 180951  →  logs/hpt_parallel_20260529_225527_movielens_10m_p4_n1_w128.log
  [w129] PID 180952  →  logs/hpt_parallel_20260529_225527_movielens_10m_p4_n1_w129.log
  [w130] PID 180953  →  logs/hpt_parallel_20260529_225527_movielens_10m_p4_n1_w130.log
  [w131] PID 180954  →  logs/hpt_parallel_20260529_225527_movielens_10m_p4_n1_w131.log
  [w132] PID 180955  →  logs/hpt_parallel_20260529_225527_movielens_10m_p4_n1_w132.log
  [w133] PID 180956  →  logs/hpt_parallel_20260529_225527_movielens_10m_p4_n1_w133.log
  [w134] PID 180957  →  logs/hpt_parallel_20260529_225527_movielens_10m_p4_n1_w134.log
  [w135] PID 180958  →  logs/hpt_parallel_20260529_225527_movielens_10m_p4_n1_w135.log
  [w136] PID 180959  →  logs/hpt_parallel_20260529_225527_movielens_10m_p4_n1_w136.log
  [w137] PID 180960  →  logs/hpt_parallel_20260529_225527_movielens_10m_p4_n1_w137.log
  [w138] PID 180961  →  logs/hpt_parallel_20260529_225527_movielens_10m_p4_n1_w138.log
  [w139] PID 180962  →  logs/hpt_parallel_20260529_225527_movielens_10m_p4_n1_w139.log
  [w140] PID 180963  →  logs/hpt_parallel_20260529_225527_movielens_10m_p4_n1_w140.log
  [w141] PID 180964  →  logs/hpt_parallel_20260529_225527_movielens_10m_p4_n1_w141.log
  [w142] PID 180965  →  logs/hpt_parallel_20260529_225527_movielens_10m_p4_n1_w142.log
  [w143] PID 180966  →  logs/hpt_parallel_20260529_225527_movielens_10m_p4_n1_w143.log
  [w144] PID 180967  →  logs/hpt_parallel_20260529_225527_movielens_10m_p4_n1_w144.log
  [w145] PID 180968  →  logs/hpt_parallel_20260529_225527_movielens_10m_p4_n1_w145.log
  [w146] PID 180969  →  logs/hpt_parallel_20260529_225527_movielens_10m_p4_n1_w146.log
  [w147] PID 180970  →  logs/hpt_parallel_20260529_225527_movielens_10m_p4_n1_w147.log
  [w148] PID 180971  →  logs/hpt_parallel_20260529_225527_movielens_10m_p4_n1_w148.log
  [w149] PID 180972  →  logs/hpt_parallel_20260529_225527_movielens_10m_p4_n1_w149.log
  [w150] PID 180973  →  logs/hpt_parallel_20260529_225527_movielens_10m_p4_n1_w150.log
  [w151] PID 180974  →  logs/hpt_parallel_20260529_225527_movielens_10m_p4_n1_w151.log
  [w152] PID 180975  →  logs/hpt_parallel_20260529_225527_movielens_10m_p4_n1_w152.log
  [w153] PID 180976  →  logs/hpt_parallel_20260529_225527_movielens_10m_p4_n1_w153.log
  [w154] PID 180977  →  logs/hpt_parallel_20260529_225527_movielens_10m_p4_n1_w154.log
  [w155] PID 180978  →  logs/hpt_parallel_20260529_225527_movielens_10m_p4_n1_w155.log
  [w156] PID 180979  →  logs/hpt_parallel_20260529_225527_movielens_10m_p4_n1_w156.log
  [w157] PID 180980  →  logs/hpt_parallel_20260529_225527_movielens_10m_p4_n1_w157.log
  [w158] PID 180981  →  logs/hpt_parallel_20260529_225527_movielens_10m_p4_n1_w158.log
  [w159] PID 180982  →  logs/hpt_parallel_20260529_225527_movielens_10m_p4_n1_w159.log
  [w160] PID 180983  →  logs/hpt_parallel_20260529_225527_movielens_10m_p4_n1_w160.log
  [w161] PID 180984  →  logs/hpt_parallel_20260529_225527_movielens_10m_p4_n1_w161.log
  [w162] PID 180985  →  logs/hpt_parallel_20260529_225527_movielens_10m_p4_n1_w162.log
  [w163] PID 180986  →  logs/hpt_parallel_20260529_225527_movielens_10m_p4_n1_w163.log
  [w164] PID 180987  →  logs/hpt_parallel_20260529_225527_movielens_10m_p4_n1_w164.log
  [w165] PID 180988  →  logs/hpt_parallel_20260529_225527_movielens_10m_p4_n1_w165.log
  [w166] PID 180989  →  logs/hpt_parallel_20260529_225527_movielens_10m_p4_n1_w166.log
  [w167] PID 180990  →  logs/hpt_parallel_20260529_225527_movielens_10m_p4_n1_w167.log
  [w168] PID 180991  →  logs/hpt_parallel_20260529_225527_movielens_10m_p4_n1_w168.log
  [w169] PID 180992  →  logs/hpt_parallel_20260529_225527_movielens_10m_p4_n1_w169.log
  [w170] PID 180993  →  logs/hpt_parallel_20260529_225527_movielens_10m_p4_n1_w170.log
  [w171] PID 180994  →  logs/hpt_parallel_20260529_225527_movielens_10m_p4_n1_w171.log
  [w172] PID 180997  →  logs/hpt_parallel_20260529_225527_movielens_10m_p4_n1_w172.log
  [w173] PID 180998  →  logs/hpt_parallel_20260529_225527_movielens_10m_p4_n1_w173.log
  [w174] PID 180999  →  logs/hpt_parallel_20260529_225527_movielens_10m_p4_n1_w174.log
  [w175] PID 181000  →  logs/hpt_parallel_20260529_225527_movielens_10m_p4_n1_w175.log
  [w176] PID 181001  →  logs/hpt_parallel_20260529_225527_movielens_10m_p4_n1_w176.log
  [w177] PID 181002  →  logs/hpt_parallel_20260529_225527_movielens_10m_p4_n1_w177.log
  [w178] PID 181004  →  logs/hpt_parallel_20260529_225527_movielens_10m_p4_n1_w178.log
  [w179] PID 181005  →  logs/hpt_parallel_20260529_225527_movielens_10m_p4_n1_w179.log
  [w180] PID 181006  →  logs/hpt_parallel_20260529_225527_movielens_10m_p4_n1_w180.log
  [w181] PID 181007  →  logs/hpt_parallel_20260529_225527_movielens_10m_p4_n1_w181.log
  [w182] PID 181008  →  logs/hpt_parallel_20260529_225527_movielens_10m_p4_n1_w182.log
  [w183] PID 181010  →  logs/hpt_parallel_20260529_225527_movielens_10m_p4_n1_w183.log
  [w184] PID 181011  →  logs/hpt_parallel_20260529_225527_movielens_10m_p4_n1_w184.log
  [w185] PID 181012  →  logs/hpt_parallel_20260529_225527_movielens_10m_p4_n1_w185.log
  [w186] PID 181013  →  logs/hpt_parallel_20260529_225527_movielens_10m_p4_n1_w186.log
  [w187] PID 181014  →  logs/hpt_parallel_20260529_225527_movielens_10m_p4_n1_w187.log
  [w188] PID 181015  →  logs/hpt_parallel_20260529_225527_movielens_10m_p4_n1_w188.log
  [w189] PID 181019  →  logs/hpt_parallel_20260529_225527_movielens_10m_p4_n1_w189.log
  [w190] PID 181021  →  logs/hpt_parallel_20260529_225527_movielens_10m_p4_n1_w190.log
  [w191] PID 181022  →  logs/hpt_parallel_20260529_225527_movielens_10m_p4_n1_w191.log
  [w192] PID 181023  →  logs/hpt_parallel_20260529_225527_movielens_10m_p4_n1_w192.log
  [w193] PID 181024  →  logs/hpt_parallel_20260529_225527_movielens_10m_p4_n1_w193.log
  [w194] PID 181025  →  logs/hpt_parallel_20260529_225527_movielens_10m_p4_n1_w194.log
  [w195] PID 181026  →  logs/hpt_parallel_20260529_225527_movielens_10m_p4_n1_w195.log
  [w196] PID 181030  →  logs/hpt_parallel_20260529_225527_movielens_10m_p4_n1_w196.log
  [w197] PID 181031  →  logs/hpt_parallel_20260529_225527_movielens_10m_p4_n1_w197.log
  [w198] PID 181034  →  logs/hpt_parallel_20260529_225527_movielens_10m_p4_n1_w198.log
  [w199] PID 181035  →  logs/hpt_parallel_20260529_225527_movielens_10m_p4_n1_w199.log
  [w200] PID 181039  →  logs/hpt_parallel_20260529_225527_movielens_10m_p4_n1_w200.log
  Waiting for all 200 workers to finish...
./run_hpt_parallel.sh: line 111: 180824 Killed                  nohup python scripts/run_hyperparameter_tuning.py --config "$cfg" --arm d --threshold "$pos" --neg_threshold "$neg" --n_trials "$n_trials" --max_users "$MAX_USERS" --overwrite > "$wlog" 2>&1
./run_hpt_parallel.sh: line 111: 180827 Killed                  nohup python scripts/run_hyperparameter_tuning.py --config "$cfg" --arm d --threshold "$pos" --neg_threshold "$neg" --n_trials "$n_trials" --max_users "$MAX_USERS" --overwrite > "$wlog" 2>&1
./run_hpt_parallel.sh: line 111: 180830 Killed                  nohup python scripts/run_hyperparameter_tuning.py --config "$cfg" --arm d --threshold "$pos" --neg_threshold "$neg" --n_trials "$n_trials" --max_users "$MAX_USERS" --overwrite > "$wlog" 2>&1
./run_hpt_parallel.sh: line 111: 180831 Killed                  nohup python scripts/run_hyperparameter_tuning.py --config "$cfg" --arm d --threshold "$pos" --neg_threshold "$neg" --n_trials "$n_trials" --max_users "$MAX_USERS" --overwrite > "$wlog" 2>&1
./run_hpt_parallel.sh: line 111: 180835 Killed                  nohup python scripts/run_hyperparameter_tuning.py --config "$cfg" --arm d --threshold "$pos" --neg_threshold "$neg" --n_trials "$n_trials" --max_users "$MAX_USERS" --overwrite > "$wlog" 2>&1
./run_hpt_parallel.sh: line 111: 180842 Killed                  nohup python scripts/run_hyperparameter_tuning.py --config "$cfg" --arm d --threshold "$pos" --neg_threshold "$neg" --n_trials "$n_trials" --max_users "$MAX_USERS" --overwrite > "$wlog" 2>&1
./run_hpt_parallel.sh: line 111: 180844 Killed                  nohup python scripts/run_hyperparameter_tuning.py --config "$cfg" --arm d --threshold "$pos" --neg_threshold "$neg" --n_trials "$n_trials" --max_users "$MAX_USERS" --overwrite > "$wlog" 2>&1
./run_hpt_parallel.sh: line 111: 180845 Killed                  nohup python scripts/run_hyperparameter_tuning.py --config "$cfg" --arm d --threshold "$pos" --neg_threshold "$neg" --n_trials "$n_trials" --max_users "$MAX_USERS" --overwrite > "$wlog" 2>&1
./run_hpt_parallel.sh: line 111: 180847 Killed                  nohup python scripts/run_hyperparameter_tuning.py --config "$cfg" --arm d --threshold "$pos" --neg_threshold "$neg" --n_trials "$n_trials" --max_users "$MAX_USERS" --overwrite > "$wlog" 2>&1
./run_hpt_parallel.sh: line 111: 180848 Killed                  nohup python scripts/run_hyperparameter_tuning.py --config "$cfg" --arm d --threshold "$pos" --neg_threshold "$neg" --n_trials "$n_trials" --max_users "$MAX_USERS" --overwrite > "$wlog" 2>&1
./run_hpt_parallel.sh: line 111: 180849 Killed                  nohup python scripts/run_hyperparameter_tuning.py --config "$cfg" --arm d --threshold "$pos" --neg_threshold "$neg" --n_trials "$n_trials" --max_users "$MAX_USERS" --overwrite > "$wlog" 2>&1
./run_hpt_parallel.sh: line 111: 180851 Killed                  nohup python scripts/run_hyperparameter_tuning.py --config "$cfg" --arm d --threshold "$pos" --neg_threshold "$neg" --n_trials "$n_trials" --max_users "$MAX_USERS" --overwrite > "$wlog" 2>&1
./run_hpt_parallel.sh: line 111: 180852 Killed                  nohup python scripts/run_hyperparameter_tuning.py --config "$cfg" --arm d --threshold "$pos" --neg_threshold "$neg" --n_trials "$n_trials" --max_users "$MAX_USERS" --overwrite > "$wlog" 2>&1
./run_hpt_parallel.sh: line 111: 180853 Killed                  nohup python scripts/run_hyperparameter_tuning.py --config "$cfg" --arm d --threshold "$pos" --neg_threshold "$neg" --n_trials "$n_trials" --max_users "$MAX_USERS" --overwrite > "$wlog" 2>&1
./run_hpt_parallel.sh: line 111: 180854 Killed                  nohup python scripts/run_hyperparameter_tuning.py --config "$cfg" --arm d --threshold "$pos" --neg_threshold "$neg" --n_trials "$n_trials" --max_users "$MAX_USERS" --overwrite > "$wlog" 2>&1
./run_hpt_parallel.sh: line 111: 180859 Killed                  nohup python scripts/run_hyperparameter_tuning.py --config "$cfg" --arm d --threshold "$pos" --neg_threshold "$neg" --n_trials "$n_trials" --max_users "$MAX_USERS" --overwrite > "$wlog" 2>&1
./run_hpt_parallel.sh: line 111: 180861 Killed                  nohup python scripts/run_hyperparameter_tuning.py --config "$cfg" --arm d --threshold "$pos" --neg_threshold "$neg" --n_trials "$n_trials" --max_users "$MAX_USERS" --overwrite > "$wlog" 2>&1
./run_hpt_parallel.sh: line 111: 180862 Killed                  nohup python scripts/run_hyperparameter_tuning.py --config "$cfg" --arm d --threshold "$pos" --neg_threshold "$neg" --n_trials "$n_trials" --max_users "$MAX_USERS" --overwrite > "$wlog" 2>&1
./run_hpt_parallel.sh: line 111: 180863 Killed                  nohup python scripts/run_hyperparameter_tuning.py --config "$cfg" --arm d --threshold "$pos" --neg_threshold "$neg" --n_trials "$n_trials" --max_users "$MAX_USERS" --overwrite > "$wlog" 2>&1
./run_hpt_parallel.sh: line 111: 180866 Killed                  nohup python scripts/run_hyperparameter_tuning.py --config "$cfg" --arm d --threshold "$pos" --neg_threshold "$neg" --n_trials "$n_trials" --max_users "$MAX_USERS" --overwrite > "$wlog" 2>&1
./run_hpt_parallel.sh: line 111: 180867 Killed                  nohup python scripts/run_hyperparameter_tuning.py --config "$cfg" --arm d --threshold "$pos" --neg_threshold "$neg" --n_trials "$n_trials" --max_users "$MAX_USERS" --overwrite > "$wlog" 2>&1
./run_hpt_parallel.sh: line 111: 180869 Killed                  nohup python scripts/run_hyperparameter_tuning.py --config "$cfg" --arm d --threshold "$pos" --neg_threshold "$neg" --n_trials "$n_trials" --max_users "$MAX_USERS" --overwrite > "$wlog" 2>&1
./run_hpt_parallel.sh: line 111: 180870 Killed                  nohup python scripts/run_hyperparameter_tuning.py --config "$cfg" --arm d --threshold "$pos" --neg_threshold "$neg" --n_trials "$n_trials" --max_users "$MAX_USERS" --overwrite > "$wlog" 2>&1
./run_hpt_parallel.sh: line 111: 180874 Killed                  nohup python scripts/run_hyperparameter_tuning.py --config "$cfg" --arm d --threshold "$pos" --neg_threshold "$neg" --n_trials "$n_trials" --max_users "$MAX_USERS" --overwrite > "$wlog" 2>&1
./run_hpt_parallel.sh: line 111: 180877 Killed                  nohup python scripts/run_hyperparameter_tuning.py --config "$cfg" --arm d --threshold "$pos" --neg_threshold "$neg" --n_trials "$n_trials" --max_users "$MAX_USERS" --overwrite > "$wlog" 2>&1
./run_hpt_parallel.sh: line 111: 180878 Killed                  nohup python scripts/run_hyperparameter_tuning.py --config "$cfg" --arm d --threshold "$pos" --neg_threshold "$neg" --n_trials "$n_trials" --max_users "$MAX_USERS" --overwrite > "$wlog" 2>&1
./run_hpt_parallel.sh: line 111: 180883 Killed                  nohup python scripts/run_hyperparameter_tuning.py --config "$cfg" --arm d --threshold "$pos" --neg_threshold "$neg" --n_trials "$n_trials" --max_users "$MAX_USERS" --overwrite > "$wlog" 2>&1
./run_hpt_parallel.sh: line 111: 180885 Killed                  nohup python scripts/run_hyperparameter_tuning.py --config "$cfg" --arm d --threshold "$pos" --neg_threshold "$neg" --n_trials "$n_trials" --max_users "$MAX_USERS" --overwrite > "$wlog" 2>&1
./run_hpt_parallel.sh: line 111: 180888 Killed                  nohup python scripts/run_hyperparameter_tuning.py --config "$cfg" --arm d --threshold "$pos" --neg_threshold "$neg" --n_trials "$n_trials" --max_users "$MAX_USERS" --overwrite > "$wlog" 2>&1
./run_hpt_parallel.sh: line 111: 180889 Killed                  nohup python scripts/run_hyperparameter_tuning.py --config "$cfg" --arm d --threshold "$pos" --neg_threshold "$neg" --n_trials "$n_trials" --max_users "$MAX_USERS" --overwrite > "$wlog" 2>&1
./run_hpt_parallel.sh: line 111: 180890 Killed                  nohup python scripts/run_hyperparameter_tuning.py --config "$cfg" --arm d --threshold "$pos" --neg_threshold "$neg" --n_trials "$n_trials" --max_users "$MAX_USERS" --overwrite > "$wlog" 2>&1
./run_hpt_parallel.sh: line 111: 180893 Killed                  nohup python scripts/run_hyperparameter_tuning.py --config "$cfg" --arm d --threshold "$pos" --neg_threshold "$neg" --n_trials "$n_trials" --max_users "$MAX_USERS" --overwrite > "$wlog" 2>&1
./run_hpt_parallel.sh: line 111: 180894 Killed                  nohup python scripts/run_hyperparameter_tuning.py --config "$cfg" --arm d --threshold "$pos" --neg_threshold "$neg" --n_trials "$n_trials" --max_users "$MAX_USERS" --overwrite > "$wlog" 2>&1
./run_hpt_parallel.sh: line 111: 180897 Killed                  nohup python scripts/run_hyperparameter_tuning.py --config "$cfg" --arm d --threshold "$pos" --neg_threshold "$neg" --n_trials "$n_trials" --max_users "$MAX_USERS" --overwrite > "$wlog" 2>&1
./run_hpt_parallel.sh: line 111: 180910 Killed                  nohup python scripts/run_hyperparameter_tuning.py --config "$cfg" --arm d --threshold "$pos" --neg_threshold "$neg" --n_trials "$n_trials" --max_users "$MAX_USERS" --overwrite > "$wlog" 2>&1
./run_hpt_parallel.sh: line 111: 180912 Killed                  nohup python scripts/run_hyperparameter_tuning.py --config "$cfg" --arm d --threshold "$pos" --neg_threshold "$neg" --n_trials "$n_trials" --max_users "$MAX_USERS" --overwrite > "$wlog" 2>&1
./run_hpt_parallel.sh: line 111: 180917 Killed                  nohup python scripts/run_hyperparameter_tuning.py --config "$cfg" --arm d --threshold "$pos" --neg_threshold "$neg" --n_trials "$n_trials" --max_users "$MAX_USERS" --overwrite > "$wlog" 2>&1
./run_hpt_parallel.sh: line 111: 180919 Killed                  nohup python scripts/run_hyperparameter_tuning.py --config "$cfg" --arm d --threshold "$pos" --neg_threshold "$neg" --n_trials "$n_trials" --max_users "$MAX_USERS" --overwrite > "$wlog" 2>&1
./run_hpt_parallel.sh: line 111: 180921 Killed                  nohup python scripts/run_hyperparameter_tuning.py --config "$cfg" --arm d --threshold "$pos" --neg_threshold "$neg" --n_trials "$n_trials" --max_users "$MAX_USERS" --overwrite > "$wlog" 2>&1
./run_hpt_parallel.sh: line 111: 180925 Killed                  nohup python scripts/run_hyperparameter_tuning.py --config "$cfg" --arm d --threshold "$pos" --neg_threshold "$neg" --n_trials "$n_trials" --max_users "$MAX_USERS" --overwrite > "$wlog" 2>&1
./run_hpt_parallel.sh: line 111: 180930 Killed                  nohup python scripts/run_hyperparameter_tuning.py --config "$cfg" --arm d --threshold "$pos" --neg_threshold "$neg" --n_trials "$n_trials" --max_users "$MAX_USERS" --overwrite > "$wlog" 2>&1
./run_hpt_parallel.sh: line 111: 180933 Killed                  nohup python scripts/run_hyperparameter_tuning.py --config "$cfg" --arm d --threshold "$pos" --neg_threshold "$neg" --n_trials "$n_trials" --max_users "$MAX_USERS" --overwrite > "$wlog" 2>&1
./run_hpt_parallel.sh: line 111: 180940 Killed                  nohup python scripts/run_hyperparameter_tuning.py --config "$cfg" --arm d --threshold "$pos" --neg_threshold "$neg" --n_trials "$n_trials" --max_users "$MAX_USERS" --overwrite > "$wlog" 2>&1
./run_hpt_parallel.sh: line 111: 180942 Killed                  nohup python scripts/run_hyperparameter_tuning.py --config "$cfg" --arm d --threshold "$pos" --neg_threshold "$neg" --n_trials "$n_trials" --max_users "$MAX_USERS" --overwrite > "$wlog" 2>&1
./run_hpt_parallel.sh: line 111: 180945 Killed                  nohup python scripts/run_hyperparameter_tuning.py --config "$cfg" --arm d --threshold "$pos" --neg_threshold "$neg" --n_trials "$n_trials" --max_users "$MAX_USERS" --overwrite > "$wlog" 2>&1
./run_hpt_parallel.sh: line 111: 180946 Killed                  nohup python scripts/run_hyperparameter_tuning.py --config "$cfg" --arm d --threshold "$pos" --neg_threshold "$neg" --n_trials "$n_trials" --max_users "$MAX_USERS" --overwrite > "$wlog" 2>&1
./run_hpt_parallel.sh: line 111: 180950 Killed                  nohup python scripts/run_hyperparameter_tuning.py --config "$cfg" --arm d --threshold "$pos" --neg_threshold "$neg" --n_trials "$n_trials" --max_users "$MAX_USERS" --overwrite > "$wlog" 2>&1
./run_hpt_parallel.sh: line 111: 180952 Killed                  nohup python scripts/run_hyperparameter_tuning.py --config "$cfg" --arm d --threshold "$pos" --neg_threshold "$neg" --n_trials "$n_trials" --max_users "$MAX_USERS" --overwrite > "$wlog" 2>&1
./run_hpt_parallel.sh: line 111: 180955 Killed                  nohup python scripts/run_hyperparameter_tuning.py --config "$cfg" --arm d --threshold "$pos" --neg_threshold "$neg" --n_trials "$n_trials" --max_users "$MAX_USERS" --overwrite > "$wlog" 2>&1
./run_hpt_parallel.sh: line 111: 180956 Killed                  nohup python scripts/run_hyperparameter_tuning.py --config "$cfg" --arm d --threshold "$pos" --neg_threshold "$neg" --n_trials "$n_trials" --max_users "$MAX_USERS" --overwrite > "$wlog" 2>&1
./run_hpt_parallel.sh: line 111: 180960 Killed                  nohup python scripts/run_hyperparameter_tuning.py --config "$cfg" --arm d --threshold "$pos" --neg_threshold "$neg" --n_trials "$n_trials" --max_users "$MAX_USERS" --overwrite > "$wlog" 2>&1
./run_hpt_parallel.sh: line 111: 180963 Killed                  nohup python scripts/run_hyperparameter_tuning.py --config "$cfg" --arm d --threshold "$pos" --neg_threshold "$neg" --n_trials "$n_trials" --max_users "$MAX_USERS" --overwrite > "$wlog" 2>&1
./run_hpt_parallel.sh: line 111: 180964 Killed                  nohup python scripts/run_hyperparameter_tuning.py --config "$cfg" --arm d --threshold "$pos" --neg_threshold "$neg" --n_trials "$n_trials" --max_users "$MAX_USERS" --overwrite > "$wlog" 2>&1
./run_hpt_parallel.sh: line 111: 180966 Killed                  nohup python scripts/run_hyperparameter_tuning.py --config "$cfg" --arm d --threshold "$pos" --neg_threshold "$neg" --n_trials "$n_trials" --max_users "$MAX_USERS" --overwrite > "$wlog" 2>&1
./run_hpt_parallel.sh: line 111: 180967 Killed                  nohup python scripts/run_hyperparameter_tuning.py --config "$cfg" --arm d --threshold "$pos" --neg_threshold "$neg" --n_trials "$n_trials" --max_users "$MAX_USERS" --overwrite > "$wlog" 2>&1
./run_hpt_parallel.sh: line 111: 180970 Killed                  nohup python scripts/run_hyperparameter_tuning.py --config "$cfg" --arm d --threshold "$pos" --neg_threshold "$neg" --n_trials "$n_trials" --max_users "$MAX_USERS" --overwrite > "$wlog" 2>&1
./run_hpt_parallel.sh: line 111: 180974 Killed                  nohup python scripts/run_hyperparameter_tuning.py --config "$cfg" --arm d --threshold "$pos" --neg_threshold "$neg" --n_trials "$n_trials" --max_users "$MAX_USERS" --overwrite > "$wlog" 2>&1
./run_hpt_parallel.sh: line 111: 180976 Killed                  nohup python scripts/run_hyperparameter_tuning.py --config "$cfg" --arm d --threshold "$pos" --neg_threshold "$neg" --n_trials "$n_trials" --max_users "$MAX_USERS" --overwrite > "$wlog" 2>&1
./run_hpt_parallel.sh: line 111: 180983 Killed                  nohup python scripts/run_hyperparameter_tuning.py --config "$cfg" --arm d --threshold "$pos" --neg_threshold "$neg" --n_trials "$n_trials" --max_users "$MAX_USERS" --overwrite > "$wlog" 2>&1
./run_hpt_parallel.sh: line 111: 180984 Killed                  nohup python scripts/run_hyperparameter_tuning.py --config "$cfg" --arm d --threshold "$pos" --neg_threshold "$neg" --n_trials "$n_trials" --max_users "$MAX_USERS" --overwrite > "$wlog" 2>&1
./run_hpt_parallel.sh: line 111: 180985 Killed                  nohup python scripts/run_hyperparameter_tuning.py --config "$cfg" --arm d --threshold "$pos" --neg_threshold "$neg" --n_trials "$n_trials" --max_users "$MAX_USERS" --overwrite > "$wlog" 2>&1
./run_hpt_parallel.sh: line 111: 180987 Killed                  nohup python scripts/run_hyperparameter_tuning.py --config "$cfg" --arm d --threshold "$pos" --neg_threshold "$neg" --n_trials "$n_trials" --max_users "$MAX_USERS" --overwrite > "$wlog" 2>&1
./run_hpt_parallel.sh: line 111: 180988 Killed                  nohup python scripts/run_hyperparameter_tuning.py --config "$cfg" --arm d --threshold "$pos" --neg_threshold "$neg" --n_trials "$n_trials" --max_users "$MAX_USERS" --overwrite > "$wlog" 2>&1
./run_hpt_parallel.sh: line 111: 180994 Killed                  nohup python scripts/run_hyperparameter_tuning.py --config "$cfg" --arm d --threshold "$pos" --neg_threshold "$neg" --n_trials "$n_trials" --max_users "$MAX_USERS" --overwrite > "$wlog" 2>&1
./run_hpt_parallel.sh: line 111: 181007 Killed                  nohup python scripts/run_hyperparameter_tuning.py --config "$cfg" --arm d --threshold "$pos" --neg_threshold "$neg" --n_trials "$n_trials" --max_users "$MAX_USERS" --overwrite > "$wlog" 2>&1
./run_hpt_parallel.sh: line 111: 181008 Killed                  nohup python scripts/run_hyperparameter_tuning.py --config "$cfg" --arm d --threshold "$pos" --neg_threshold "$neg" --n_trials "$n_trials" --max_users "$MAX_USERS" --overwrite > "$wlog" 2>&1
./run_hpt_parallel.sh: line 111: 181010 Killed                  nohup python scripts/run_hyperparameter_tuning.py --config "$cfg" --arm d --threshold "$pos" --neg_threshold "$neg" --n_trials "$n_trials" --max_users "$MAX_USERS" --overwrite > "$wlog" 2>&1
./run_hpt_parallel.sh: line 111: 181024 Killed                  nohup python scripts/run_hyperparameter_tuning.py --config "$cfg" --arm d --threshold "$pos" --neg_threshold "$neg" --n_trials "$n_trials" --max_users "$MAX_USERS" --overwrite > "$wlog" 2>&1
./run_hpt_parallel.sh: line 111: 181026 Killed                  nohup python scripts/run_hyperparameter_tuning.py --config "$cfg" --arm d --threshold "$pos" --neg_threshold "$neg" --n_trials "$n_trials" --max_users "$MAX_USERS" --overwrite > "$wlog" 2>&1
./run_hpt_parallel.sh: line 111: 180825 Killed                  nohup python scripts/run_hyperparameter_tuning.py --config "$cfg" --arm d --threshold "$pos" --neg_threshold "$neg" --n_trials "$n_trials" --max_users "$MAX_USERS" --overwrite > "$wlog" 2>&1
./run_hpt_parallel.sh: line 111: 180826 Killed                  nohup python scripts/run_hyperparameter_tuning.py --config "$cfg" --arm d --threshold "$pos" --neg_threshold "$neg" --n_trials "$n_trials" --max_users "$MAX_USERS" --overwrite > "$wlog" 2>&1
./run_hpt_parallel.sh: line 111: 180828 Killed                  nohup python scripts/run_hyperparameter_tuning.py --config "$cfg" --arm d --threshold "$pos" --neg_threshold "$neg" --n_trials "$n_trials" --max_users "$MAX_USERS" --overwrite > "$wlog" 2>&1
./run_hpt_parallel.sh: line 111: 180833 Killed                  nohup python scripts/run_hyperparameter_tuning.py --config "$cfg" --arm d --threshold "$pos" --neg_threshold "$neg" --n_trials "$n_trials" --max_users "$MAX_USERS" --overwrite > "$wlog" 2>&1
./run_hpt_parallel.sh: line 111: 180837 Killed                  nohup python scripts/run_hyperparameter_tuning.py --config "$cfg" --arm d --threshold "$pos" --neg_threshold "$neg" --n_trials "$n_trials" --max_users "$MAX_USERS" --overwrite > "$wlog" 2>&1
./run_hpt_parallel.sh: line 111: 180838 Killed                  nohup python scripts/run_hyperparameter_tuning.py --config "$cfg" --arm d --threshold "$pos" --neg_threshold "$neg" --n_trials "$n_trials" --max_users "$MAX_USERS" --overwrite > "$wlog" 2>&1
./run_hpt_parallel.sh: line 111: 180839 Killed                  nohup python scripts/run_hyperparameter_tuning.py --config "$cfg" --arm d --threshold "$pos" --neg_threshold "$neg" --n_trials "$n_trials" --max_users "$MAX_USERS" --overwrite > "$wlog" 2>&1
./run_hpt_parallel.sh: line 111: 180855 Killed                  nohup python scripts/run_hyperparameter_tuning.py --config "$cfg" --arm d --threshold "$pos" --neg_threshold "$neg" --n_trials "$n_trials" --max_users "$MAX_USERS" --overwrite > "$wlog" 2>&1
./run_hpt_parallel.sh: line 111: 180860 Killed                  nohup python scripts/run_hyperparameter_tuning.py --config "$cfg" --arm d --threshold "$pos" --neg_threshold "$neg" --n_trials "$n_trials" --max_users "$MAX_USERS" --overwrite > "$wlog" 2>&1
./run_hpt_parallel.sh: line 111: 180871 Killed                  nohup python scripts/run_hyperparameter_tuning.py --config "$cfg" --arm d --threshold "$pos" --neg_threshold "$neg" --n_trials "$n_trials" --max_users "$MAX_USERS" --overwrite > "$wlog" 2>&1
./run_hpt_parallel.sh: line 111: 180872 Killed                  nohup python scripts/run_hyperparameter_tuning.py --config "$cfg" --arm d --threshold "$pos" --neg_threshold "$neg" --n_trials "$n_trials" --max_users "$MAX_USERS" --overwrite > "$wlog" 2>&1
./run_hpt_parallel.sh: line 111: 180873 Killed                  nohup python scripts/run_hyperparameter_tuning.py --config "$cfg" --arm d --threshold "$pos" --neg_threshold "$neg" --n_trials "$n_trials" --max_users "$MAX_USERS" --overwrite > "$wlog" 2>&1
./run_hpt_parallel.sh: line 111: 180875 Killed                  nohup python scripts/run_hyperparameter_tuning.py --config "$cfg" --arm d --threshold "$pos" --neg_threshold "$neg" --n_trials "$n_trials" --max_users "$MAX_USERS" --overwrite > "$wlog" 2>&1
./run_hpt_parallel.sh: line 111: 180880 Killed                  nohup python scripts/run_hyperparameter_tuning.py --config "$cfg" --arm d --threshold "$pos" --neg_threshold "$neg" --n_trials "$n_trials" --max_users "$MAX_USERS" --overwrite > "$wlog" 2>&1
./run_hpt_parallel.sh: line 111: 180881 Killed                  nohup python scripts/run_hyperparameter_tuning.py --config "$cfg" --arm d --threshold "$pos" --neg_threshold "$neg" --n_trials "$n_trials" --max_users "$MAX_USERS" --overwrite > "$wlog" 2>&1
./run_hpt_parallel.sh: line 111: 180884 Killed                  nohup python scripts/run_hyperparameter_tuning.py --config "$cfg" --arm d --threshold "$pos" --neg_threshold "$neg" --n_trials "$n_trials" --max_users "$MAX_USERS" --overwrite > "$wlog" 2>&1
./run_hpt_parallel.sh: line 111: 180892 Killed                  nohup python scripts/run_hyperparameter_tuning.py --config "$cfg" --arm d --threshold "$pos" --neg_threshold "$neg" --n_trials "$n_trials" --max_users "$MAX_USERS" --overwrite > "$wlog" 2>&1
./run_hpt_parallel.sh: line 111: 180898 Killed                  nohup python scripts/run_hyperparameter_tuning.py --config "$cfg" --arm d --threshold "$pos" --neg_threshold "$neg" --n_trials "$n_trials" --max_users "$MAX_USERS" --overwrite > "$wlog" 2>&1
./run_hpt_parallel.sh: line 111: 180899 Killed                  nohup python scripts/run_hyperparameter_tuning.py --config "$cfg" --arm d --threshold "$pos" --neg_threshold "$neg" --n_trials "$n_trials" --max_users "$MAX_USERS" --overwrite > "$wlog" 2>&1
./run_hpt_parallel.sh: line 111: 180900 Killed                  nohup python scripts/run_hyperparameter_tuning.py --config "$cfg" --arm d --threshold "$pos" --neg_threshold "$neg" --n_trials "$n_trials" --max_users "$MAX_USERS" --overwrite > "$wlog" 2>&1
./run_hpt_parallel.sh: line 111: 180901 Killed                  nohup python scripts/run_hyperparameter_tuning.py --config "$cfg" --arm d --threshold "$pos" --neg_threshold "$neg" --n_trials "$n_trials" --max_users "$MAX_USERS" --overwrite > "$wlog" 2>&1
./run_hpt_parallel.sh: line 111: 180905 Killed                  nohup python scripts/run_hyperparameter_tuning.py --config "$cfg" --arm d --threshold "$pos" --neg_threshold "$neg" --n_trials "$n_trials" --max_users "$MAX_USERS" --overwrite > "$wlog" 2>&1
./run_hpt_parallel.sh: line 111: 180911 Killed                  nohup python scripts/run_hyperparameter_tuning.py --config "$cfg" --arm d --threshold "$pos" --neg_threshold "$neg" --n_trials "$n_trials" --max_users "$MAX_USERS" --overwrite > "$wlog" 2>&1
./run_hpt_parallel.sh: line 111: 180914 Killed                  nohup python scripts/run_hyperparameter_tuning.py --config "$cfg" --arm d --threshold "$pos" --neg_threshold "$neg" --n_trials "$n_trials" --max_users "$MAX_USERS" --overwrite > "$wlog" 2>&1
./run_hpt_parallel.sh: line 111: 180915 Killed                  nohup python scripts/run_hyperparameter_tuning.py --config "$cfg" --arm d --threshold "$pos" --neg_threshold "$neg" --n_trials "$n_trials" --max_users "$MAX_USERS" --overwrite > "$wlog" 2>&1
./run_hpt_parallel.sh: line 111: 180918 Killed                  nohup python scripts/run_hyperparameter_tuning.py --config "$cfg" --arm d --threshold "$pos" --neg_threshold "$neg" --n_trials "$n_trials" --max_users "$MAX_USERS" --overwrite > "$wlog" 2>&1
./run_hpt_parallel.sh: line 111: 180923 Killed                  nohup python scripts/run_hyperparameter_tuning.py --config "$cfg" --arm d --threshold "$pos" --neg_threshold "$neg" --n_trials "$n_trials" --max_users "$MAX_USERS" --overwrite > "$wlog" 2>&1
./run_hpt_parallel.sh: line 111: 180924 Killed                  nohup python scripts/run_hyperparameter_tuning.py --config "$cfg" --arm d --threshold "$pos" --neg_threshold "$neg" --n_trials "$n_trials" --max_users "$MAX_USERS" --overwrite > "$wlog" 2>&1
./run_hpt_parallel.sh: line 111: 180927 Killed                  nohup python scripts/run_hyperparameter_tuning.py --config "$cfg" --arm d --threshold "$pos" --neg_threshold "$neg" --n_trials "$n_trials" --max_users "$MAX_USERS" --overwrite > "$wlog" 2>&1
./run_hpt_parallel.sh: line 111: 180932 Killed                  nohup python scripts/run_hyperparameter_tuning.py --config "$cfg" --arm d --threshold "$pos" --neg_threshold "$neg" --n_trials "$n_trials" --max_users "$MAX_USERS" --overwrite > "$wlog" 2>&1
./run_hpt_parallel.sh: line 111: 180934 Killed                  nohup python scripts/run_hyperparameter_tuning.py --config "$cfg" --arm d --threshold "$pos" --neg_threshold "$neg" --n_trials "$n_trials" --max_users "$MAX_USERS" --overwrite > "$wlog" 2>&1
./run_hpt_parallel.sh: line 111: 180936 Killed                  nohup python scripts/run_hyperparameter_tuning.py --config "$cfg" --arm d --threshold "$pos" --neg_threshold "$neg" --n_trials "$n_trials" --max_users "$MAX_USERS" --overwrite > "$wlog" 2>&1
./run_hpt_parallel.sh: line 111: 180937 Killed                  nohup python scripts/run_hyperparameter_tuning.py --config "$cfg" --arm d --threshold "$pos" --neg_threshold "$neg" --n_trials "$n_trials" --max_users "$MAX_USERS" --overwrite > "$wlog" 2>&1
./run_hpt_parallel.sh: line 111: 180939 Killed                  nohup python scripts/run_hyperparameter_tuning.py --config "$cfg" --arm d --threshold "$pos" --neg_threshold "$neg" --n_trials "$n_trials" --max_users "$MAX_USERS" --overwrite > "$wlog" 2>&1
./run_hpt_parallel.sh: line 111: 180948 Killed                  nohup python scripts/run_hyperparameter_tuning.py --config "$cfg" --arm d --threshold "$pos" --neg_threshold "$neg" --n_trials "$n_trials" --max_users "$MAX_USERS" --overwrite > "$wlog" 2>&1
./run_hpt_parallel.sh: line 111: 180958 Killed                  nohup python scripts/run_hyperparameter_tuning.py --config "$cfg" --arm d --threshold "$pos" --neg_threshold "$neg" --n_trials "$n_trials" --max_users "$MAX_USERS" --overwrite > "$wlog" 2>&1
./run_hpt_parallel.sh: line 111: 180959 Killed                  nohup python scripts/run_hyperparameter_tuning.py --config "$cfg" --arm d --threshold "$pos" --neg_threshold "$neg" --n_trials "$n_trials" --max_users "$MAX_USERS" --overwrite > "$wlog" 2>&1
./run_hpt_parallel.sh: line 111: 180965 Killed                  nohup python scripts/run_hyperparameter_tuning.py --config "$cfg" --arm d --threshold "$pos" --neg_threshold "$neg" --n_trials "$n_trials" --max_users "$MAX_USERS" --overwrite > "$wlog" 2>&1
./run_hpt_parallel.sh: line 111: 180971 Killed                  nohup python scripts/run_hyperparameter_tuning.py --config "$cfg" --arm d --threshold "$pos" --neg_threshold "$neg" --n_trials "$n_trials" --max_users "$MAX_USERS" --overwrite > "$wlog" 2>&1
./run_hpt_parallel.sh: line 111: 180972 Killed                  nohup python scripts/run_hyperparameter_tuning.py --config "$cfg" --arm d --threshold "$pos" --neg_threshold "$neg" --n_trials "$n_trials" --max_users "$MAX_USERS" --overwrite > "$wlog" 2>&1
./run_hpt_parallel.sh: line 111: 180977 Killed                  nohup python scripts/run_hyperparameter_tuning.py --config "$cfg" --arm d --threshold "$pos" --neg_threshold "$neg" --n_trials "$n_trials" --max_users "$MAX_USERS" --overwrite > "$wlog" 2>&1
./run_hpt_parallel.sh: line 111: 180981 Killed                  nohup python scripts/run_hyperparameter_tuning.py --config "$cfg" --arm d --threshold "$pos" --neg_threshold "$neg" --n_trials "$n_trials" --max_users "$MAX_USERS" --overwrite > "$wlog" 2>&1
./run_hpt_parallel.sh: line 111: 180989 Killed                  nohup python scripts/run_hyperparameter_tuning.py --config "$cfg" --arm d --threshold "$pos" --neg_threshold "$neg" --n_trials "$n_trials" --max_users "$MAX_USERS" --overwrite > "$wlog" 2>&1
./run_hpt_parallel.sh: line 111: 180990 Killed                  nohup python scripts/run_hyperparameter_tuning.py --config "$cfg" --arm d --threshold "$pos" --neg_threshold "$neg" --n_trials "$n_trials" --max_users "$MAX_USERS" --overwrite > "$wlog" 2>&1
./run_hpt_parallel.sh: line 111: 180991 Killed                  nohup python scripts/run_hyperparameter_tuning.py --config "$cfg" --arm d --threshold "$pos" --neg_threshold "$neg" --n_trials "$n_trials" --max_users "$MAX_USERS" --overwrite > "$wlog" 2>&1
./run_hpt_parallel.sh: line 111: 180997 Killed                  nohup python scripts/run_hyperparameter_tuning.py --config "$cfg" --arm d --threshold "$pos" --neg_threshold "$neg" --n_trials "$n_trials" --max_users "$MAX_USERS" --overwrite > "$wlog" 2>&1
./run_hpt_parallel.sh: line 111: 181001 Killed                  nohup python scripts/run_hyperparameter_tuning.py --config "$cfg" --arm d --threshold "$pos" --neg_threshold "$neg" --n_trials "$n_trials" --max_users "$MAX_USERS" --overwrite > "$wlog" 2>&1
./run_hpt_parallel.sh: line 111: 181002 Killed                  nohup python scripts/run_hyperparameter_tuning.py --config "$cfg" --arm d --threshold "$pos" --neg_threshold "$neg" --n_trials "$n_trials" --max_users "$MAX_USERS" --overwrite > "$wlog" 2>&1
./run_hpt_parallel.sh: line 111: 181011 Killed                  nohup python scripts/run_hyperparameter_tuning.py --config "$cfg" --arm d --threshold "$pos" --neg_threshold "$neg" --n_trials "$n_trials" --max_users "$MAX_USERS" --overwrite > "$wlog" 2>&1
./run_hpt_parallel.sh: line 111: 181014 Killed                  nohup python scripts/run_hyperparameter_tuning.py --config "$cfg" --arm d --threshold "$pos" --neg_threshold "$neg" --n_trials "$n_trials" --max_users "$MAX_USERS" --overwrite > "$wlog" 2>&1
./run_hpt_parallel.sh: line 111: 181022 Killed                  nohup python scripts/run_hyperparameter_tuning.py --config "$cfg" --arm d --threshold "$pos" --neg_threshold "$neg" --n_trials "$n_trials" --max_users "$MAX_USERS" --overwrite > "$wlog" 2>&1
./run_hpt_parallel.sh: line 111: 181030 Killed                  nohup python scripts/run_hyperparameter_tuning.py --config "$cfg" --arm d --threshold "$pos" --neg_threshold "$neg" --n_trials "$n_trials" --max_users "$MAX_USERS" --overwrite > "$wlog" 2>&1
./run_hpt_parallel.sh: line 111: 181031 Killed                  nohup python scripts/run_hyperparameter_tuning.py --config "$cfg" --arm d --threshold "$pos" --neg_threshold "$neg" --n_trials "$n_trials" --max_users "$MAX_USERS" --overwrite > "$wlog" 2>&1
./run_hpt_parallel.sh: line 111: 180829 Killed                  nohup python scripts/run_hyperparameter_tuning.py --config "$cfg" --arm d --threshold "$pos" --neg_threshold "$neg" --n_trials "$n_trials" --max_users "$MAX_USERS" --overwrite > "$wlog" 2>&1
./run_hpt_parallel.sh: line 111: 180832 Killed                  nohup python scripts/run_hyperparameter_tuning.py --config "$cfg" --arm d --threshold "$pos" --neg_threshold "$neg" --n_trials "$n_trials" --max_users "$MAX_USERS" --overwrite > "$wlog" 2>&1
./run_hpt_parallel.sh: line 111: 180836 Killed                  nohup python scripts/run_hyperparameter_tuning.py --config "$cfg" --arm d --threshold "$pos" --neg_threshold "$neg" --n_trials "$n_trials" --max_users "$MAX_USERS" --overwrite > "$wlog" 2>&1
./run_hpt_parallel.sh: line 111: 180856 Killed                  nohup python scripts/run_hyperparameter_tuning.py --config "$cfg" --arm d --threshold "$pos" --neg_threshold "$neg" --n_trials "$n_trials" --max_users "$MAX_USERS" --overwrite > "$wlog" 2>&1
./run_hpt_parallel.sh: line 111: 180886 Killed                  nohup python scripts/run_hyperparameter_tuning.py --config "$cfg" --arm d --threshold "$pos" --neg_threshold "$neg" --n_trials "$n_trials" --max_users "$MAX_USERS" --overwrite > "$wlog" 2>&1
./run_hpt_parallel.sh: line 111: 180902 Killed                  nohup python scripts/run_hyperparameter_tuning.py --config "$cfg" --arm d --threshold "$pos" --neg_threshold "$neg" --n_trials "$n_trials" --max_users "$MAX_USERS" --overwrite > "$wlog" 2>&1
./run_hpt_parallel.sh: line 111: 180904 Killed                  nohup python scripts/run_hyperparameter_tuning.py --config "$cfg" --arm d --threshold "$pos" --neg_threshold "$neg" --n_trials "$n_trials" --max_users "$MAX_USERS" --overwrite > "$wlog" 2>&1
./run_hpt_parallel.sh: line 111: 180931 Killed                  nohup python scripts/run_hyperparameter_tuning.py --config "$cfg" --arm d --threshold "$pos" --neg_threshold "$neg" --n_trials "$n_trials" --max_users "$MAX_USERS" --overwrite > "$wlog" 2>&1
./run_hpt_parallel.sh: line 111: 180938 Killed                  nohup python scripts/run_hyperparameter_tuning.py --config "$cfg" --arm d --threshold "$pos" --neg_threshold "$neg" --n_trials "$n_trials" --max_users "$MAX_USERS" --overwrite > "$wlog" 2>&1
./run_hpt_parallel.sh: line 111: 180943 Killed                  nohup python scripts/run_hyperparameter_tuning.py --config "$cfg" --arm d --threshold "$pos" --neg_threshold "$neg" --n_trials "$n_trials" --max_users "$MAX_USERS" --overwrite > "$wlog" 2>&1
./run_hpt_parallel.sh: line 111: 180951 Killed                  nohup python scripts/run_hyperparameter_tuning.py --config "$cfg" --arm d --threshold "$pos" --neg_threshold "$neg" --n_trials "$n_trials" --max_users "$MAX_USERS" --overwrite > "$wlog" 2>&1
./run_hpt_parallel.sh: line 111: 180992 Killed                  nohup python scripts/run_hyperparameter_tuning.py --config "$cfg" --arm d --threshold "$pos" --neg_threshold "$neg" --n_trials "$n_trials" --max_users "$MAX_USERS" --overwrite > "$wlog" 2>&1
./run_hpt_parallel.sh: line 111: 180998 Killed                  nohup python scripts/run_hyperparameter_tuning.py --config "$cfg" --arm d --threshold "$pos" --neg_threshold "$neg" --n_trials "$n_trials" --max_users "$MAX_USERS" --overwrite > "$wlog" 2>&1
./run_hpt_parallel.sh: line 111: 180999 Killed                  nohup python scripts/run_hyperparameter_tuning.py --config "$cfg" --arm d --threshold "$pos" --neg_threshold "$neg" --n_trials "$n_trials" --max_users "$MAX_USERS" --overwrite > "$wlog" 2>&1
./run_hpt_parallel.sh: line 111: 181013 Killed                  nohup python scripts/run_hyperparameter_tuning.py --config "$cfg" --arm d --threshold "$pos" --neg_threshold "$neg" --n_trials "$n_trials" --max_users "$MAX_USERS" --overwrite > "$wlog" 2>&1
./run_hpt_parallel.sh: line 111: 181015 Killed                  nohup python scripts/run_hyperparameter_tuning.py --config "$cfg" --arm d --threshold "$pos" --neg_threshold "$neg" --n_trials "$n_trials" --max_users "$MAX_USERS" --overwrite > "$wlog" 2>&1
./run_hpt_parallel.sh: line 111: 181021 Killed                  nohup python scripts/run_hyperparameter_tuning.py --config "$cfg" --arm d --threshold "$pos" --neg_threshold "$neg" --n_trials "$n_trials" --max_users "$MAX_USERS" --overwrite > "$wlog" 2>&1
./run_hpt_parallel.sh: line 111: 180834 Killed                  nohup python scripts/run_hyperparameter_tuning.py --config "$cfg" --arm d --threshold "$pos" --neg_threshold "$neg" --n_trials "$n_trials" --max_users "$MAX_USERS" --overwrite > "$wlog" 2>&1
./run_hpt_parallel.sh: line 111: 180843 Killed                  nohup python scripts/run_hyperparameter_tuning.py --config "$cfg" --arm d --threshold "$pos" --neg_threshold "$neg" --n_trials "$n_trials" --max_users "$MAX_USERS" --overwrite > "$wlog" 2>&1
./run_hpt_parallel.sh: line 111: 180846 Killed                  nohup python scripts/run_hyperparameter_tuning.py --config "$cfg" --arm d --threshold "$pos" --neg_threshold "$neg" --n_trials "$n_trials" --max_users "$MAX_USERS" --overwrite > "$wlog" 2>&1
./run_hpt_parallel.sh: line 111: 180850 Killed                  nohup python scripts/run_hyperparameter_tuning.py --config "$cfg" --arm d --threshold "$pos" --neg_threshold "$neg" --n_trials "$n_trials" --max_users "$MAX_USERS" --overwrite > "$wlog" 2>&1
./run_hpt_parallel.sh: line 111: 180857 Killed                  nohup python scripts/run_hyperparameter_tuning.py --config "$cfg" --arm d --threshold "$pos" --neg_threshold "$neg" --n_trials "$n_trials" --max_users "$MAX_USERS" --overwrite > "$wlog" 2>&1
./run_hpt_parallel.sh: line 111: 180858 Killed                  nohup python scripts/run_hyperparameter_tuning.py --config "$cfg" --arm d --threshold "$pos" --neg_threshold "$neg" --n_trials "$n_trials" --max_users "$MAX_USERS" --overwrite > "$wlog" 2>&1
./run_hpt_parallel.sh: line 111: 180864 Killed                  nohup python scripts/run_hyperparameter_tuning.py --config "$cfg" --arm d --threshold "$pos" --neg_threshold "$neg" --n_trials "$n_trials" --max_users "$MAX_USERS" --overwrite > "$wlog" 2>&1
./run_hpt_parallel.sh: line 111: 180865 Killed                  nohup python scripts/run_hyperparameter_tuning.py --config "$cfg" --arm d --threshold "$pos" --neg_threshold "$neg" --n_trials "$n_trials" --max_users "$MAX_USERS" --overwrite > "$wlog" 2>&1
./run_hpt_parallel.sh: line 111: 180868 Killed                  nohup python scripts/run_hyperparameter_tuning.py --config "$cfg" --arm d --threshold "$pos" --neg_threshold "$neg" --n_trials "$n_trials" --max_users "$MAX_USERS" --overwrite > "$wlog" 2>&1
./run_hpt_parallel.sh: line 111: 180876 Killed                  nohup python scripts/run_hyperparameter_tuning.py --config "$cfg" --arm d --threshold "$pos" --neg_threshold "$neg" --n_trials "$n_trials" --max_users "$MAX_USERS" --overwrite > "$wlog" 2>&1
./run_hpt_parallel.sh: line 111: 180879 Killed                  nohup python scripts/run_hyperparameter_tuning.py --config "$cfg" --arm d --threshold "$pos" --neg_threshold "$neg" --n_trials "$n_trials" --max_users "$MAX_USERS" --overwrite > "$wlog" 2>&1
./run_hpt_parallel.sh: line 111: 180882 Killed                  nohup python scripts/run_hyperparameter_tuning.py --config "$cfg" --arm d --threshold "$pos" --neg_threshold "$neg" --n_trials "$n_trials" --max_users "$MAX_USERS" --overwrite > "$wlog" 2>&1
./run_hpt_parallel.sh: line 111: 180891 Killed                  nohup python scripts/run_hyperparameter_tuning.py --config "$cfg" --arm d --threshold "$pos" --neg_threshold "$neg" --n_trials "$n_trials" --max_users "$MAX_USERS" --overwrite > "$wlog" 2>&1
./run_hpt_parallel.sh: line 111: 180895 Killed                  nohup python scripts/run_hyperparameter_tuning.py --config "$cfg" --arm d --threshold "$pos" --neg_threshold "$neg" --n_trials "$n_trials" --max_users "$MAX_USERS" --overwrite > "$wlog" 2>&1
./run_hpt_parallel.sh: line 111: 180896 Killed                  nohup python scripts/run_hyperparameter_tuning.py --config "$cfg" --arm d --threshold "$pos" --neg_threshold "$neg" --n_trials "$n_trials" --max_users "$MAX_USERS" --overwrite > "$wlog" 2>&1
./run_hpt_parallel.sh: line 111: 180903 Killed                  nohup python scripts/run_hyperparameter_tuning.py --config "$cfg" --arm d --threshold "$pos" --neg_threshold "$neg" --n_trials "$n_trials" --max_users "$MAX_USERS" --overwrite > "$wlog" 2>&1
./run_hpt_parallel.sh: line 111: 180907 Killed                  nohup python scripts/run_hyperparameter_tuning.py --config "$cfg" --arm d --threshold "$pos" --neg_threshold "$neg" --n_trials "$n_trials" --max_users "$MAX_USERS" --overwrite > "$wlog" 2>&1
./run_hpt_parallel.sh: line 111: 180908 Killed                  nohup python scripts/run_hyperparameter_tuning.py --config "$cfg" --arm d --threshold "$pos" --neg_threshold "$neg" --n_trials "$n_trials" --max_users "$MAX_USERS" --overwrite > "$wlog" 2>&1
./run_hpt_parallel.sh: line 111: 180909 Killed                  nohup python scripts/run_hyperparameter_tuning.py --config "$cfg" --arm d --threshold "$pos" --neg_threshold "$neg" --n_trials "$n_trials" --max_users "$MAX_USERS" --overwrite > "$wlog" 2>&1
./run_hpt_parallel.sh: line 111: 180913 Killed                  nohup python scripts/run_hyperparameter_tuning.py --config "$cfg" --arm d --threshold "$pos" --neg_threshold "$neg" --n_trials "$n_trials" --max_users "$MAX_USERS" --overwrite > "$wlog" 2>&1
./run_hpt_parallel.sh: line 111: 180916 Killed                  nohup python scripts/run_hyperparameter_tuning.py --config "$cfg" --arm d --threshold "$pos" --neg_threshold "$neg" --n_trials "$n_trials" --max_users "$MAX_USERS" --overwrite > "$wlog" 2>&1
./run_hpt_parallel.sh: line 111: 180920 Killed                  nohup python scripts/run_hyperparameter_tuning.py --config "$cfg" --arm d --threshold "$pos" --neg_threshold "$neg" --n_trials "$n_trials" --max_users "$MAX_USERS" --overwrite > "$wlog" 2>&1
./run_hpt_parallel.sh: line 111: 180926 Killed                  nohup python scripts/run_hyperparameter_tuning.py --config "$cfg" --arm d --threshold "$pos" --neg_threshold "$neg" --n_trials "$n_trials" --max_users "$MAX_USERS" --overwrite > "$wlog" 2>&1
./run_hpt_parallel.sh: line 111: 180928 Killed                  nohup python scripts/run_hyperparameter_tuning.py --config "$cfg" --arm d --threshold "$pos" --neg_threshold "$neg" --n_trials "$n_trials" --max_users "$MAX_USERS" --overwrite > "$wlog" 2>&1
./run_hpt_parallel.sh: line 111: 180929 Killed                  nohup python scripts/run_hyperparameter_tuning.py --config "$cfg" --arm d --threshold "$pos" --neg_threshold "$neg" --n_trials "$n_trials" --max_users "$MAX_USERS" --overwrite > "$wlog" 2>&1
./run_hpt_parallel.sh: line 111: 180941 Killed                  nohup python scripts/run_hyperparameter_tuning.py --config "$cfg" --arm d --threshold "$pos" --neg_threshold "$neg" --n_trials "$n_trials" --max_users "$MAX_USERS" --overwrite > "$wlog" 2>&1
./run_hpt_parallel.sh: line 111: 180944 Killed                  nohup python scripts/run_hyperparameter_tuning.py --config "$cfg" --arm d --threshold "$pos" --neg_threshold "$neg" --n_trials "$n_trials" --max_users "$MAX_USERS" --overwrite > "$wlog" 2>&1
./run_hpt_parallel.sh: line 111: 180947 Killed                  nohup python scripts/run_hyperparameter_tuning.py --config "$cfg" --arm d --threshold "$pos" --neg_threshold "$neg" --n_trials "$n_trials" --max_users "$MAX_USERS" --overwrite > "$wlog" 2>&1
./run_hpt_parallel.sh: line 111: 180953 Killed                  nohup python scripts/run_hyperparameter_tuning.py --config "$cfg" --arm d --threshold "$pos" --neg_threshold "$neg" --n_trials "$n_trials" --max_users "$MAX_USERS" --overwrite > "$wlog" 2>&1
./run_hpt_parallel.sh: line 111: 180954 Killed                  nohup python scripts/run_hyperparameter_tuning.py --config "$cfg" --arm d --threshold "$pos" --neg_threshold "$neg" --n_trials "$n_trials" --max_users "$MAX_USERS" --overwrite > "$wlog" 2>&1
./run_hpt_parallel.sh: line 111: 180961 Killed                  nohup python scripts/run_hyperparameter_tuning.py --config "$cfg" --arm d --threshold "$pos" --neg_threshold "$neg" --n_trials "$n_trials" --max_users "$MAX_USERS" --overwrite > "$wlog" 2>&1
./run_hpt_parallel.sh: line 111: 180968 Killed                  nohup python scripts/run_hyperparameter_tuning.py --config "$cfg" --arm d --threshold "$pos" --neg_threshold "$neg" --n_trials "$n_trials" --max_users "$MAX_USERS" --overwrite > "$wlog" 2>&1
./run_hpt_parallel.sh: line 111: 180969 Killed                  nohup python scripts/run_hyperparameter_tuning.py --config "$cfg" --arm d --threshold "$pos" --neg_threshold "$neg" --n_trials "$n_trials" --max_users "$MAX_USERS" --overwrite > "$wlog" 2>&1
./run_hpt_parallel.sh: line 111: 180973 Killed                  nohup python scripts/run_hyperparameter_tuning.py --config "$cfg" --arm d --threshold "$pos" --neg_threshold "$neg" --n_trials "$n_trials" --max_users "$MAX_USERS" --overwrite > "$wlog" 2>&1
./run_hpt_parallel.sh: line 111: 180975 Killed                  nohup python scripts/run_hyperparameter_tuning.py --config "$cfg" --arm d --threshold "$pos" --neg_threshold "$neg" --n_trials "$n_trials" --max_users "$MAX_USERS" --overwrite > "$wlog" 2>&1
./run_hpt_parallel.sh: line 111: 180978 Killed                  nohup python scripts/run_hyperparameter_tuning.py --config "$cfg" --arm d --threshold "$pos" --neg_threshold "$neg" --n_trials "$n_trials" --max_users "$MAX_USERS" --overwrite > "$wlog" 2>&1
./run_hpt_parallel.sh: line 111: 180979 Killed                  nohup python scripts/run_hyperparameter_tuning.py --config "$cfg" --arm d --threshold "$pos" --neg_threshold "$neg" --n_trials "$n_trials" --max_users "$MAX_USERS" --overwrite > "$wlog" 2>&1
./run_hpt_parallel.sh: line 111: 180980 Killed                  nohup python scripts/run_hyperparameter_tuning.py --config "$cfg" --arm d --threshold "$pos" --neg_threshold "$neg" --n_trials "$n_trials" --max_users "$MAX_USERS" --overwrite > "$wlog" 2>&1
./run_hpt_parallel.sh: line 111: 180982 Killed                  nohup python scripts/run_hyperparameter_tuning.py --config "$cfg" --arm d --threshold "$pos" --neg_threshold "$neg" --n_trials "$n_trials" --max_users "$MAX_USERS" --overwrite > "$wlog" 2>&1
./run_hpt_parallel.sh: line 111: 180986 Killed                  nohup python scripts/run_hyperparameter_tuning.py --config "$cfg" --arm d --threshold "$pos" --neg_threshold "$neg" --n_trials "$n_trials" --max_users "$MAX_USERS" --overwrite > "$wlog" 2>&1
./run_hpt_parallel.sh: line 111: 181000 Killed                  nohup python scripts/run_hyperparameter_tuning.py --config "$cfg" --arm d --threshold "$pos" --neg_threshold "$neg" --n_trials "$n_trials" --max_users "$MAX_USERS" --overwrite > "$wlog" 2>&1
./run_hpt_parallel.sh: line 111: 181004 Killed                  nohup python scripts/run_hyperparameter_tuning.py --config "$cfg" --arm d --threshold "$pos" --neg_threshold "$neg" --n_trials "$n_trials" --max_users "$MAX_USERS" --overwrite > "$wlog" 2>&1
./run_hpt_parallel.sh: line 111: 181006 Killed                  nohup python scripts/run_hyperparameter_tuning.py --config "$cfg" --arm d --threshold "$pos" --neg_threshold "$neg" --n_trials "$n_trials" --max_users "$MAX_USERS" --overwrite > "$wlog" 2>&1
./run_hpt_parallel.sh: line 111: 181012 Killed                  nohup python scripts/run_hyperparameter_tuning.py --config "$cfg" --arm d --threshold "$pos" --neg_threshold "$neg" --n_trials "$n_trials" --max_users "$MAX_USERS" --overwrite > "$wlog" 2>&1
./run_hpt_parallel.sh: line 111: 181023 Killed                  nohup python scripts/run_hyperparameter_tuning.py --config "$cfg" --arm d --threshold "$pos" --neg_threshold "$neg" --n_trials "$n_trials" --max_users "$MAX_USERS" --overwrite > "$wlog" 2>&1
./run_hpt_parallel.sh: line 111: 181025 Killed                  nohup python scripts/run_hyperparameter_tuning.py --config "$cfg" --arm d --threshold "$pos" --neg_threshold "$neg" --n_trials "$n_trials" --max_users "$MAX_USERS" --overwrite > "$wlog" 2>&1
./run_hpt_parallel.sh: line 111: 181035 Killed                  nohup python scripts/run_hyperparameter_tuning.py --config "$cfg" --arm d --threshold "$pos" --neg_threshold "$neg" --n_trials "$n_trials" --max_users "$MAX_USERS" --overwrite > "$wlog" 2>&1
./run_hpt_parallel.sh: line 111: 181039 Killed                  nohup python scripts/run_hyperparameter_tuning.py --config "$cfg" --arm d --threshold "$pos" --neg_threshold "$neg" --n_trials "$n_trials" --max_users "$MAX_USERS" --overwrite > "$wlog" 2>&1
./run_hpt_parallel.sh: line 111: 180840 Killed                  nohup python scripts/run_hyperparameter_tuning.py --config "$cfg" --arm d --threshold "$pos" --neg_threshold "$neg" --n_trials "$n_trials" --max_users "$MAX_USERS" --overwrite > "$wlog" 2>&1
./run_hpt_parallel.sh: line 111: 180935 Killed                  nohup python scripts/run_hyperparameter_tuning.py --config "$cfg" --arm d --threshold "$pos" --neg_threshold "$neg" --n_trials "$n_trials" --max_users "$MAX_USERS" --overwrite > "$wlog" 2>&1
./run_hpt_parallel.sh: line 111: 180841 Killed                  nohup python scripts/run_hyperparameter_tuning.py --config "$cfg" --arm d --threshold "$pos" --neg_threshold "$neg" --n_trials "$n_trials" --max_users "$MAX_USERS" --overwrite > "$wlog" 2>&1
./run_hpt_parallel.sh: line 111: 180957 Killed                  nohup python scripts/run_hyperparameter_tuning.py --config "$cfg" --arm d --threshold "$pos" --neg_threshold "$neg" --n_trials "$n_trials" --max_users "$MAX_USERS" --overwrite > "$wlog" 2>&1
./run_hpt_parallel.sh: line 111: 180887 Killed                  nohup python scripts/run_hyperparameter_tuning.py --config "$cfg" --arm d --threshold "$pos" --neg_threshold "$neg" --n_trials "$n_trials" --max_users "$MAX_USERS" --overwrite > "$wlog" 2>&1
./run_hpt_parallel.sh: line 111: 180906 Killed                  nohup python scripts/run_hyperparameter_tuning.py --config "$cfg" --arm d --threshold "$pos" --neg_threshold "$neg" --n_trials "$n_trials" --max_users "$MAX_USERS" --overwrite > "$wlog" 2>&1
./run_hpt_parallel.sh: line 111: 180922 Killed                  nohup python scripts/run_hyperparameter_tuning.py --config "$cfg" --arm d --threshold "$pos" --neg_threshold "$neg" --n_trials "$n_trials" --max_users "$MAX_USERS" --overwrite > "$wlog" 2>&1
./run_hpt_parallel.sh: line 111: 180949 Killed                  nohup python scripts/run_hyperparameter_tuning.py --config "$cfg" --arm d --threshold "$pos" --neg_threshold "$neg" --n_trials "$n_trials" --max_users "$MAX_USERS" --overwrite > "$wlog" 2>&1
./run_hpt_parallel.sh: line 111: 180993 Killed                  nohup python scripts/run_hyperparameter_tuning.py --config "$cfg" --arm d --threshold "$pos" --neg_threshold "$neg" --n_trials "$n_trials" --max_users "$MAX_USERS" --overwrite > "$wlog" 2>&1
./run_hpt_parallel.sh: line 111: 181005 Killed                  nohup python scripts/run_hyperparameter_tuning.py --config "$cfg" --arm d --threshold "$pos" --neg_threshold "$neg" --n_trials "$n_trials" --max_users "$MAX_USERS" --overwrite > "$wlog" 2>&1
./run_hpt_parallel.sh: line 111: 181019 Killed                  nohup python scripts/run_hyperparameter_tuning.py --config "$cfg" --arm d --threshold "$pos" --neg_threshold "$neg" --n_trials "$n_trials" --max_users "$MAX_USERS" --overwrite > "$wlog" 2>&1
./run_hpt_parallel.sh: line 111: 181034 Killed                  nohup python scripts/run_hyperparameter_tuning.py --config "$cfg" --arm d --threshold "$pos" --neg_threshold "$neg" --n_trials "$n_trials" --max_users "$MAX_USERS" --overwrite > "$wlog" 2>&1
./run_hpt_parallel.sh: line 111: 180962 Killed                  nohup python scripts/run_hyperparameter_tuning.py --config "$cfg" --arm d --threshold "$pos" --neg_threshold "$neg" --n_trials "$n_trials" --max_users "$MAX_USERS" --overwrite > "$wlog" 2>&1
  WARNING: one or more workers exited non-zero — check logs
  Results:
    w1: 
    w2: 
    w3: 
    w4: 
    w5: 
    w6: 
    w7: 
    w8: 
    w9: 
    w10: 
    w11: 
    w12: 
    w13: 
    w14: 
    w15: 
    w16: 
    w17: 
    w18: 
    w19: 
    w20: 
    w21: 
    w22: 
    w23: 
    w24: 
    w25: 
    w26: 
    w27: 
    w28: 
    w29: 
    w30: 
    w31: 
    w32: 
    w33: 
    w34: 
    w35: 
    w36: 
    w37: 
    w38: 
    w39: 
    w40: 
    w41: 
    w42: 
    w43: 
    w44: 
    w45: 
    w46: 
    w47: 
    w48: 
    w49: 
    w50: 
    w51: 
    w52: 
    w53: 
    w54: 
    w55: 
    w56: 
    w57: 
    w58: 
    w59: 
    w60: 
    w61: 
    w62: 
    w63: 
    w64: 
    w65: 
    w66: 
    w67: 
    w68: 
    w69: 
    w70: 
    w71: 
    w72: 
    w73: 
    w74: 
    w75: 
    w76: 
    w77: 
    w78: 
    w79: 
    w80: 
    w81: 
    w82: 
    w83: 
    w84: 
    w85: 
    w86: 
    w87: 
    w88: 
    w89: 
    w90: 
    w91: 
    w92: 
    w93: 
    w94: 
    w95: 
    w96: 
    w97: 
    w98: 
    w99: 
    w100: 
    w101: 
    w102: 
    w103: 
    w104: 
    w105: 
    w106: 
    w107: 
    w108: 
    w109: 
    w110: 
    w111: 
    w112: 
    w113: 
    w114: 
    w115: 
    w116: 
    w117: 
    w118: 
    w119: 
    w120: 
    w121: 
    w122: 
    w123: 
    w124: 
    w125: 
    w126: 
    w127: 
    w128: 
    w129: 
    w130: 
    w131: 
    w132: 
    w133: 
    w134: 
    w135: 
    w136: 
    w137: 
    w138: 
    w139: 
    w140: 
    w141: 
    w142: 
    w143: 
    w144: 
    w145: 
    w146: 
    w147: 
    w148: 
    w149: 
    w150: 
    w151: 
    w152: 
    w153: 
    w154: 
    w155: 
    w156: 
    w157: 
    w158: 
    w159: 
    w160: 
    w161: 
    w162: 
    w163: 
    w164: 
    w165: 
    w166: 
    w167: 
    w168: 
    w169: 
    w170: 
    w171: 
    w172: 
    w173: 
    w174: 
    w175: 
    w176: 
    w177: 
    w178: 
    w179: 
    w180: 
    w181: 
    w182: 
    w183: 
    w184: 
    w185: 
    w186: 
    w187: 
    w188: 
    w189: 
    w190: 
    w191: 
    w192: 
    w193: 
    w194: 
    w195: 
    w196: 
    w197: 
    w198: 
    w199: 
    w200: 

══════════════════════════════════════════════════════════════
  Launching 200 workers: movielens_10m / p4_n2
  Config: configs/movielens_10m.yaml  |  pos≥4 neg≤2
  Total target trials: 150  |  MAX_USERS: 5000
  Workers share: outputs/movielens/10m/tuning/arm_d/pos_ge_4_neg_le_2/study.db
══════════════════════════════════════════════════════════════
  [w1] PID 182673  →  logs/hpt_parallel_20260529_225527_movielens_10m_p4_n2_w1.log
  [w2] PID 182674  →  logs/hpt_parallel_20260529_225527_movielens_10m_p4_n2_w2.log
  [w3] PID 182675  →  logs/hpt_parallel_20260529_225527_movielens_10m_p4_n2_w3.log
  [w4] PID 182676  →  logs/hpt_parallel_20260529_225527_movielens_10m_p4_n2_w4.log
  [w5] PID 182677  →  logs/hpt_parallel_20260529_225527_movielens_10m_p4_n2_w5.log
  [w6] PID 182678  →  logs/hpt_parallel_20260529_225527_movielens_10m_p4_n2_w6.log
  [w7] PID 182679  →  logs/hpt_parallel_20260529_225527_movielens_10m_p4_n2_w7.log
  [w8] PID 182680  →  logs/hpt_parallel_20260529_225527_movielens_10m_p4_n2_w8.log
  [w9] PID 182681  →  logs/hpt_parallel_20260529_225527_movielens_10m_p4_n2_w9.log
  [w10] PID 182682  →  logs/hpt_parallel_20260529_225527_movielens_10m_p4_n2_w10.log
  [w11] PID 182683  →  logs/hpt_parallel_20260529_225527_movielens_10m_p4_n2_w11.log
  [w12] PID 182684  →  logs/hpt_parallel_20260529_225527_movielens_10m_p4_n2_w12.log
  [w13] PID 182685  →  logs/hpt_parallel_20260529_225527_movielens_10m_p4_n2_w13.log
  [w14] PID 182686  →  logs/hpt_parallel_20260529_225527_movielens_10m_p4_n2_w14.log
  [w15] PID 182687  →  logs/hpt_parallel_20260529_225527_movielens_10m_p4_n2_w15.log
  [w16] PID 182688  →  logs/hpt_parallel_20260529_225527_movielens_10m_p4_n2_w16.log
  [w17] PID 182689  →  logs/hpt_parallel_20260529_225527_movielens_10m_p4_n2_w17.log
  [w18] PID 182690  →  logs/hpt_parallel_20260529_225527_movielens_10m_p4_n2_w18.log
  [w19] PID 182691  →  logs/hpt_parallel_20260529_225527_movielens_10m_p4_n2_w19.log
  [w20] PID 182692  →  logs/hpt_parallel_20260529_225527_movielens_10m_p4_n2_w20.log
  [w21] PID 182693  →  logs/hpt_parallel_20260529_225527_movielens_10m_p4_n2_w21.log
  [w22] PID 182694  →  logs/hpt_parallel_20260529_225527_movielens_10m_p4_n2_w22.log
  [w23] PID 182695  →  logs/hpt_parallel_20260529_225527_movielens_10m_p4_n2_w23.log
  [w24] PID 182696  →  logs/hpt_parallel_20260529_225527_movielens_10m_p4_n2_w24.log
  [w25] PID 182697  →  logs/hpt_parallel_20260529_225527_movielens_10m_p4_n2_w25.log
  [w26] PID 182698  →  logs/hpt_parallel_20260529_225527_movielens_10m_p4_n2_w26.log
  [w27] PID 182699  →  logs/hpt_parallel_20260529_225527_movielens_10m_p4_n2_w27.log
  [w28] PID 182700  →  logs/hpt_parallel_20260529_225527_movielens_10m_p4_n2_w28.log
  [w29] PID 182701  →  logs/hpt_parallel_20260529_225527_movielens_10m_p4_n2_w29.log
  [w30] PID 182702  →  logs/hpt_parallel_20260529_225527_movielens_10m_p4_n2_w30.log
  [w31] PID 182703  →  logs/hpt_parallel_20260529_225527_movielens_10m_p4_n2_w31.log
  [w32] PID 182704  →  logs/hpt_parallel_20260529_225527_movielens_10m_p4_n2_w32.log
  [w33] PID 182705  →  logs/hpt_parallel_20260529_225527_movielens_10m_p4_n2_w33.log
  [w34] PID 182706  →  logs/hpt_parallel_20260529_225527_movielens_10m_p4_n2_w34.log
  [w35] PID 182707  →  logs/hpt_parallel_20260529_225527_movielens_10m_p4_n2_w35.log
  [w36] PID 182708  →  logs/hpt_parallel_20260529_225527_movielens_10m_p4_n2_w36.log
  [w37] PID 182709  →  logs/hpt_parallel_20260529_225527_movielens_10m_p4_n2_w37.log
  [w38] PID 182710  →  logs/hpt_parallel_20260529_225527_movielens_10m_p4_n2_w38.log
  [w39] PID 182711  →  logs/hpt_parallel_20260529_225527_movielens_10m_p4_n2_w39.log
  [w40] PID 182712  →  logs/hpt_parallel_20260529_225527_movielens_10m_p4_n2_w40.log
  [w41] PID 182713  →  logs/hpt_parallel_20260529_225527_movielens_10m_p4_n2_w41.log
  [w42] PID 182714  →  logs/hpt_parallel_20260529_225527_movielens_10m_p4_n2_w42.log
  [w43] PID 182715  →  logs/hpt_parallel_20260529_225527_movielens_10m_p4_n2_w43.log
  [w44] PID 182716  →  logs/hpt_parallel_20260529_225527_movielens_10m_p4_n2_w44.log
  [w45] PID 182717  →  logs/hpt_parallel_20260529_225527_movielens_10m_p4_n2_w45.log
  [w46] PID 182718  →  logs/hpt_parallel_20260529_225527_movielens_10m_p4_n2_w46.log
  [w47] PID 182719  →  logs/hpt_parallel_20260529_225527_movielens_10m_p4_n2_w47.log
  [w48] PID 182720  →  logs/hpt_parallel_20260529_225527_movielens_10m_p4_n2_w48.log
  [w49] PID 182721  →  logs/hpt_parallel_20260529_225527_movielens_10m_p4_n2_w49.log
  [w50] PID 182722  →  logs/hpt_parallel_20260529_225527_movielens_10m_p4_n2_w50.log
  [w51] PID 182723  →  logs/hpt_parallel_20260529_225527_movielens_10m_p4_n2_w51.log
  [w52] PID 182724  →  logs/hpt_parallel_20260529_225527_movielens_10m_p4_n2_w52.log
  [w53] PID 182725  →  logs/hpt_parallel_20260529_225527_movielens_10m_p4_n2_w53.log
  [w54] PID 182726  →  logs/hpt_parallel_20260529_225527_movielens_10m_p4_n2_w54.log
  [w55] PID 182727  →  logs/hpt_parallel_20260529_225527_movielens_10m_p4_n2_w55.log
  [w56] PID 182728  →  logs/hpt_parallel_20260529_225527_movielens_10m_p4_n2_w56.log
  [w57] PID 182729  →  logs/hpt_parallel_20260529_225527_movielens_10m_p4_n2_w57.log
  [w58] PID 182730  →  logs/hpt_parallel_20260529_225527_movielens_10m_p4_n2_w58.log
  [w59] PID 182731  →  logs/hpt_parallel_20260529_225527_movielens_10m_p4_n2_w59.log
  [w60] PID 182732  →  logs/hpt_parallel_20260529_225527_movielens_10m_p4_n2_w60.log
  [w61] PID 182733  →  logs/hpt_parallel_20260529_225527_movielens_10m_p4_n2_w61.log
  [w62] PID 182734  →  logs/hpt_parallel_20260529_225527_movielens_10m_p4_n2_w62.log
  [w63] PID 182735  →  logs/hpt_parallel_20260529_225527_movielens_10m_p4_n2_w63.log
  [w64] PID 182736  →  logs/hpt_parallel_20260529_225527_movielens_10m_p4_n2_w64.log
  [w65] PID 182737  →  logs/hpt_parallel_20260529_225527_movielens_10m_p4_n2_w65.log
  [w66] PID 182738  →  logs/hpt_parallel_20260529_225527_movielens_10m_p4_n2_w66.log
  [w67] PID 182739  →  logs/hpt_parallel_20260529_225527_movielens_10m_p4_n2_w67.log
  [w68] PID 182740  →  logs/hpt_parallel_20260529_225527_movielens_10m_p4_n2_w68.log
  [w69] PID 182741  →  logs/hpt_parallel_20260529_225527_movielens_10m_p4_n2_w69.log
  [w70] PID 182742  →  logs/hpt_parallel_20260529_225527_movielens_10m_p4_n2_w70.log
  [w71] PID 182743  →  logs/hpt_parallel_20260529_225527_movielens_10m_p4_n2_w71.log
  [w72] PID 182744  →  logs/hpt_parallel_20260529_225527_movielens_10m_p4_n2_w72.log
  [w73] PID 182745  →  logs/hpt_parallel_20260529_225527_movielens_10m_p4_n2_w73.log
  [w74] PID 182746  →  logs/hpt_parallel_20260529_225527_movielens_10m_p4_n2_w74.log
  [w75] PID 182747  →  logs/hpt_parallel_20260529_225527_movielens_10m_p4_n2_w75.log
  [w76] PID 182748  →  logs/hpt_parallel_20260529_225527_movielens_10m_p4_n2_w76.log
  [w77] PID 182749  →  logs/hpt_parallel_20260529_225527_movielens_10m_p4_n2_w77.log
  [w78] PID 182750  →  logs/hpt_parallel_20260529_225527_movielens_10m_p4_n2_w78.log
  [w79] PID 182751  →  logs/hpt_parallel_20260529_225527_movielens_10m_p4_n2_w79.log
  [w80] PID 182752  →  logs/hpt_parallel_20260529_225527_movielens_10m_p4_n2_w80.log
  [w81] PID 182753  →  logs/hpt_parallel_20260529_225527_movielens_10m_p4_n2_w81.log
  [w82] PID 182754  →  logs/hpt_parallel_20260529_225527_movielens_10m_p4_n2_w82.log
  [w83] PID 182755  →  logs/hpt_parallel_20260529_225527_movielens_10m_p4_n2_w83.log
  [w84] PID 182756  →  logs/hpt_parallel_20260529_225527_movielens_10m_p4_n2_w84.log
  [w85] PID 182757  →  logs/hpt_parallel_20260529_225527_movielens_10m_p4_n2_w85.log
  [w86] PID 182758  →  logs/hpt_parallel_20260529_225527_movielens_10m_p4_n2_w86.log
  [w87] PID 182759  →  logs/hpt_parallel_20260529_225527_movielens_10m_p4_n2_w87.log
  [w88] PID 182760  →  logs/hpt_parallel_20260529_225527_movielens_10m_p4_n2_w88.log
  [w89] PID 182761  →  logs/hpt_parallel_20260529_225527_movielens_10m_p4_n2_w89.log
  [w90] PID 182762  →  logs/hpt_parallel_20260529_225527_movielens_10m_p4_n2_w90.log
  [w91] PID 182763  →  logs/hpt_parallel_20260529_225527_movielens_10m_p4_n2_w91.log
  [w92] PID 182764  →  logs/hpt_parallel_20260529_225527_movielens_10m_p4_n2_w92.log
  [w93] PID 182765  →  logs/hpt_parallel_20260529_225527_movielens_10m_p4_n2_w93.log
  [w94] PID 182766  →  logs/hpt_parallel_20260529_225527_movielens_10m_p4_n2_w94.log
  [w95] PID 182767  →  logs/hpt_parallel_20260529_225527_movielens_10m_p4_n2_w95.log
  [w96] PID 182768  →  logs/hpt_parallel_20260529_225527_movielens_10m_p4_n2_w96.log
  [w97] PID 182769  →  logs/hpt_parallel_20260529_225527_movielens_10m_p4_n2_w97.log
  [w98] PID 182770  →  logs/hpt_parallel_20260529_225527_movielens_10m_p4_n2_w98.log
  [w99] PID 182771  →  logs/hpt_parallel_20260529_225527_movielens_10m_p4_n2_w99.log
  [w100] PID 182772  →  logs/hpt_parallel_20260529_225527_movielens_10m_p4_n2_w100.log
  [w101] PID 182773  →  logs/hpt_parallel_20260529_225527_movielens_10m_p4_n2_w101.log
  [w102] PID 182774  →  logs/hpt_parallel_20260529_225527_movielens_10m_p4_n2_w102.log
  [w103] PID 182775  →  logs/hpt_parallel_20260529_225527_movielens_10m_p4_n2_w103.log
  [w104] PID 182776  →  logs/hpt_parallel_20260529_225527_movielens_10m_p4_n2_w104.log
  [w105] PID 182777  →  logs/hpt_parallel_20260529_225527_movielens_10m_p4_n2_w105.log
  [w106] PID 182778  →  logs/hpt_parallel_20260529_225527_movielens_10m_p4_n2_w106.log
  [w107] PID 182779  →  logs/hpt_parallel_20260529_225527_movielens_10m_p4_n2_w107.log
  [w108] PID 182780  →  logs/hpt_parallel_20260529_225527_movielens_10m_p4_n2_w108.log
  [w109] PID 182781  →  logs/hpt_parallel_20260529_225527_movielens_10m_p4_n2_w109.log
  [w110] PID 182782  →  logs/hpt_parallel_20260529_225527_movielens_10m_p4_n2_w110.log
  [w111] PID 182783  →  logs/hpt_parallel_20260529_225527_movielens_10m_p4_n2_w111.log
  [w112] PID 182784  →  logs/hpt_parallel_20260529_225527_movielens_10m_p4_n2_w112.log
  [w113] PID 182785  →  logs/hpt_parallel_20260529_225527_movielens_10m_p4_n2_w113.log
  [w114] PID 182786  →  logs/hpt_parallel_20260529_225527_movielens_10m_p4_n2_w114.log
  [w115] PID 182787  →  logs/hpt_parallel_20260529_225527_movielens_10m_p4_n2_w115.log
  [w116] PID 182788  →  logs/hpt_parallel_20260529_225527_movielens_10m_p4_n2_w116.log
  [w117] PID 182789  →  logs/hpt_parallel_20260529_225527_movielens_10m_p4_n2_w117.log
  [w118] PID 182790  →  logs/hpt_parallel_20260529_225527_movielens_10m_p4_n2_w118.log
  [w119] PID 182791  →  logs/hpt_parallel_20260529_225527_movielens_10m_p4_n2_w119.log
  [w120] PID 182792  →  logs/hpt_parallel_20260529_225527_movielens_10m_p4_n2_w120.log
  [w121] PID 182793  →  logs/hpt_parallel_20260529_225527_movielens_10m_p4_n2_w121.log
  [w122] PID 182794  →  logs/hpt_parallel_20260529_225527_movielens_10m_p4_n2_w122.log
  [w123] PID 182795  →  logs/hpt_parallel_20260529_225527_movielens_10m_p4_n2_w123.log
  [w124] PID 182796  →  logs/hpt_parallel_20260529_225527_movielens_10m_p4_n2_w124.log
  [w125] PID 182797  →  logs/hpt_parallel_20260529_225527_movielens_10m_p4_n2_w125.log
  [w126] PID 182798  →  logs/hpt_parallel_20260529_225527_movielens_10m_p4_n2_w126.log
  [w127] PID 182799  →  logs/hpt_parallel_20260529_225527_movielens_10m_p4_n2_w127.log
  [w128] PID 182800  →  logs/hpt_parallel_20260529_225527_movielens_10m_p4_n2_w128.log
  [w129] PID 182801  →  logs/hpt_parallel_20260529_225527_movielens_10m_p4_n2_w129.log
  [w130] PID 182802  →  logs/hpt_parallel_20260529_225527_movielens_10m_p4_n2_w130.log
  [w131] PID 182803  →  logs/hpt_parallel_20260529_225527_movielens_10m_p4_n2_w131.log
  [w132] PID 182804  →  logs/hpt_parallel_20260529_225527_movielens_10m_p4_n2_w132.log
  [w133] PID 182805  →  logs/hpt_parallel_20260529_225527_movielens_10m_p4_n2_w133.log
  [w134] PID 182806  →  logs/hpt_parallel_20260529_225527_movielens_10m_p4_n2_w134.log
  [w135] PID 182807  →  logs/hpt_parallel_20260529_225527_movielens_10m_p4_n2_w135.log
  [w136] PID 182808  →  logs/hpt_parallel_20260529_225527_movielens_10m_p4_n2_w136.log
  [w137] PID 182809  →  logs/hpt_parallel_20260529_225527_movielens_10m_p4_n2_w137.log
  [w138] PID 182810  →  logs/hpt_parallel_20260529_225527_movielens_10m_p4_n2_w138.log
  [w139] PID 182811  →  logs/hpt_parallel_20260529_225527_movielens_10m_p4_n2_w139.log
  [w140] PID 182812  →  logs/hpt_parallel_20260529_225527_movielens_10m_p4_n2_w140.log
  [w141] PID 182813  →  logs/hpt_parallel_20260529_225527_movielens_10m_p4_n2_w141.log
  [w142] PID 182814  →  logs/hpt_parallel_20260529_225527_movielens_10m_p4_n2_w142.log
  [w143] PID 182815  →  logs/hpt_parallel_20260529_225527_movielens_10m_p4_n2_w143.log
  [w144] PID 182816  →  logs/hpt_parallel_20260529_225527_movielens_10m_p4_n2_w144.log
  [w145] PID 182817  →  logs/hpt_parallel_20260529_225527_movielens_10m_p4_n2_w145.log
  [w146] PID 182818  →  logs/hpt_parallel_20260529_225527_movielens_10m_p4_n2_w146.log
  [w147] PID 182819  →  logs/hpt_parallel_20260529_225527_movielens_10m_p4_n2_w147.log
  [w148] PID 182820  →  logs/hpt_parallel_20260529_225527_movielens_10m_p4_n2_w148.log
  [w149] PID 182821  →  logs/hpt_parallel_20260529_225527_movielens_10m_p4_n2_w149.log
  [w150] PID 182822  →  logs/hpt_parallel_20260529_225527_movielens_10m_p4_n2_w150.log
  [w151] PID 182823  →  logs/hpt_parallel_20260529_225527_movielens_10m_p4_n2_w151.log
  [w152] PID 182824  →  logs/hpt_parallel_20260529_225527_movielens_10m_p4_n2_w152.log
  [w153] PID 182825  →  logs/hpt_parallel_20260529_225527_movielens_10m_p4_n2_w153.log
  [w154] PID 182826  →  logs/hpt_parallel_20260529_225527_movielens_10m_p4_n2_w154.log
  [w155] PID 182827  →  logs/hpt_parallel_20260529_225527_movielens_10m_p4_n2_w155.log
  [w156] PID 182828  →  logs/hpt_parallel_20260529_225527_movielens_10m_p4_n2_w156.log
  [w157] PID 182829  →  logs/hpt_parallel_20260529_225527_movielens_10m_p4_n2_w157.log
  [w158] PID 182830  →  logs/hpt_parallel_20260529_225527_movielens_10m_p4_n2_w158.log
  [w159] PID 182831  →  logs/hpt_parallel_20260529_225527_movielens_10m_p4_n2_w159.log
  [w160] PID 182832  →  logs/hpt_parallel_20260529_225527_movielens_10m_p4_n2_w160.log
  [w161] PID 182833  →  logs/hpt_parallel_20260529_225527_movielens_10m_p4_n2_w161.log
  [w162] PID 182834  →  logs/hpt_parallel_20260529_225527_movielens_10m_p4_n2_w162.log
  [w163] PID 182835  →  logs/hpt_parallel_20260529_225527_movielens_10m_p4_n2_w163.log
  [w164] PID 182836  →  logs/hpt_parallel_20260529_225527_movielens_10m_p4_n2_w164.log
  [w165] PID 182837  →  logs/hpt_parallel_20260529_225527_movielens_10m_p4_n2_w165.log
  [w166] PID 182838  →  logs/hpt_parallel_20260529_225527_movielens_10m_p4_n2_w166.log
  [w167] PID 182839  →  logs/hpt_parallel_20260529_225527_movielens_10m_p4_n2_w167.log
  [w168] PID 182840  →  logs/hpt_parallel_20260529_225527_movielens_10m_p4_n2_w168.log
  [w169] PID 182841  →  logs/hpt_parallel_20260529_225527_movielens_10m_p4_n2_w169.log
  [w170] PID 182842  →  logs/hpt_parallel_20260529_225527_movielens_10m_p4_n2_w170.log
  [w171] PID 182843  →  logs/hpt_parallel_20260529_225527_movielens_10m_p4_n2_w171.log
  [w172] PID 182844  →  logs/hpt_parallel_20260529_225527_movielens_10m_p4_n2_w172.log
  [w173] PID 182845  →  logs/hpt_parallel_20260529_225527_movielens_10m_p4_n2_w173.log
  [w174] PID 182846  →  logs/hpt_parallel_20260529_225527_movielens_10m_p4_n2_w174.log
  [w175] PID 182847  →  logs/hpt_parallel_20260529_225527_movielens_10m_p4_n2_w175.log
  [w176] PID 182848  →  logs/hpt_parallel_20260529_225527_movielens_10m_p4_n2_w176.log
  [w177] PID 182849  →  logs/hpt_parallel_20260529_225527_movielens_10m_p4_n2_w177.log
  [w178] PID 182850  →  logs/hpt_parallel_20260529_225527_movielens_10m_p4_n2_w178.log
  [w179] PID 182851  →  logs/hpt_parallel_20260529_225527_movielens_10m_p4_n2_w179.log
  [w180] PID 182852  →  logs/hpt_parallel_20260529_225527_movielens_10m_p4_n2_w180.log
  [w181] PID 182853  →  logs/hpt_parallel_20260529_225527_movielens_10m_p4_n2_w181.log
  [w182] PID 182854  →  logs/hpt_parallel_20260529_225527_movielens_10m_p4_n2_w182.log
  [w183] PID 182855  →  logs/hpt_parallel_20260529_225527_movielens_10m_p4_n2_w183.log
  [w184] PID 182856  →  logs/hpt_parallel_20260529_225527_movielens_10m_p4_n2_w184.log
  [w185] PID 182857  →  logs/hpt_parallel_20260529_225527_movielens_10m_p4_n2_w185.log
  [w186] PID 182858  →  logs/hpt_parallel_20260529_225527_movielens_10m_p4_n2_w186.log
  [w187] PID 182859  →  logs/hpt_parallel_20260529_225527_movielens_10m_p4_n2_w187.log
  [w188] PID 182860  →  logs/hpt_parallel_20260529_225527_movielens_10m_p4_n2_w188.log
  [w189] PID 182861  →  logs/hpt_parallel_20260529_225527_movielens_10m_p4_n2_w189.log
  [w190] PID 182862  →  logs/hpt_parallel_20260529_225527_movielens_10m_p4_n2_w190.log
  [w191] PID 182863  →  logs/hpt_parallel_20260529_225527_movielens_10m_p4_n2_w191.log
  [w192] PID 182864  →  logs/hpt_parallel_20260529_225527_movielens_10m_p4_n2_w192.log
  [w193] PID 182865  →  logs/hpt_parallel_20260529_225527_movielens_10m_p4_n2_w193.log
  [w194] PID 182866  →  logs/hpt_parallel_20260529_225527_movielens_10m_p4_n2_w194.log
  [w195] PID 182867  →  logs/hpt_parallel_20260529_225527_movielens_10m_p4_n2_w195.log
  [w196] PID 182868  →  logs/hpt_parallel_20260529_225527_movielens_10m_p4_n2_w196.log
  [w197] PID 182869  →  logs/hpt_parallel_20260529_225527_movielens_10m_p4_n2_w197.log
  [w198] PID 182870  →  logs/hpt_parallel_20260529_225527_movielens_10m_p4_n2_w198.log
  [w199] PID 182871  →  logs/hpt_parallel_20260529_225527_movielens_10m_p4_n2_w199.log
  [w200] PID 182872  →  logs/hpt_parallel_20260529_225527_movielens_10m_p4_n2_w200.log
  Waiting for all 200 workers to finish...
./run_hpt_parallel.sh: line 111: 182673 Killed                  nohup python scripts/run_hyperparameter_tuning.py --config "$cfg" --arm d --threshold "$pos" --neg_threshold "$neg" --n_trials "$n_trials" --max_users "$MAX_USERS" --overwrite > "$wlog" 2>&1
./run_hpt_parallel.sh: line 111: 182674 Killed                  nohup python scripts/run_hyperparameter_tuning.py --config "$cfg" --arm d --threshold "$pos" --neg_threshold "$neg" --n_trials "$n_trials" --max_users "$MAX_USERS" --overwrite > "$wlog" 2>&1
./run_hpt_parallel.sh: line 111: 182675 Killed                  nohup python scripts/run_hyperparameter_tuning.py --config "$cfg" --arm d --threshold "$pos" --neg_threshold "$neg" --n_trials "$n_trials" --max_users "$MAX_USERS" --overwrite > "$wlog" 2>&1
./run_hpt_parallel.sh: line 111: 182677 Killed                  nohup python scripts/run_hyperparameter_tuning.py --config "$cfg" --arm d --threshold "$pos" --neg_threshold "$neg" --n_trials "$n_trials" --max_users "$MAX_USERS" --overwrite > "$wlog" 2>&1
./run_hpt_parallel.sh: line 111: 182679 Killed                  nohup python scripts/run_hyperparameter_tuning.py --config "$cfg" --arm d --threshold "$pos" --neg_threshold "$neg" --n_trials "$n_trials" --max_users "$MAX_USERS" --overwrite > "$wlog" 2>&1
./run_hpt_parallel.sh: line 111: 182680 Killed                  nohup python scripts/run_hyperparameter_tuning.py --config "$cfg" --arm d --threshold "$pos" --neg_threshold "$neg" --n_trials "$n_trials" --max_users "$MAX_USERS" --overwrite > "$wlog" 2>&1
./run_hpt_parallel.sh: line 111: 182681 Killed                  nohup python scripts/run_hyperparameter_tuning.py --config "$cfg" --arm d --threshold "$pos" --neg_threshold "$neg" --n_trials "$n_trials" --max_users "$MAX_USERS" --overwrite > "$wlog" 2>&1
./run_hpt_parallel.sh: line 111: 182682 Killed                  nohup python scripts/run_hyperparameter_tuning.py --config "$cfg" --arm d --threshold "$pos" --neg_threshold "$neg" --n_trials "$n_trials" --max_users "$MAX_USERS" --overwrite > "$wlog" 2>&1
./run_hpt_parallel.sh: line 111: 182683 Killed                  nohup python scripts/run_hyperparameter_tuning.py --config "$cfg" --arm d --threshold "$pos" --neg_threshold "$neg" --n_trials "$n_trials" --max_users "$MAX_USERS" --overwrite > "$wlog" 2>&1
./run_hpt_parallel.sh: line 111: 182684 Killed                  nohup python scripts/run_hyperparameter_tuning.py --config "$cfg" --arm d --threshold "$pos" --neg_threshold "$neg" --n_trials "$n_trials" --max_users "$MAX_USERS" --overwrite > "$wlog" 2>&1
./run_hpt_parallel.sh: line 111: 182685 Killed                  nohup python scripts/run_hyperparameter_tuning.py --config "$cfg" --arm d --threshold "$pos" --neg_threshold "$neg" --n_trials "$n_trials" --max_users "$MAX_USERS" --overwrite > "$wlog" 2>&1
./run_hpt_parallel.sh: line 111: 182686 Killed                  nohup python scripts/run_hyperparameter_tuning.py --config "$cfg" --arm d --threshold "$pos" --neg_threshold "$neg" --n_trials "$n_trials" --max_users "$MAX_USERS" --overwrite > "$wlog" 2>&1
./run_hpt_parallel.sh: line 111: 182687 Killed                  nohup python scripts/run_hyperparameter_tuning.py --config "$cfg" --arm d --threshold "$pos" --neg_threshold "$neg" --n_trials "$n_trials" --max_users "$MAX_USERS" --overwrite > "$wlog" 2>&1
./run_hpt_parallel.sh: line 111: 182689 Killed                  nohup python scripts/run_hyperparameter_tuning.py --config "$cfg" --arm d --threshold "$pos" --neg_threshold "$neg" --n_trials "$n_trials" --max_users "$MAX_USERS" --overwrite > "$wlog" 2>&1
./run_hpt_parallel.sh: line 111: 182690 Killed                  nohup python scripts/run_hyperparameter_tuning.py --config "$cfg" --arm d --threshold "$pos" --neg_threshold "$neg" --n_trials "$n_trials" --max_users "$MAX_USERS" --overwrite > "$wlog" 2>&1
./run_hpt_parallel.sh: line 111: 182691 Killed                  nohup python scripts/run_hyperparameter_tuning.py --config "$cfg" --arm d --threshold "$pos" --neg_threshold "$neg" --n_trials "$n_trials" --max_users "$MAX_USERS" --overwrite > "$wlog" 2>&1
./run_hpt_parallel.sh: line 111: 182692 Killed                  nohup python scripts/run_hyperparameter_tuning.py --config "$cfg" --arm d --threshold "$pos" --neg_threshold "$neg" --n_trials "$n_trials" --max_users "$MAX_USERS" --overwrite > "$wlog" 2>&1
./run_hpt_parallel.sh: line 111: 182693 Killed                  nohup python scripts/run_hyperparameter_tuning.py --config "$cfg" --arm d --threshold "$pos" --neg_threshold "$neg" --n_trials "$n_trials" --max_users "$MAX_USERS" --overwrite > "$wlog" 2>&1
./run_hpt_parallel.sh: line 111: 182694 Killed                  nohup python scripts/run_hyperparameter_tuning.py --config "$cfg" --arm d --threshold "$pos" --neg_threshold "$neg" --n_trials "$n_trials" --max_users "$MAX_USERS" --overwrite > "$wlog" 2>&1
./run_hpt_parallel.sh: line 111: 182695 Killed                  nohup python scripts/run_hyperparameter_tuning.py --config "$cfg" --arm d --threshold "$pos" --neg_threshold "$neg" --n_trials "$n_trials" --max_users "$MAX_USERS" --overwrite > "$wlog" 2>&1
./run_hpt_parallel.sh: line 111: 182696 Killed                  nohup python scripts/run_hyperparameter_tuning.py --config "$cfg" --arm d --threshold "$pos" --neg_threshold "$neg" --n_trials "$n_trials" --max_users "$MAX_USERS" --overwrite > "$wlog" 2>&1
./run_hpt_parallel.sh: line 111: 182697 Killed                  nohup python scripts/run_hyperparameter_tuning.py --config "$cfg" --arm d --threshold "$pos" --neg_threshold "$neg" --n_trials "$n_trials" --max_users "$MAX_USERS" --overwrite > "$wlog" 2>&1
./run_hpt_parallel.sh: line 111: 182699 Killed                  nohup python scripts/run_hyperparameter_tuning.py --config "$cfg" --arm d --threshold "$pos" --neg_threshold "$neg" --n_trials "$n_trials" --max_users "$MAX_USERS" --overwrite > "$wlog" 2>&1
./run_hpt_parallel.sh: line 111: 182700 Killed                  nohup python scripts/run_hyperparameter_tuning.py --config "$cfg" --arm d --threshold "$pos" --neg_threshold "$neg" --n_trials "$n_trials" --max_users "$MAX_USERS" --overwrite > "$wlog" 2>&1
./run_hpt_parallel.sh: line 111: 182702 Killed                  nohup python scripts/run_hyperparameter_tuning.py --config "$cfg" --arm d --threshold "$pos" --neg_threshold "$neg" --n_trials "$n_trials" --max_users "$MAX_USERS" --overwrite > "$wlog" 2>&1
./run_hpt_parallel.sh: line 111: 182703 Killed                  nohup python scripts/run_hyperparameter_tuning.py --config "$cfg" --arm d --threshold "$pos" --neg_threshold "$neg" --n_trials "$n_trials" --max_users "$MAX_USERS" --overwrite > "$wlog" 2>&1
./run_hpt_parallel.sh: line 111: 182704 Killed                  nohup python scripts/run_hyperparameter_tuning.py --config "$cfg" --arm d --threshold "$pos" --neg_threshold "$neg" --n_trials "$n_trials" --max_users "$MAX_USERS" --overwrite > "$wlog" 2>&1
./run_hpt_parallel.sh: line 111: 182705 Killed                  nohup python scripts/run_hyperparameter_tuning.py --config "$cfg" --arm d --threshold "$pos" --neg_threshold "$neg" --n_trials "$n_trials" --max_users "$MAX_USERS" --overwrite > "$wlog" 2>&1
./run_hpt_parallel.sh: line 111: 182707 Killed                  nohup python scripts/run_hyperparameter_tuning.py --config "$cfg" --arm d --threshold "$pos" --neg_threshold "$neg" --n_trials "$n_trials" --max_users "$MAX_USERS" --overwrite > "$wlog" 2>&1
./run_hpt_parallel.sh: line 111: 182708 Killed                  nohup python scripts/run_hyperparameter_tuning.py --config "$cfg" --arm d --threshold "$pos" --neg_threshold "$neg" --n_trials "$n_trials" --max_users "$MAX_USERS" --overwrite > "$wlog" 2>&1
./run_hpt_parallel.sh: line 111: 182710 Killed                  nohup python scripts/run_hyperparameter_tuning.py --config "$cfg" --arm d --threshold "$pos" --neg_threshold "$neg" --n_trials "$n_trials" --max_users "$MAX_USERS" --overwrite > "$wlog" 2>&1
./run_hpt_parallel.sh: line 111: 182711 Killed                  nohup python scripts/run_hyperparameter_tuning.py --config "$cfg" --arm d --threshold "$pos" --neg_threshold "$neg" --n_trials "$n_trials" --max_users "$MAX_USERS" --overwrite > "$wlog" 2>&1
./run_hpt_parallel.sh: line 111: 182712 Killed                  nohup python scripts/run_hyperparameter_tuning.py --config "$cfg" --arm d --threshold "$pos" --neg_threshold "$neg" --n_trials "$n_trials" --max_users "$MAX_USERS" --overwrite > "$wlog" 2>&1
./run_hpt_parallel.sh: line 111: 182713 Killed                  nohup python scripts/run_hyperparameter_tuning.py --config "$cfg" --arm d --threshold "$pos" --neg_threshold "$neg" --n_trials "$n_trials" --max_users "$MAX_USERS" --overwrite > "$wlog" 2>&1
./run_hpt_parallel.sh: line 111: 182714 Killed                  nohup python scripts/run_hyperparameter_tuning.py --config "$cfg" --arm d --threshold "$pos" --neg_threshold "$neg" --n_trials "$n_trials" --max_users "$MAX_USERS" --overwrite > "$wlog" 2>&1
./run_hpt_parallel.sh: line 111: 182715 Killed                  nohup python scripts/run_hyperparameter_tuning.py --config "$cfg" --arm d --threshold "$pos" --neg_threshold "$neg" --n_trials "$n_trials" --max_users "$MAX_USERS" --overwrite > "$wlog" 2>&1
./run_hpt_parallel.sh: line 111: 182716 Killed                  nohup python scripts/run_hyperparameter_tuning.py --config "$cfg" --arm d --threshold "$pos" --neg_threshold "$neg" --n_trials "$n_trials" --max_users "$MAX_USERS" --overwrite > "$wlog" 2>&1
./run_hpt_parallel.sh: line 111: 182718 Killed                  nohup python scripts/run_hyperparameter_tuning.py --config "$cfg" --arm d --threshold "$pos" --neg_threshold "$neg" --n_trials "$n_trials" --max_users "$MAX_USERS" --overwrite > "$wlog" 2>&1
./run_hpt_parallel.sh: line 111: 182719 Killed                  nohup python scripts/run_hyperparameter_tuning.py --config "$cfg" --arm d --threshold "$pos" --neg_threshold "$neg" --n_trials "$n_trials" --max_users "$MAX_USERS" --overwrite > "$wlog" 2>&1
./run_hpt_parallel.sh: line 111: 182720 Killed                  nohup python scripts/run_hyperparameter_tuning.py --config "$cfg" --arm d --threshold "$pos" --neg_threshold "$neg" --n_trials "$n_trials" --max_users "$MAX_USERS" --overwrite > "$wlog" 2>&1
./run_hpt_parallel.sh: line 111: 182721 Killed                  nohup python scripts/run_hyperparameter_tuning.py --config "$cfg" --arm d --threshold "$pos" --neg_threshold "$neg" --n_trials "$n_trials" --max_users "$MAX_USERS" --overwrite > "$wlog" 2>&1
./run_hpt_parallel.sh: line 111: 182722 Killed                  nohup python scripts/run_hyperparameter_tuning.py --config "$cfg" --arm d --threshold "$pos" --neg_threshold "$neg" --n_trials "$n_trials" --max_users "$MAX_USERS" --overwrite > "$wlog" 2>&1
./run_hpt_parallel.sh: line 111: 182723 Killed                  nohup python scripts/run_hyperparameter_tuning.py --config "$cfg" --arm d --threshold "$pos" --neg_threshold "$neg" --n_trials "$n_trials" --max_users "$MAX_USERS" --overwrite > "$wlog" 2>&1
./run_hpt_parallel.sh: line 111: 182724 Killed                  nohup python scripts/run_hyperparameter_tuning.py --config "$cfg" --arm d --threshold "$pos" --neg_threshold "$neg" --n_trials "$n_trials" --max_users "$MAX_USERS" --overwrite > "$wlog" 2>&1
./run_hpt_parallel.sh: line 111: 182725 Killed                  nohup python scripts/run_hyperparameter_tuning.py --config "$cfg" --arm d --threshold "$pos" --neg_threshold "$neg" --n_trials "$n_trials" --max_users "$MAX_USERS" --overwrite > "$wlog" 2>&1
./run_hpt_parallel.sh: line 111: 182726 Killed                  nohup python scripts/run_hyperparameter_tuning.py --config "$cfg" --arm d --threshold "$pos" --neg_threshold "$neg" --n_trials "$n_trials" --max_users "$MAX_USERS" --overwrite > "$wlog" 2>&1
./run_hpt_parallel.sh: line 111: 182727 Killed                  nohup python scripts/run_hyperparameter_tuning.py --config "$cfg" --arm d --threshold "$pos" --neg_threshold "$neg" --n_trials "$n_trials" --max_users "$MAX_USERS" --overwrite > "$wlog" 2>&1
./run_hpt_parallel.sh: line 111: 182728 Killed                  nohup python scripts/run_hyperparameter_tuning.py --config "$cfg" --arm d --threshold "$pos" --neg_threshold "$neg" --n_trials "$n_trials" --max_users "$MAX_USERS" --overwrite > "$wlog" 2>&1
./run_hpt_parallel.sh: line 111: 182729 Killed                  nohup python scripts/run_hyperparameter_tuning.py --config "$cfg" --arm d --threshold "$pos" --neg_threshold "$neg" --n_trials "$n_trials" --max_users "$MAX_USERS" --overwrite > "$wlog" 2>&1
./run_hpt_parallel.sh: line 111: 182730 Killed                  nohup python scripts/run_hyperparameter_tuning.py --config "$cfg" --arm d --threshold "$pos" --neg_threshold "$neg" --n_trials "$n_trials" --max_users "$MAX_USERS" --overwrite > "$wlog" 2>&1
./run_hpt_parallel.sh: line 111: 182731 Killed                  nohup python scripts/run_hyperparameter_tuning.py --config "$cfg" --arm d --threshold "$pos" --neg_threshold "$neg" --n_trials "$n_trials" --max_users "$MAX_USERS" --overwrite > "$wlog" 2>&1
./run_hpt_parallel.sh: line 111: 182732 Killed                  nohup python scripts/run_hyperparameter_tuning.py --config "$cfg" --arm d --threshold "$pos" --neg_threshold "$neg" --n_trials "$n_trials" --max_users "$MAX_USERS" --overwrite > "$wlog" 2>&1
./run_hpt_parallel.sh: line 111: 182733 Killed                  nohup python scripts/run_hyperparameter_tuning.py --config "$cfg" --arm d --threshold "$pos" --neg_threshold "$neg" --n_trials "$n_trials" --max_users "$MAX_USERS" --overwrite > "$wlog" 2>&1
./run_hpt_parallel.sh: line 111: 182734 Killed                  nohup python scripts/run_hyperparameter_tuning.py --config "$cfg" --arm d --threshold "$pos" --neg_threshold "$neg" --n_trials "$n_trials" --max_users "$MAX_USERS" --overwrite > "$wlog" 2>&1
./run_hpt_parallel.sh: line 111: 182735 Killed                  nohup python scripts/run_hyperparameter_tuning.py --config "$cfg" --arm d --threshold "$pos" --neg_threshold "$neg" --n_trials "$n_trials" --max_users "$MAX_USERS" --overwrite > "$wlog" 2>&1
./run_hpt_parallel.sh: line 111: 182737 Killed                  nohup python scripts/run_hyperparameter_tuning.py --config "$cfg" --arm d --threshold "$pos" --neg_threshold "$neg" --n_trials "$n_trials" --max_users "$MAX_USERS" --overwrite > "$wlog" 2>&1
./run_hpt_parallel.sh: line 111: 182738 Killed                  nohup python scripts/run_hyperparameter_tuning.py --config "$cfg" --arm d --threshold "$pos" --neg_threshold "$neg" --n_trials "$n_trials" --max_users "$MAX_USERS" --overwrite > "$wlog" 2>&1
./run_hpt_parallel.sh: line 111: 182739 Killed                  nohup python scripts/run_hyperparameter_tuning.py --config "$cfg" --arm d --threshold "$pos" --neg_threshold "$neg" --n_trials "$n_trials" --max_users "$MAX_USERS" --overwrite > "$wlog" 2>&1
./run_hpt_parallel.sh: line 111: 182740 Killed                  nohup python scripts/run_hyperparameter_tuning.py --config "$cfg" --arm d --threshold "$pos" --neg_threshold "$neg" --n_trials "$n_trials" --max_users "$MAX_USERS" --overwrite > "$wlog" 2>&1
./run_hpt_parallel.sh: line 111: 182741 Killed                  nohup python scripts/run_hyperparameter_tuning.py --config "$cfg" --arm d --threshold "$pos" --neg_threshold "$neg" --n_trials "$n_trials" --max_users "$MAX_USERS" --overwrite > "$wlog" 2>&1
./run_hpt_parallel.sh: line 111: 182742 Killed                  nohup python scripts/run_hyperparameter_tuning.py --config "$cfg" --arm d --threshold "$pos" --neg_threshold "$neg" --n_trials "$n_trials" --max_users "$MAX_USERS" --overwrite > "$wlog" 2>&1
./run_hpt_parallel.sh: line 111: 182743 Killed                  nohup python scripts/run_hyperparameter_tuning.py --config "$cfg" --arm d --threshold "$pos" --neg_threshold "$neg" --n_trials "$n_trials" --max_users "$MAX_USERS" --overwrite > "$wlog" 2>&1
./run_hpt_parallel.sh: line 111: 182744 Killed                  nohup python scripts/run_hyperparameter_tuning.py --config "$cfg" --arm d --threshold "$pos" --neg_threshold "$neg" --n_trials "$n_trials" --max_users "$MAX_USERS" --overwrite > "$wlog" 2>&1
./run_hpt_parallel.sh: line 111: 182746 Killed                  nohup python scripts/run_hyperparameter_tuning.py --config "$cfg" --arm d --threshold "$pos" --neg_threshold "$neg" --n_trials "$n_trials" --max_users "$MAX_USERS" --overwrite > "$wlog" 2>&1
./run_hpt_parallel.sh: line 111: 182748 Killed                  nohup python scripts/run_hyperparameter_tuning.py --config "$cfg" --arm d --threshold "$pos" --neg_threshold "$neg" --n_trials "$n_trials" --max_users "$MAX_USERS" --overwrite > "$wlog" 2>&1
./run_hpt_parallel.sh: line 111: 182750 Killed                  nohup python scripts/run_hyperparameter_tuning.py --config "$cfg" --arm d --threshold "$pos" --neg_threshold "$neg" --n_trials "$n_trials" --max_users "$MAX_USERS" --overwrite > "$wlog" 2>&1
./run_hpt_parallel.sh: line 111: 182751 Killed                  nohup python scripts/run_hyperparameter_tuning.py --config "$cfg" --arm d --threshold "$pos" --neg_threshold "$neg" --n_trials "$n_trials" --max_users "$MAX_USERS" --overwrite > "$wlog" 2>&1
./run_hpt_parallel.sh: line 111: 182752 Killed                  nohup python scripts/run_hyperparameter_tuning.py --config "$cfg" --arm d --threshold "$pos" --neg_threshold "$neg" --n_trials "$n_trials" --max_users "$MAX_USERS" --overwrite > "$wlog" 2>&1
./run_hpt_parallel.sh: line 111: 182753 Killed                  nohup python scripts/run_hyperparameter_tuning.py --config "$cfg" --arm d --threshold "$pos" --neg_threshold "$neg" --n_trials "$n_trials" --max_users "$MAX_USERS" --overwrite > "$wlog" 2>&1
./run_hpt_parallel.sh: line 111: 182754 Killed                  nohup python scripts/run_hyperparameter_tuning.py --config "$cfg" --arm d --threshold "$pos" --neg_threshold "$neg" --n_trials "$n_trials" --max_users "$MAX_USERS" --overwrite > "$wlog" 2>&1
./run_hpt_parallel.sh: line 111: 182755 Killed                  nohup python scripts/run_hyperparameter_tuning.py --config "$cfg" --arm d --threshold "$pos" --neg_threshold "$neg" --n_trials "$n_trials" --max_users "$MAX_USERS" --overwrite > "$wlog" 2>&1
./run_hpt_parallel.sh: line 111: 182757 Killed                  nohup python scripts/run_hyperparameter_tuning.py --config "$cfg" --arm d --threshold "$pos" --neg_threshold "$neg" --n_trials "$n_trials" --max_users "$MAX_USERS" --overwrite > "$wlog" 2>&1
./run_hpt_parallel.sh: line 111: 182759 Killed                  nohup python scripts/run_hyperparameter_tuning.py --config "$cfg" --arm d --threshold "$pos" --neg_threshold "$neg" --n_trials "$n_trials" --max_users "$MAX_USERS" --overwrite > "$wlog" 2>&1
./run_hpt_parallel.sh: line 111: 182761 Killed                  nohup python scripts/run_hyperparameter_tuning.py --config "$cfg" --arm d --threshold "$pos" --neg_threshold "$neg" --n_trials "$n_trials" --max_users "$MAX_USERS" --overwrite > "$wlog" 2>&1
./run_hpt_parallel.sh: line 111: 182762 Killed                  nohup python scripts/run_hyperparameter_tuning.py --config "$cfg" --arm d --threshold "$pos" --neg_threshold "$neg" --n_trials "$n_trials" --max_users "$MAX_USERS" --overwrite > "$wlog" 2>&1
./run_hpt_parallel.sh: line 111: 182763 Killed                  nohup python scripts/run_hyperparameter_tuning.py --config "$cfg" --arm d --threshold "$pos" --neg_threshold "$neg" --n_trials "$n_trials" --max_users "$MAX_USERS" --overwrite > "$wlog" 2>&1
./run_hpt_parallel.sh: line 111: 182764 Killed                  nohup python scripts/run_hyperparameter_tuning.py --config "$cfg" --arm d --threshold "$pos" --neg_threshold "$neg" --n_trials "$n_trials" --max_users "$MAX_USERS" --overwrite > "$wlog" 2>&1
./run_hpt_parallel.sh: line 111: 182765 Killed                  nohup python scripts/run_hyperparameter_tuning.py --config "$cfg" --arm d --threshold "$pos" --neg_threshold "$neg" --n_trials "$n_trials" --max_users "$MAX_USERS" --overwrite > "$wlog" 2>&1
./run_hpt_parallel.sh: line 111: 182766 Killed                  nohup python scripts/run_hyperparameter_tuning.py --config "$cfg" --arm d --threshold "$pos" --neg_threshold "$neg" --n_trials "$n_trials" --max_users "$MAX_USERS" --overwrite > "$wlog" 2>&1
./run_hpt_parallel.sh: line 111: 182767 Killed                  nohup python scripts/run_hyperparameter_tuning.py --config "$cfg" --arm d --threshold "$pos" --neg_threshold "$neg" --n_trials "$n_trials" --max_users "$MAX_USERS" --overwrite > "$wlog" 2>&1
./run_hpt_parallel.sh: line 111: 182768 Killed                  nohup python scripts/run_hyperparameter_tuning.py --config "$cfg" --arm d --threshold "$pos" --neg_threshold "$neg" --n_trials "$n_trials" --max_users "$MAX_USERS" --overwrite > "$wlog" 2>&1
./run_hpt_parallel.sh: line 111: 182769 Killed                  nohup python scripts/run_hyperparameter_tuning.py --config "$cfg" --arm d --threshold "$pos" --neg_threshold "$neg" --n_trials "$n_trials" --max_users "$MAX_USERS" --overwrite > "$wlog" 2>&1
./run_hpt_parallel.sh: line 111: 182770 Killed                  nohup python scripts/run_hyperparameter_tuning.py --config "$cfg" --arm d --threshold "$pos" --neg_threshold "$neg" --n_trials "$n_trials" --max_users "$MAX_USERS" --overwrite > "$wlog" 2>&1
./run_hpt_parallel.sh: line 111: 182771 Killed                  nohup python scripts/run_hyperparameter_tuning.py --config "$cfg" --arm d --threshold "$pos" --neg_threshold "$neg" --n_trials "$n_trials" --max_users "$MAX_USERS" --overwrite > "$wlog" 2>&1
./run_hpt_parallel.sh: line 111: 182772 Killed                  nohup python scripts/run_hyperparameter_tuning.py --config "$cfg" --arm d --threshold "$pos" --neg_threshold "$neg" --n_trials "$n_trials" --max_users "$MAX_USERS" --overwrite > "$wlog" 2>&1
./run_hpt_parallel.sh: line 111: 182773 Killed                  nohup python scripts/run_hyperparameter_tuning.py --config "$cfg" --arm d --threshold "$pos" --neg_threshold "$neg" --n_trials "$n_trials" --max_users "$MAX_USERS" --overwrite > "$wlog" 2>&1
./run_hpt_parallel.sh: line 111: 182774 Killed                  nohup python scripts/run_hyperparameter_tuning.py --config "$cfg" --arm d --threshold "$pos" --neg_threshold "$neg" --n_trials "$n_trials" --max_users "$MAX_USERS" --overwrite > "$wlog" 2>&1
./run_hpt_parallel.sh: line 111: 182775 Killed                  nohup python scripts/run_hyperparameter_tuning.py --config "$cfg" --arm d --threshold "$pos" --neg_threshold "$neg" --n_trials "$n_trials" --max_users "$MAX_USERS" --overwrite > "$wlog" 2>&1
./run_hpt_parallel.sh: line 111: 182776 Killed                  nohup python scripts/run_hyperparameter_tuning.py --config "$cfg" --arm d --threshold "$pos" --neg_threshold "$neg" --n_trials "$n_trials" --max_users "$MAX_USERS" --overwrite > "$wlog" 2>&1
./run_hpt_parallel.sh: line 111: 182777 Killed                  nohup python scripts/run_hyperparameter_tuning.py --config "$cfg" --arm d --threshold "$pos" --neg_threshold "$neg" --n_trials "$n_trials" --max_users "$MAX_USERS" --overwrite > "$wlog" 2>&1
./run_hpt_parallel.sh: line 111: 182778 Killed                  nohup python scripts/run_hyperparameter_tuning.py --config "$cfg" --arm d --threshold "$pos" --neg_threshold "$neg" --n_trials "$n_trials" --max_users "$MAX_USERS" --overwrite > "$wlog" 2>&1
./run_hpt_parallel.sh: line 111: 182780 Killed                  nohup python scripts/run_hyperparameter_tuning.py --config "$cfg" --arm d --threshold "$pos" --neg_threshold "$neg" --n_trials "$n_trials" --max_users "$MAX_USERS" --overwrite > "$wlog" 2>&1
./run_hpt_parallel.sh: line 111: 182781 Killed                  nohup python scripts/run_hyperparameter_tuning.py --config "$cfg" --arm d --threshold "$pos" --neg_threshold "$neg" --n_trials "$n_trials" --max_users "$MAX_USERS" --overwrite > "$wlog" 2>&1
./run_hpt_parallel.sh: line 111: 182782 Killed                  nohup python scripts/run_hyperparameter_tuning.py --config "$cfg" --arm d --threshold "$pos" --neg_threshold "$neg" --n_trials "$n_trials" --max_users "$MAX_USERS" --overwrite > "$wlog" 2>&1
./run_hpt_parallel.sh: line 111: 182783 Killed                  nohup python scripts/run_hyperparameter_tuning.py --config "$cfg" --arm d --threshold "$pos" --neg_threshold "$neg" --n_trials "$n_trials" --max_users "$MAX_USERS" --overwrite > "$wlog" 2>&1
./run_hpt_parallel.sh: line 111: 182784 Killed                  nohup python scripts/run_hyperparameter_tuning.py --config "$cfg" --arm d --threshold "$pos" --neg_threshold "$neg" --n_trials "$n_trials" --max_users "$MAX_USERS" --overwrite > "$wlog" 2>&1
./run_hpt_parallel.sh: line 111: 182785 Killed                  nohup python scripts/run_hyperparameter_tuning.py --config "$cfg" --arm d --threshold "$pos" --neg_threshold "$neg" --n_trials "$n_trials" --max_users "$MAX_USERS" --overwrite > "$wlog" 2>&1
./run_hpt_parallel.sh: line 111: 182786 Killed                  nohup python scripts/run_hyperparameter_tuning.py --config "$cfg" --arm d --threshold "$pos" --neg_threshold "$neg" --n_trials "$n_trials" --max_users "$MAX_USERS" --overwrite > "$wlog" 2>&1
./run_hpt_parallel.sh: line 111: 182787 Killed                  nohup python scripts/run_hyperparameter_tuning.py --config "$cfg" --arm d --threshold "$pos" --neg_threshold "$neg" --n_trials "$n_trials" --max_users "$MAX_USERS" --overwrite > "$wlog" 2>&1
./run_hpt_parallel.sh: line 111: 182788 Killed                  nohup python scripts/run_hyperparameter_tuning.py --config "$cfg" --arm d --threshold "$pos" --neg_threshold "$neg" --n_trials "$n_trials" --max_users "$MAX_USERS" --overwrite > "$wlog" 2>&1
./run_hpt_parallel.sh: line 111: 182789 Killed                  nohup python scripts/run_hyperparameter_tuning.py --config "$cfg" --arm d --threshold "$pos" --neg_threshold "$neg" --n_trials "$n_trials" --max_users "$MAX_USERS" --overwrite > "$wlog" 2>&1
./run_hpt_parallel.sh: line 111: 182790 Killed                  nohup python scripts/run_hyperparameter_tuning.py --config "$cfg" --arm d --threshold "$pos" --neg_threshold "$neg" --n_trials "$n_trials" --max_users "$MAX_USERS" --overwrite > "$wlog" 2>&1
./run_hpt_parallel.sh: line 111: 182792 Killed                  nohup python scripts/run_hyperparameter_tuning.py --config "$cfg" --arm d --threshold "$pos" --neg_threshold "$neg" --n_trials "$n_trials" --max_users "$MAX_USERS" --overwrite > "$wlog" 2>&1
./run_hpt_parallel.sh: line 111: 182794 Killed                  nohup python scripts/run_hyperparameter_tuning.py --config "$cfg" --arm d --threshold "$pos" --neg_threshold "$neg" --n_trials "$n_trials" --max_users "$MAX_USERS" --overwrite > "$wlog" 2>&1
./run_hpt_parallel.sh: line 111: 182795 Killed                  nohup python scripts/run_hyperparameter_tuning.py --config "$cfg" --arm d --threshold "$pos" --neg_threshold "$neg" --n_trials "$n_trials" --max_users "$MAX_USERS" --overwrite > "$wlog" 2>&1
./run_hpt_parallel.sh: line 111: 182796 Killed                  nohup python scripts/run_hyperparameter_tuning.py --config "$cfg" --arm d --threshold "$pos" --neg_threshold "$neg" --n_trials "$n_trials" --max_users "$MAX_USERS" --overwrite > "$wlog" 2>&1
./run_hpt_parallel.sh: line 111: 182797 Killed                  nohup python scripts/run_hyperparameter_tuning.py --config "$cfg" --arm d --threshold "$pos" --neg_threshold "$neg" --n_trials "$n_trials" --max_users "$MAX_USERS" --overwrite > "$wlog" 2>&1
./run_hpt_parallel.sh: line 111: 182798 Killed                  nohup python scripts/run_hyperparameter_tuning.py --config "$cfg" --arm d --threshold "$pos" --neg_threshold "$neg" --n_trials "$n_trials" --max_users "$MAX_USERS" --overwrite > "$wlog" 2>&1
./run_hpt_parallel.sh: line 111: 182799 Killed                  nohup python scripts/run_hyperparameter_tuning.py --config "$cfg" --arm d --threshold "$pos" --neg_threshold "$neg" --n_trials "$n_trials" --max_users "$MAX_USERS" --overwrite > "$wlog" 2>&1
./run_hpt_parallel.sh: line 111: 182800 Killed                  nohup python scripts/run_hyperparameter_tuning.py --config "$cfg" --arm d --threshold "$pos" --neg_threshold "$neg" --n_trials "$n_trials" --max_users "$MAX_USERS" --overwrite > "$wlog" 2>&1
./run_hpt_parallel.sh: line 111: 182801 Killed                  nohup python scripts/run_hyperparameter_tuning.py --config "$cfg" --arm d --threshold "$pos" --neg_threshold "$neg" --n_trials "$n_trials" --max_users "$MAX_USERS" --overwrite > "$wlog" 2>&1
./run_hpt_parallel.sh: line 111: 182802 Killed                  nohup python scripts/run_hyperparameter_tuning.py --config "$cfg" --arm d --threshold "$pos" --neg_threshold "$neg" --n_trials "$n_trials" --max_users "$MAX_USERS" --overwrite > "$wlog" 2>&1
./run_hpt_parallel.sh: line 111: 182803 Killed                  nohup python scripts/run_hyperparameter_tuning.py --config "$cfg" --arm d --threshold "$pos" --neg_threshold "$neg" --n_trials "$n_trials" --max_users "$MAX_USERS" --overwrite > "$wlog" 2>&1
./run_hpt_parallel.sh: line 111: 182804 Killed                  nohup python scripts/run_hyperparameter_tuning.py --config "$cfg" --arm d --threshold "$pos" --neg_threshold "$neg" --n_trials "$n_trials" --max_users "$MAX_USERS" --overwrite > "$wlog" 2>&1
./run_hpt_parallel.sh: line 111: 182805 Killed                  nohup python scripts/run_hyperparameter_tuning.py --config "$cfg" --arm d --threshold "$pos" --neg_threshold "$neg" --n_trials "$n_trials" --max_users "$MAX_USERS" --overwrite > "$wlog" 2>&1
./run_hpt_parallel.sh: line 111: 182807 Killed                  nohup python scripts/run_hyperparameter_tuning.py --config "$cfg" --arm d --threshold "$pos" --neg_threshold "$neg" --n_trials "$n_trials" --max_users "$MAX_USERS" --overwrite > "$wlog" 2>&1
./run_hpt_parallel.sh: line 111: 182808 Killed                  nohup python scripts/run_hyperparameter_tuning.py --config "$cfg" --arm d --threshold "$pos" --neg_threshold "$neg" --n_trials "$n_trials" --max_users "$MAX_USERS" --overwrite > "$wlog" 2>&1
./run_hpt_parallel.sh: line 111: 182809 Killed                  nohup python scripts/run_hyperparameter_tuning.py --config "$cfg" --arm d --threshold "$pos" --neg_threshold "$neg" --n_trials "$n_trials" --max_users "$MAX_USERS" --overwrite > "$wlog" 2>&1
./run_hpt_parallel.sh: line 111: 182810 Killed                  nohup python scripts/run_hyperparameter_tuning.py --config "$cfg" --arm d --threshold "$pos" --neg_threshold "$neg" --n_trials "$n_trials" --max_users "$MAX_USERS" --overwrite > "$wlog" 2>&1
./run_hpt_parallel.sh: line 111: 182811 Killed                  nohup python scripts/run_hyperparameter_tuning.py --config "$cfg" --arm d --threshold "$pos" --neg_threshold "$neg" --n_trials "$n_trials" --max_users "$MAX_USERS" --overwrite > "$wlog" 2>&1
./run_hpt_parallel.sh: line 111: 182812 Killed                  nohup python scripts/run_hyperparameter_tuning.py --config "$cfg" --arm d --threshold "$pos" --neg_threshold "$neg" --n_trials "$n_trials" --max_users "$MAX_USERS" --overwrite > "$wlog" 2>&1
./run_hpt_parallel.sh: line 111: 182813 Killed                  nohup python scripts/run_hyperparameter_tuning.py --config "$cfg" --arm d --threshold "$pos" --neg_threshold "$neg" --n_trials "$n_trials" --max_users "$MAX_USERS" --overwrite > "$wlog" 2>&1
./run_hpt_parallel.sh: line 111: 182814 Killed                  nohup python scripts/run_hyperparameter_tuning.py --config "$cfg" --arm d --threshold "$pos" --neg_threshold "$neg" --n_trials "$n_trials" --max_users "$MAX_USERS" --overwrite > "$wlog" 2>&1
./run_hpt_parallel.sh: line 111: 182815 Killed                  nohup python scripts/run_hyperparameter_tuning.py --config "$cfg" --arm d --threshold "$pos" --neg_threshold "$neg" --n_trials "$n_trials" --max_users "$MAX_USERS" --overwrite > "$wlog" 2>&1
./run_hpt_parallel.sh: line 111: 182816 Killed                  nohup python scripts/run_hyperparameter_tuning.py --config "$cfg" --arm d --threshold "$pos" --neg_threshold "$neg" --n_trials "$n_trials" --max_users "$MAX_USERS" --overwrite > "$wlog" 2>&1
./run_hpt_parallel.sh: line 111: 182817 Killed                  nohup python scripts/run_hyperparameter_tuning.py --config "$cfg" --arm d --threshold "$pos" --neg_threshold "$neg" --n_trials "$n_trials" --max_users "$MAX_USERS" --overwrite > "$wlog" 2>&1
./run_hpt_parallel.sh: line 111: 182818 Killed                  nohup python scripts/run_hyperparameter_tuning.py --config "$cfg" --arm d --threshold "$pos" --neg_threshold "$neg" --n_trials "$n_trials" --max_users "$MAX_USERS" --overwrite > "$wlog" 2>&1
./run_hpt_parallel.sh: line 111: 182819 Killed                  nohup python scripts/run_hyperparameter_tuning.py --config "$cfg" --arm d --threshold "$pos" --neg_threshold "$neg" --n_trials "$n_trials" --max_users "$MAX_USERS" --overwrite > "$wlog" 2>&1
./run_hpt_parallel.sh: line 111: 182820 Killed                  nohup python scripts/run_hyperparameter_tuning.py --config "$cfg" --arm d --threshold "$pos" --neg_threshold "$neg" --n_trials "$n_trials" --max_users "$MAX_USERS" --overwrite > "$wlog" 2>&1
./run_hpt_parallel.sh: line 111: 182821 Killed                  nohup python scripts/run_hyperparameter_tuning.py --config "$cfg" --arm d --threshold "$pos" --neg_threshold "$neg" --n_trials "$n_trials" --max_users "$MAX_USERS" --overwrite > "$wlog" 2>&1
./run_hpt_parallel.sh: line 111: 182822 Killed                  nohup python scripts/run_hyperparameter_tuning.py --config "$cfg" --arm d --threshold "$pos" --neg_threshold "$neg" --n_trials "$n_trials" --max_users "$MAX_USERS" --overwrite > "$wlog" 2>&1
./run_hpt_parallel.sh: line 111: 182823 Killed                  nohup python scripts/run_hyperparameter_tuning.py --config "$cfg" --arm d --threshold "$pos" --neg_threshold "$neg" --n_trials "$n_trials" --max_users "$MAX_USERS" --overwrite > "$wlog" 2>&1
./run_hpt_parallel.sh: line 111: 182824 Killed                  nohup python scripts/run_hyperparameter_tuning.py --config "$cfg" --arm d --threshold "$pos" --neg_threshold "$neg" --n_trials "$n_trials" --max_users "$MAX_USERS" --overwrite > "$wlog" 2>&1
./run_hpt_parallel.sh: line 111: 182825 Killed                  nohup python scripts/run_hyperparameter_tuning.py --config "$cfg" --arm d --threshold "$pos" --neg_threshold "$neg" --n_trials "$n_trials" --max_users "$MAX_USERS" --overwrite > "$wlog" 2>&1
./run_hpt_parallel.sh: line 111: 182826 Killed                  nohup python scripts/run_hyperparameter_tuning.py --config "$cfg" --arm d --threshold "$pos" --neg_threshold "$neg" --n_trials "$n_trials" --max_users "$MAX_USERS" --overwrite > "$wlog" 2>&1
./run_hpt_parallel.sh: line 111: 182827 Killed                  nohup python scripts/run_hyperparameter_tuning.py --config "$cfg" --arm d --threshold "$pos" --neg_threshold "$neg" --n_trials "$n_trials" --max_users "$MAX_USERS" --overwrite > "$wlog" 2>&1
./run_hpt_parallel.sh: line 111: 182828 Killed                  nohup python scripts/run_hyperparameter_tuning.py --config "$cfg" --arm d --threshold "$pos" --neg_threshold "$neg" --n_trials "$n_trials" --max_users "$MAX_USERS" --overwrite > "$wlog" 2>&1
./run_hpt_parallel.sh: line 111: 182829 Killed                  nohup python scripts/run_hyperparameter_tuning.py --config "$cfg" --arm d --threshold "$pos" --neg_threshold "$neg" --n_trials "$n_trials" --max_users "$MAX_USERS" --overwrite > "$wlog" 2>&1
./run_hpt_parallel.sh: line 111: 182830 Killed                  nohup python scripts/run_hyperparameter_tuning.py --config "$cfg" --arm d --threshold "$pos" --neg_threshold "$neg" --n_trials "$n_trials" --max_users "$MAX_USERS" --overwrite > "$wlog" 2>&1
./run_hpt_parallel.sh: line 111: 182831 Killed                  nohup python scripts/run_hyperparameter_tuning.py --config "$cfg" --arm d --threshold "$pos" --neg_threshold "$neg" --n_trials "$n_trials" --max_users "$MAX_USERS" --overwrite > "$wlog" 2>&1
./run_hpt_parallel.sh: line 111: 182832 Killed                  nohup python scripts/run_hyperparameter_tuning.py --config "$cfg" --arm d --threshold "$pos" --neg_threshold "$neg" --n_trials "$n_trials" --max_users "$MAX_USERS" --overwrite > "$wlog" 2>&1
./run_hpt_parallel.sh: line 111: 182833 Killed                  nohup python scripts/run_hyperparameter_tuning.py --config "$cfg" --arm d --threshold "$pos" --neg_threshold "$neg" --n_trials "$n_trials" --max_users "$MAX_USERS" --overwrite > "$wlog" 2>&1
./run_hpt_parallel.sh: line 111: 182834 Killed                  nohup python scripts/run_hyperparameter_tuning.py --config "$cfg" --arm d --threshold "$pos" --neg_threshold "$neg" --n_trials "$n_trials" --max_users "$MAX_USERS" --overwrite > "$wlog" 2>&1
./run_hpt_parallel.sh: line 111: 182835 Killed                  nohup python scripts/run_hyperparameter_tuning.py --config "$cfg" --arm d --threshold "$pos" --neg_threshold "$neg" --n_trials "$n_trials" --max_users "$MAX_USERS" --overwrite > "$wlog" 2>&1
./run_hpt_parallel.sh: line 111: 182836 Killed                  nohup python scripts/run_hyperparameter_tuning.py --config "$cfg" --arm d --threshold "$pos" --neg_threshold "$neg" --n_trials "$n_trials" --max_users "$MAX_USERS" --overwrite > "$wlog" 2>&1
./run_hpt_parallel.sh: line 111: 182837 Killed                  nohup python scripts/run_hyperparameter_tuning.py --config "$cfg" --arm d --threshold "$pos" --neg_threshold "$neg" --n_trials "$n_trials" --max_users "$MAX_USERS" --overwrite > "$wlog" 2>&1
./run_hpt_parallel.sh: line 111: 182838 Killed                  nohup python scripts/run_hyperparameter_tuning.py --config "$cfg" --arm d --threshold "$pos" --neg_threshold "$neg" --n_trials "$n_trials" --max_users "$MAX_USERS" --overwrite > "$wlog" 2>&1
./run_hpt_parallel.sh: line 111: 182839 Killed                  nohup python scripts/run_hyperparameter_tuning.py --config "$cfg" --arm d --threshold "$pos" --neg_threshold "$neg" --n_trials "$n_trials" --max_users "$MAX_USERS" --overwrite > "$wlog" 2>&1
./run_hpt_parallel.sh: line 111: 182840 Killed                  nohup python scripts/run_hyperparameter_tuning.py --config "$cfg" --arm d --threshold "$pos" --neg_threshold "$neg" --n_trials "$n_trials" --max_users "$MAX_USERS" --overwrite > "$wlog" 2>&1
./run_hpt_parallel.sh: line 111: 182841 Killed                  nohup python scripts/run_hyperparameter_tuning.py --config "$cfg" --arm d --threshold "$pos" --neg_threshold "$neg" --n_trials "$n_trials" --max_users "$MAX_USERS" --overwrite > "$wlog" 2>&1
./run_hpt_parallel.sh: line 111: 182842 Killed                  nohup python scripts/run_hyperparameter_tuning.py --config "$cfg" --arm d --threshold "$pos" --neg_threshold "$neg" --n_trials "$n_trials" --max_users "$MAX_USERS" --overwrite > "$wlog" 2>&1
./run_hpt_parallel.sh: line 111: 182843 Killed                  nohup python scripts/run_hyperparameter_tuning.py --config "$cfg" --arm d --threshold "$pos" --neg_threshold "$neg" --n_trials "$n_trials" --max_users "$MAX_USERS" --overwrite > "$wlog" 2>&1
./run_hpt_parallel.sh: line 111: 182844 Killed                  nohup python scripts/run_hyperparameter_tuning.py --config "$cfg" --arm d --threshold "$pos" --neg_threshold "$neg" --n_trials "$n_trials" --max_users "$MAX_USERS" --overwrite > "$wlog" 2>&1
./run_hpt_parallel.sh: line 111: 182845 Killed                  nohup python scripts/run_hyperparameter_tuning.py --config "$cfg" --arm d --threshold "$pos" --neg_threshold "$neg" --n_trials "$n_trials" --max_users "$MAX_USERS" --overwrite > "$wlog" 2>&1
./run_hpt_parallel.sh: line 111: 182846 Killed                  nohup python scripts/run_hyperparameter_tuning.py --config "$cfg" --arm d --threshold "$pos" --neg_threshold "$neg" --n_trials "$n_trials" --max_users "$MAX_USERS" --overwrite > "$wlog" 2>&1
./run_hpt_parallel.sh: line 111: 182847 Killed                  nohup python scripts/run_hyperparameter_tuning.py --config "$cfg" --arm d --threshold "$pos" --neg_threshold "$neg" --n_trials "$n_trials" --max_users "$MAX_USERS" --overwrite > "$wlog" 2>&1
./run_hpt_parallel.sh: line 111: 182848 Killed                  nohup python scripts/run_hyperparameter_tuning.py --config "$cfg" --arm d --threshold "$pos" --neg_threshold "$neg" --n_trials "$n_trials" --max_users "$MAX_USERS" --overwrite > "$wlog" 2>&1
./run_hpt_parallel.sh: line 111: 182849 Killed                  nohup python scripts/run_hyperparameter_tuning.py --config "$cfg" --arm d --threshold "$pos" --neg_threshold "$neg" --n_trials "$n_trials" --max_users "$MAX_USERS" --overwrite > "$wlog" 2>&1
./run_hpt_parallel.sh: line 111: 182850 Killed                  nohup python scripts/run_hyperparameter_tuning.py --config "$cfg" --arm d --threshold "$pos" --neg_threshold "$neg" --n_trials "$n_trials" --max_users "$MAX_USERS" --overwrite > "$wlog" 2>&1
./run_hpt_parallel.sh: line 111: 182851 Killed                  nohup python scripts/run_hyperparameter_tuning.py --config "$cfg" --arm d --threshold "$pos" --neg_threshold "$neg" --n_trials "$n_trials" --max_users "$MAX_USERS" --overwrite > "$wlog" 2>&1
./run_hpt_parallel.sh: line 111: 182852 Killed                  nohup python scripts/run_hyperparameter_tuning.py --config "$cfg" --arm d --threshold "$pos" --neg_threshold "$neg" --n_trials "$n_trials" --max_users "$MAX_USERS" --overwrite > "$wlog" 2>&1
./run_hpt_parallel.sh: line 111: 182853 Killed                  nohup python scripts/run_hyperparameter_tuning.py --config "$cfg" --arm d --threshold "$pos" --neg_threshold "$neg" --n_trials "$n_trials" --max_users "$MAX_USERS" --overwrite > "$wlog" 2>&1
./run_hpt_parallel.sh: line 111: 182855 Killed                  nohup python scripts/run_hyperparameter_tuning.py --config "$cfg" --arm d --threshold "$pos" --neg_threshold "$neg" --n_trials "$n_trials" --max_users "$MAX_USERS" --overwrite > "$wlog" 2>&1
./run_hpt_parallel.sh: line 111: 182857 Killed                  nohup python scripts/run_hyperparameter_tuning.py --config "$cfg" --arm d --threshold "$pos" --neg_threshold "$neg" --n_trials "$n_trials" --max_users "$MAX_USERS" --overwrite > "$wlog" 2>&1
./run_hpt_parallel.sh: line 111: 182858 Killed                  nohup python scripts/run_hyperparameter_tuning.py --config "$cfg" --arm d --threshold "$pos" --neg_threshold "$neg" --n_trials "$n_trials" --max_users "$MAX_USERS" --overwrite > "$wlog" 2>&1
./run_hpt_parallel.sh: line 111: 182859 Killed                  nohup python scripts/run_hyperparameter_tuning.py --config "$cfg" --arm d --threshold "$pos" --neg_threshold "$neg" --n_trials "$n_trials" --max_users "$MAX_USERS" --overwrite > "$wlog" 2>&1
./run_hpt_parallel.sh: line 111: 182860 Killed                  nohup python scripts/run_hyperparameter_tuning.py --config "$cfg" --arm d --threshold "$pos" --neg_threshold "$neg" --n_trials "$n_trials" --max_users "$MAX_USERS" --overwrite > "$wlog" 2>&1
./run_hpt_parallel.sh: line 111: 182861 Killed                  nohup python scripts/run_hyperparameter_tuning.py --config "$cfg" --arm d --threshold "$pos" --neg_threshold "$neg" --n_trials "$n_trials" --max_users "$MAX_USERS" --overwrite > "$wlog" 2>&1
./run_hpt_parallel.sh: line 111: 182862 Killed                  nohup python scripts/run_hyperparameter_tuning.py --config "$cfg" --arm d --threshold "$pos" --neg_threshold "$neg" --n_trials "$n_trials" --max_users "$MAX_USERS" --overwrite > "$wlog" 2>&1
./run_hpt_parallel.sh: line 111: 182863 Killed                  nohup python scripts/run_hyperparameter_tuning.py --config "$cfg" --arm d --threshold "$pos" --neg_threshold "$neg" --n_trials "$n_trials" --max_users "$MAX_USERS" --overwrite > "$wlog" 2>&1
./run_hpt_parallel.sh: line 111: 182864 Killed                  nohup python scripts/run_hyperparameter_tuning.py --config "$cfg" --arm d --threshold "$pos" --neg_threshold "$neg" --n_trials "$n_trials" --max_users "$MAX_USERS" --overwrite > "$wlog" 2>&1
./run_hpt_parallel.sh: line 111: 182865 Killed                  nohup python scripts/run_hyperparameter_tuning.py --config "$cfg" --arm d --threshold "$pos" --neg_threshold "$neg" --n_trials "$n_trials" --max_users "$MAX_USERS" --overwrite > "$wlog" 2>&1
./run_hpt_parallel.sh: line 111: 182866 Killed                  nohup python scripts/run_hyperparameter_tuning.py --config "$cfg" --arm d --threshold "$pos" --neg_threshold "$neg" --n_trials "$n_trials" --max_users "$MAX_USERS" --overwrite > "$wlog" 2>&1
./run_hpt_parallel.sh: line 111: 182867 Killed                  nohup python scripts/run_hyperparameter_tuning.py --config "$cfg" --arm d --threshold "$pos" --neg_threshold "$neg" --n_trials "$n_trials" --max_users "$MAX_USERS" --overwrite > "$wlog" 2>&1
./run_hpt_parallel.sh: line 111: 182868 Killed                  nohup python scripts/run_hyperparameter_tuning.py --config "$cfg" --arm d --threshold "$pos" --neg_threshold "$neg" --n_trials "$n_trials" --max_users "$MAX_USERS" --overwrite > "$wlog" 2>&1
./run_hpt_parallel.sh: line 111: 182869 Killed                  nohup python scripts/run_hyperparameter_tuning.py --config "$cfg" --arm d --threshold "$pos" --neg_threshold "$neg" --n_trials "$n_trials" --max_users "$MAX_USERS" --overwrite > "$wlog" 2>&1
./run_hpt_parallel.sh: line 111: 182870 Killed                  nohup python scripts/run_hyperparameter_tuning.py --config "$cfg" --arm d --threshold "$pos" --neg_threshold "$neg" --n_trials "$n_trials" --max_users "$MAX_USERS" --overwrite > "$wlog" 2>&1
./run_hpt_parallel.sh: line 111: 182871 Killed                  nohup python scripts/run_hyperparameter_tuning.py --config "$cfg" --arm d --threshold "$pos" --neg_threshold "$neg" --n_trials "$n_trials" --max_users "$MAX_USERS" --overwrite > "$wlog" 2>&1
./run_hpt_parallel.sh: line 111: 182872 Killed                  nohup python scripts/run_hyperparameter_tuning.py --config "$cfg" --arm d --threshold "$pos" --neg_threshold "$neg" --n_trials "$n_trials" --max_users "$MAX_USERS" --overwrite > "$wlog" 2>&1
./run_hpt_parallel.sh: line 111: 182676 Killed                  nohup python scripts/run_hyperparameter_tuning.py --config "$cfg" --arm d --threshold "$pos" --neg_threshold "$neg" --n_trials "$n_trials" --max_users "$MAX_USERS" --overwrite > "$wlog" 2>&1
./run_hpt_parallel.sh: line 111: 182678 Killed                  nohup python scripts/run_hyperparameter_tuning.py --config "$cfg" --arm d --threshold "$pos" --neg_threshold "$neg" --n_trials "$n_trials" --max_users "$MAX_USERS" --overwrite > "$wlog" 2>&1
./run_hpt_parallel.sh: line 111: 182688 Killed                  nohup python scripts/run_hyperparameter_tuning.py --config "$cfg" --arm d --threshold "$pos" --neg_threshold "$neg" --n_trials "$n_trials" --max_users "$MAX_USERS" --overwrite > "$wlog" 2>&1
./run_hpt_parallel.sh: line 111: 182698 Killed                  nohup python scripts/run_hyperparameter_tuning.py --config "$cfg" --arm d --threshold "$pos" --neg_threshold "$neg" --n_trials "$n_trials" --max_users "$MAX_USERS" --overwrite > "$wlog" 2>&1
./run_hpt_parallel.sh: line 111: 182701 Killed                  nohup python scripts/run_hyperparameter_tuning.py --config "$cfg" --arm d --threshold "$pos" --neg_threshold "$neg" --n_trials "$n_trials" --max_users "$MAX_USERS" --overwrite > "$wlog" 2>&1
./run_hpt_parallel.sh: line 111: 182706 Killed                  nohup python scripts/run_hyperparameter_tuning.py --config "$cfg" --arm d --threshold "$pos" --neg_threshold "$neg" --n_trials "$n_trials" --max_users "$MAX_USERS" --overwrite > "$wlog" 2>&1
./run_hpt_parallel.sh: line 111: 182709 Killed                  nohup python scripts/run_hyperparameter_tuning.py --config "$cfg" --arm d --threshold "$pos" --neg_threshold "$neg" --n_trials "$n_trials" --max_users "$MAX_USERS" --overwrite > "$wlog" 2>&1
./run_hpt_parallel.sh: line 111: 182717 Killed                  nohup python scripts/run_hyperparameter_tuning.py --config "$cfg" --arm d --threshold "$pos" --neg_threshold "$neg" --n_trials "$n_trials" --max_users "$MAX_USERS" --overwrite > "$wlog" 2>&1
./run_hpt_parallel.sh: line 111: 182736 Killed                  nohup python scripts/run_hyperparameter_tuning.py --config "$cfg" --arm d --threshold "$pos" --neg_threshold "$neg" --n_trials "$n_trials" --max_users "$MAX_USERS" --overwrite > "$wlog" 2>&1
./run_hpt_parallel.sh: line 111: 182745 Killed                  nohup python scripts/run_hyperparameter_tuning.py --config "$cfg" --arm d --threshold "$pos" --neg_threshold "$neg" --n_trials "$n_trials" --max_users "$MAX_USERS" --overwrite > "$wlog" 2>&1
./run_hpt_parallel.sh: line 111: 182747 Killed                  nohup python scripts/run_hyperparameter_tuning.py --config "$cfg" --arm d --threshold "$pos" --neg_threshold "$neg" --n_trials "$n_trials" --max_users "$MAX_USERS" --overwrite > "$wlog" 2>&1
./run_hpt_parallel.sh: line 111: 182749 Killed                  nohup python scripts/run_hyperparameter_tuning.py --config "$cfg" --arm d --threshold "$pos" --neg_threshold "$neg" --n_trials "$n_trials" --max_users "$MAX_USERS" --overwrite > "$wlog" 2>&1
./run_hpt_parallel.sh: line 111: 182756 Killed                  nohup python scripts/run_hyperparameter_tuning.py --config "$cfg" --arm d --threshold "$pos" --neg_threshold "$neg" --n_trials "$n_trials" --max_users "$MAX_USERS" --overwrite > "$wlog" 2>&1
./run_hpt_parallel.sh: line 111: 182758 Killed                  nohup python scripts/run_hyperparameter_tuning.py --config "$cfg" --arm d --threshold "$pos" --neg_threshold "$neg" --n_trials "$n_trials" --max_users "$MAX_USERS" --overwrite > "$wlog" 2>&1
./run_hpt_parallel.sh: line 111: 182760 Killed                  nohup python scripts/run_hyperparameter_tuning.py --config "$cfg" --arm d --threshold "$pos" --neg_threshold "$neg" --n_trials "$n_trials" --max_users "$MAX_USERS" --overwrite > "$wlog" 2>&1
./run_hpt_parallel.sh: line 111: 182779 Killed                  nohup python scripts/run_hyperparameter_tuning.py --config "$cfg" --arm d --threshold "$pos" --neg_threshold "$neg" --n_trials "$n_trials" --max_users "$MAX_USERS" --overwrite > "$wlog" 2>&1
./run_hpt_parallel.sh: line 111: 182791 Killed                  nohup python scripts/run_hyperparameter_tuning.py --config "$cfg" --arm d --threshold "$pos" --neg_threshold "$neg" --n_trials "$n_trials" --max_users "$MAX_USERS" --overwrite > "$wlog" 2>&1
./run_hpt_parallel.sh: line 111: 182793 Killed                  nohup python scripts/run_hyperparameter_tuning.py --config "$cfg" --arm d --threshold "$pos" --neg_threshold "$neg" --n_trials "$n_trials" --max_users "$MAX_USERS" --overwrite > "$wlog" 2>&1
./run_hpt_parallel.sh: line 111: 182806 Killed                  nohup python scripts/run_hyperparameter_tuning.py --config "$cfg" --arm d --threshold "$pos" --neg_threshold "$neg" --n_trials "$n_trials" --max_users "$MAX_USERS" --overwrite > "$wlog" 2>&1
./run_hpt_parallel.sh: line 111: 182854 Killed                  nohup python scripts/run_hyperparameter_tuning.py --config "$cfg" --arm d --threshold "$pos" --neg_threshold "$neg" --n_trials "$n_trials" --max_users "$MAX_USERS" --overwrite > "$wlog" 2>&1
./run_hpt_parallel.sh: line 111: 182856 Killed                  nohup python scripts/run_hyperparameter_tuning.py --config "$cfg" --arm d --threshold "$pos" --neg_threshold "$neg" --n_trials "$n_trials" --max_users "$MAX_USERS" --overwrite > "$wlog" 2>&1
  WARNING: one or more workers exited non-zero — check logs
  Results:
    w1: 
    w2: 
    w3: 
    w4: 
    w5: 
    w6: 
    w7: 
    w8: 
    w9: 
    w10: 
    w11: 
    w12: 
    w13: 
    w14: 
    w15: 
    w16: 
    w17: 
    w18: 
    w19: 
    w20: 
    w21: 
    w22: 
    w23: 
    w24: 
    w25: 
    w26: 
    w27: 
    w28: 
    w29: 
    w30: 
    w31: 
    w32: 
    w33: 
    w34: 
    w35: 
    w36: 
    w37: 
    w38: 
    w39: 
    w40: 
    w41: 
    w42: 
    w43: 
    w44: 
    w45: 
    w46: 
    w47: 
    w48: 
    w49: 
    w50: 
    w51: 
    w52: 
    w53: 
    w54: 
    w55: 
    w56: 
    w57: 
    w58: 
    w59: 
    w60: 
    w61: 
    w62: 
    w63: 
    w64: 
    w65: 
    w66: 
    w67: 
    w68: 
    w69: 
    w70: 
    w71: 
    w72: 
    w73: 
    w74: 
    w75: 
    w76: 
    w77: 
    w78: 
    w79: 
    w80: 
    w81: 
    w82: 
    w83: 
    w84: 
    w85: 
    w86: 
    w87: 
    w88: 
    w89: 
    w90: 
    w91: 
    w92: 
    w93: 
    w94: 
    w95: 
    w96: 
    w97: 
    w98: 
    w99: 
    w100: 
    w101: 
    w102: 
    w103: 
    w104: 
    w105: 
    w106: 
    w107: 
    w108: 
    w109: 
    w110: 
    w111: 
    w112: 
    w113: 
    w114: 
    w115: 
    w116: 
    w117: 
    w118: 
    w119: 
    w120: 
    w121: 
    w122: 
    w123: 
    w124: 
    w125: 
    w126: 
    w127: 
    w128: 
    w129: 
    w130: 
    w131: 
    w132: 
    w133: 
    w134: 
    w135: 
    w136: 
    w137: 
    w138: 
    w139: 
    w140: 
    w141: 
    w142: 
    w143: 
    w144: 
    w145: 
    w146: 
    w147: 
    w148: 
    w149: 
    w150: 
    w151: 
    w152: 
    w153: 
    w154: 
    w155: 
    w156: 
    w157: 
    w158: 
    w159: 
    w160: 
    w161: 
    w162: 
    w163: 
    w164: 
    w165: 
    w166: 
    w167: 
    w168: 
    w169: 
    w170: 
    w171: 
    w172: 
    w173: 
    w174: 
    w175: 
    w176: 
    w177: 
    w178: 
    w179: 
    w180: 
    w181: 
    w182: 
    w183: 
    w184: 
    w185: 
    w186: 
    w187: 
    w188: 
    w189: 
    w190: 
    w191: 
    w192: 
    w193: 
    w194: 
    w195: 
    w196: 
    w197: 
    w198: 
    w199: 
    w200: 

══════════════════════════════════════════════════════════════
  Launching 200 workers: movielens_10m / p3_n2
  Config: configs/movielens_10m.yaml  |  pos≥3 neg≤2
  Total target trials: 150  |  MAX_USERS: 5000
  Workers share: outputs/movielens/10m/tuning/arm_d/pos_ge_3_neg_le_2/study.db
══════════════════════════════════════════════════════════════
  [w1] PID 183653  →  logs/hpt_parallel_20260529_225527_movielens_10m_p3_n2_w1.log
  [w2] PID 183654  →  logs/hpt_parallel_20260529_225527_movielens_10m_p3_n2_w2.log
  [w3] PID 183655  →  logs/hpt_parallel_20260529_225527_movielens_10m_p3_n2_w3.log
  [w4] PID 183656  →  logs/hpt_parallel_20260529_225527_movielens_10m_p3_n2_w4.log
  [w5] PID 183657  →  logs/hpt_parallel_20260529_225527_movielens_10m_p3_n2_w5.log
  [w6] PID 183658  →  logs/hpt_parallel_20260529_225527_movielens_10m_p3_n2_w6.log
  [w7] PID 183659  →  logs/hpt_parallel_20260529_225527_movielens_10m_p3_n2_w7.log
  [w8] PID 183660  →  logs/hpt_parallel_20260529_225527_movielens_10m_p3_n2_w8.log
  [w9] PID 183661  →  logs/hpt_parallel_20260529_225527_movielens_10m_p3_n2_w9.log
  [w10] PID 183662  →  logs/hpt_parallel_20260529_225527_movielens_10m_p3_n2_w10.log
  [w11] PID 183663  →  logs/hpt_parallel_20260529_225527_movielens_10m_p3_n2_w11.log
  [w12] PID 183664  →  logs/hpt_parallel_20260529_225527_movielens_10m_p3_n2_w12.log
  [w13] PID 183665  →  logs/hpt_parallel_20260529_225527_movielens_10m_p3_n2_w13.log
  [w14] PID 183666  →  logs/hpt_parallel_20260529_225527_movielens_10m_p3_n2_w14.log
  [w15] PID 183667  →  logs/hpt_parallel_20260529_225527_movielens_10m_p3_n2_w15.log
  [w16] PID 183668  →  logs/hpt_parallel_20260529_225527_movielens_10m_p3_n2_w16.log
  [w17] PID 183669  →  logs/hpt_parallel_20260529_225527_movielens_10m_p3_n2_w17.log
  [w18] PID 183670  →  logs/hpt_parallel_20260529_225527_movielens_10m_p3_n2_w18.log
  [w19] PID 183671  →  logs/hpt_parallel_20260529_225527_movielens_10m_p3_n2_w19.log
  [w20] PID 183672  →  logs/hpt_parallel_20260529_225527_movielens_10m_p3_n2_w20.log
  [w21] PID 183673  →  logs/hpt_parallel_20260529_225527_movielens_10m_p3_n2_w21.log
  [w22] PID 183674  →  logs/hpt_parallel_20260529_225527_movielens_10m_p3_n2_w22.log
  [w23] PID 183675  →  logs/hpt_parallel_20260529_225527_movielens_10m_p3_n2_w23.log
  [w24] PID 183676  →  logs/hpt_parallel_20260529_225527_movielens_10m_p3_n2_w24.log
  [w25] PID 183677  →  logs/hpt_parallel_20260529_225527_movielens_10m_p3_n2_w25.log
  [w26] PID 183678  →  logs/hpt_parallel_20260529_225527_movielens_10m_p3_n2_w26.log
  [w27] PID 183679  →  logs/hpt_parallel_20260529_225527_movielens_10m_p3_n2_w27.log
  [w28] PID 183680  →  logs/hpt_parallel_20260529_225527_movielens_10m_p3_n2_w28.log
  [w29] PID 183681  →  logs/hpt_parallel_20260529_225527_movielens_10m_p3_n2_w29.log
  [w30] PID 183682  →  logs/hpt_parallel_20260529_225527_movielens_10m_p3_n2_w30.log
  [w31] PID 183683  →  logs/hpt_parallel_20260529_225527_movielens_10m_p3_n2_w31.log
  [w32] PID 183684  →  logs/hpt_parallel_20260529_225527_movielens_10m_p3_n2_w32.log
  [w33] PID 183685  →  logs/hpt_parallel_20260529_225527_movielens_10m_p3_n2_w33.log
  [w34] PID 183686  →  logs/hpt_parallel_20260529_225527_movielens_10m_p3_n2_w34.log
  [w35] PID 183687  →  logs/hpt_parallel_20260529_225527_movielens_10m_p3_n2_w35.log
  [w36] PID 183688  →  logs/hpt_parallel_20260529_225527_movielens_10m_p3_n2_w36.log
  [w37] PID 183689  →  logs/hpt_parallel_20260529_225527_movielens_10m_p3_n2_w37.log
  [w38] PID 183690  →  logs/hpt_parallel_20260529_225527_movielens_10m_p3_n2_w38.log
  [w39] PID 183691  →  logs/hpt_parallel_20260529_225527_movielens_10m_p3_n2_w39.log
  [w40] PID 183692  →  logs/hpt_parallel_20260529_225527_movielens_10m_p3_n2_w40.log
  [w41] PID 183693  →  logs/hpt_parallel_20260529_225527_movielens_10m_p3_n2_w41.log
  [w42] PID 183694  →  logs/hpt_parallel_20260529_225527_movielens_10m_p3_n2_w42.log
  [w43] PID 183695  →  logs/hpt_parallel_20260529_225527_movielens_10m_p3_n2_w43.log
  [w44] PID 183696  →  logs/hpt_parallel_20260529_225527_movielens_10m_p3_n2_w44.log
  [w45] PID 183697  →  logs/hpt_parallel_20260529_225527_movielens_10m_p3_n2_w45.log
  [w46] PID 183698  →  logs/hpt_parallel_20260529_225527_movielens_10m_p3_n2_w46.log
  [w47] PID 183699  →  logs/hpt_parallel_20260529_225527_movielens_10m_p3_n2_w47.log
  [w48] PID 183700  →  logs/hpt_parallel_20260529_225527_movielens_10m_p3_n2_w48.log
  [w49] PID 183701  →  logs/hpt_parallel_20260529_225527_movielens_10m_p3_n2_w49.log
  [w50] PID 183702  →  logs/hpt_parallel_20260529_225527_movielens_10m_p3_n2_w50.log
  [w51] PID 183703  →  logs/hpt_parallel_20260529_225527_movielens_10m_p3_n2_w51.log
  [w52] PID 183704  →  logs/hpt_parallel_20260529_225527_movielens_10m_p3_n2_w52.log
  [w53] PID 183705  →  logs/hpt_parallel_20260529_225527_movielens_10m_p3_n2_w53.log
  [w54] PID 183706  →  logs/hpt_parallel_20260529_225527_movielens_10m_p3_n2_w54.log
  [w55] PID 183707  →  logs/hpt_parallel_20260529_225527_movielens_10m_p3_n2_w55.log
  [w56] PID 183708  →  logs/hpt_parallel_20260529_225527_movielens_10m_p3_n2_w56.log
  [w57] PID 183709  →  logs/hpt_parallel_20260529_225527_movielens_10m_p3_n2_w57.log
  [w58] PID 183710  →  logs/hpt_parallel_20260529_225527_movielens_10m_p3_n2_w58.log
  [w59] PID 183711  →  logs/hpt_parallel_20260529_225527_movielens_10m_p3_n2_w59.log
  [w60] PID 183712  →  logs/hpt_parallel_20260529_225527_movielens_10m_p3_n2_w60.log
  [w61] PID 183713  →  logs/hpt_parallel_20260529_225527_movielens_10m_p3_n2_w61.log
  [w62] PID 183714  →  logs/hpt_parallel_20260529_225527_movielens_10m_p3_n2_w62.log
  [w63] PID 183715  →  logs/hpt_parallel_20260529_225527_movielens_10m_p3_n2_w63.log
  [w64] PID 183716  →  logs/hpt_parallel_20260529_225527_movielens_10m_p3_n2_w64.log
  [w65] PID 183717  →  logs/hpt_parallel_20260529_225527_movielens_10m_p3_n2_w65.log
  [w66] PID 183718  →  logs/hpt_parallel_20260529_225527_movielens_10m_p3_n2_w66.log
  [w67] PID 183719  →  logs/hpt_parallel_20260529_225527_movielens_10m_p3_n2_w67.log
  [w68] PID 183720  →  logs/hpt_parallel_20260529_225527_movielens_10m_p3_n2_w68.log
  [w69] PID 183721  →  logs/hpt_parallel_20260529_225527_movielens_10m_p3_n2_w69.log
  [w70] PID 183722  →  logs/hpt_parallel_20260529_225527_movielens_10m_p3_n2_w70.log
  [w71] PID 183723  →  logs/hpt_parallel_20260529_225527_movielens_10m_p3_n2_w71.log
  [w72] PID 183724  →  logs/hpt_parallel_20260529_225527_movielens_10m_p3_n2_w72.log
  [w73] PID 183725  →  logs/hpt_parallel_20260529_225527_movielens_10m_p3_n2_w73.log
  [w74] PID 183726  →  logs/hpt_parallel_20260529_225527_movielens_10m_p3_n2_w74.log
  [w75] PID 183727  →  logs/hpt_parallel_20260529_225527_movielens_10m_p3_n2_w75.log
  [w76] PID 183728  →  logs/hpt_parallel_20260529_225527_movielens_10m_p3_n2_w76.log
  [w77] PID 183729  →  logs/hpt_parallel_20260529_225527_movielens_10m_p3_n2_w77.log
  [w78] PID 183730  →  logs/hpt_parallel_20260529_225527_movielens_10m_p3_n2_w78.log
  [w79] PID 183731  →  logs/hpt_parallel_20260529_225527_movielens_10m_p3_n2_w79.log
  [w80] PID 183732  →  logs/hpt_parallel_20260529_225527_movielens_10m_p3_n2_w80.log
  [w81] PID 183733  →  logs/hpt_parallel_20260529_225527_movielens_10m_p3_n2_w81.log
  [w82] PID 183736  →  logs/hpt_parallel_20260529_225527_movielens_10m_p3_n2_w82.log
  [w83] PID 183737  →  logs/hpt_parallel_20260529_225527_movielens_10m_p3_n2_w83.log
  [w84] PID 183738  →  logs/hpt_parallel_20260529_225527_movielens_10m_p3_n2_w84.log
  [w85] PID 183739  →  logs/hpt_parallel_20260529_225527_movielens_10m_p3_n2_w85.log
  [w86] PID 183740  →  logs/hpt_parallel_20260529_225527_movielens_10m_p3_n2_w86.log
  [w87] PID 183745  →  logs/hpt_parallel_20260529_225527_movielens_10m_p3_n2_w87.log
  [w88] PID 183746  →  logs/hpt_parallel_20260529_225527_movielens_10m_p3_n2_w88.log
  [w89] PID 183748  →  logs/hpt_parallel_20260529_225527_movielens_10m_p3_n2_w89.log
  [w90] PID 183749  →  logs/hpt_parallel_20260529_225527_movielens_10m_p3_n2_w90.log
  [w91] PID 183754  →  logs/hpt_parallel_20260529_225527_movielens_10m_p3_n2_w91.log
  [w92] PID 183755  →  logs/hpt_parallel_20260529_225527_movielens_10m_p3_n2_w92.log
  [w93] PID 183756  →  logs/hpt_parallel_20260529_225527_movielens_10m_p3_n2_w93.log
  [w94] PID 183758  →  logs/hpt_parallel_20260529_225527_movielens_10m_p3_n2_w94.log
  [w95] PID 183761  →  logs/hpt_parallel_20260529_225527_movielens_10m_p3_n2_w95.log
  [w96] PID 183762  →  logs/hpt_parallel_20260529_225527_movielens_10m_p3_n2_w96.log
  [w97] PID 183763  →  logs/hpt_parallel_20260529_225527_movielens_10m_p3_n2_w97.log
  [w98] PID 183764  →  logs/hpt_parallel_20260529_225527_movielens_10m_p3_n2_w98.log
  [w99] PID 183767  →  logs/hpt_parallel_20260529_225527_movielens_10m_p3_n2_w99.log
  [w100] PID 183768  →  logs/hpt_parallel_20260529_225527_movielens_10m_p3_n2_w100.log
  [w101] PID 183770  →  logs/hpt_parallel_20260529_225527_movielens_10m_p3_n2_w101.log
  [w102] PID 183771  →  logs/hpt_parallel_20260529_225527_movielens_10m_p3_n2_w102.log
  [w103] PID 183772  →  logs/hpt_parallel_20260529_225527_movielens_10m_p3_n2_w103.log
  [w104] PID 183773  →  logs/hpt_parallel_20260529_225527_movielens_10m_p3_n2_w104.log
  [w105] PID 183775  →  logs/hpt_parallel_20260529_225527_movielens_10m_p3_n2_w105.log
  [w106] PID 183777  →  logs/hpt_parallel_20260529_225527_movielens_10m_p3_n2_w106.log
  [w107] PID 183778  →  logs/hpt_parallel_20260529_225527_movielens_10m_p3_n2_w107.log
  [w108] PID 183780  →  logs/hpt_parallel_20260529_225527_movielens_10m_p3_n2_w108.log
  [w109] PID 183781  →  logs/hpt_parallel_20260529_225527_movielens_10m_p3_n2_w109.log
  [w110] PID 183784  →  logs/hpt_parallel_20260529_225527_movielens_10m_p3_n2_w110.log
  [w111] PID 183785  →  logs/hpt_parallel_20260529_225527_movielens_10m_p3_n2_w111.log
  [w112] PID 183786  →  logs/hpt_parallel_20260529_225527_movielens_10m_p3_n2_w112.log
  [w113] PID 183789  →  logs/hpt_parallel_20260529_225527_movielens_10m_p3_n2_w113.log
  [w114] PID 183790  →  logs/hpt_parallel_20260529_225527_movielens_10m_p3_n2_w114.log
  [w115] PID 183793  →  logs/hpt_parallel_20260529_225527_movielens_10m_p3_n2_w115.log
  [w116] PID 183794  →  logs/hpt_parallel_20260529_225527_movielens_10m_p3_n2_w116.log
  [w117] PID 183795  →  logs/hpt_parallel_20260529_225527_movielens_10m_p3_n2_w117.log
  [w118] PID 183797  →  logs/hpt_parallel_20260529_225527_movielens_10m_p3_n2_w118.log
  [w119] PID 183798  →  logs/hpt_parallel_20260529_225527_movielens_10m_p3_n2_w119.log
  [w120] PID 183799  →  logs/hpt_parallel_20260529_225527_movielens_10m_p3_n2_w120.log
  [w121] PID 183800  →  logs/hpt_parallel_20260529_225527_movielens_10m_p3_n2_w121.log
  [w122] PID 183801  →  logs/hpt_parallel_20260529_225527_movielens_10m_p3_n2_w122.log
  [w123] PID 183802  →  logs/hpt_parallel_20260529_225527_movielens_10m_p3_n2_w123.log
  [w124] PID 183804  →  logs/hpt_parallel_20260529_225527_movielens_10m_p3_n2_w124.log
  [w125] PID 183806  →  logs/hpt_parallel_20260529_225527_movielens_10m_p3_n2_w125.log
  [w126] PID 183807  →  logs/hpt_parallel_20260529_225527_movielens_10m_p3_n2_w126.log
  [w127] PID 183808  →  logs/hpt_parallel_20260529_225527_movielens_10m_p3_n2_w127.log
  [w128] PID 183810  →  logs/hpt_parallel_20260529_225527_movielens_10m_p3_n2_w128.log
  [w129] PID 183812  →  logs/hpt_parallel_20260529_225527_movielens_10m_p3_n2_w129.log
  [w130] PID 183814  →  logs/hpt_parallel_20260529_225527_movielens_10m_p3_n2_w130.log
  [w131] PID 183816  →  logs/hpt_parallel_20260529_225527_movielens_10m_p3_n2_w131.log
  [w132] PID 183817  →  logs/hpt_parallel_20260529_225527_movielens_10m_p3_n2_w132.log
  [w133] PID 183818  →  logs/hpt_parallel_20260529_225527_movielens_10m_p3_n2_w133.log
  [w134] PID 183819  →  logs/hpt_parallel_20260529_225527_movielens_10m_p3_n2_w134.log
  [w135] PID 183820  →  logs/hpt_parallel_20260529_225527_movielens_10m_p3_n2_w135.log
  [w136] PID 183821  →  logs/hpt_parallel_20260529_225527_movielens_10m_p3_n2_w136.log
  [w137] PID 183822  →  logs/hpt_parallel_20260529_225527_movielens_10m_p3_n2_w137.log
  [w138] PID 183824  →  logs/hpt_parallel_20260529_225527_movielens_10m_p3_n2_w138.log
  [w139] PID 183825  →  logs/hpt_parallel_20260529_225527_movielens_10m_p3_n2_w139.log
  [w140] PID 183827  →  logs/hpt_parallel_20260529_225527_movielens_10m_p3_n2_w140.log
  [w141] PID 183828  →  logs/hpt_parallel_20260529_225527_movielens_10m_p3_n2_w141.log
  [w142] PID 183830  →  logs/hpt_parallel_20260529_225527_movielens_10m_p3_n2_w142.log
  [w143] PID 183832  →  logs/hpt_parallel_20260529_225527_movielens_10m_p3_n2_w143.log
  [w144] PID 183833  →  logs/hpt_parallel_20260529_225527_movielens_10m_p3_n2_w144.log
  [w145] PID 183834  →  logs/hpt_parallel_20260529_225527_movielens_10m_p3_n2_w145.log
  [w146] PID 183836  →  logs/hpt_parallel_20260529_225527_movielens_10m_p3_n2_w146.log
  [w147] PID 183837  →  logs/hpt_parallel_20260529_225527_movielens_10m_p3_n2_w147.log
  [w148] PID 183838  →  logs/hpt_parallel_20260529_225527_movielens_10m_p3_n2_w148.log
  [w149] PID 183839  →  logs/hpt_parallel_20260529_225527_movielens_10m_p3_n2_w149.log
  [w150] PID 183840  →  logs/hpt_parallel_20260529_225527_movielens_10m_p3_n2_w150.log
  [w151] PID 183841  →  logs/hpt_parallel_20260529_225527_movielens_10m_p3_n2_w151.log
  [w152] PID 183842  →  logs/hpt_parallel_20260529_225527_movielens_10m_p3_n2_w152.log
  [w153] PID 183843  →  logs/hpt_parallel_20260529_225527_movielens_10m_p3_n2_w153.log
  [w154] PID 183844  →  logs/hpt_parallel_20260529_225527_movielens_10m_p3_n2_w154.log
  [w155] PID 183846  →  logs/hpt_parallel_20260529_225527_movielens_10m_p3_n2_w155.log
  [w156] PID 183847  →  logs/hpt_parallel_20260529_225527_movielens_10m_p3_n2_w156.log
  [w157] PID 183848  →  logs/hpt_parallel_20260529_225527_movielens_10m_p3_n2_w157.log
  [w158] PID 183849  →  logs/hpt_parallel_20260529_225527_movielens_10m_p3_n2_w158.log
  [w159] PID 183850  →  logs/hpt_parallel_20260529_225527_movielens_10m_p3_n2_w159.log
  [w160] PID 183851  →  logs/hpt_parallel_20260529_225527_movielens_10m_p3_n2_w160.log
  [w161] PID 183852  →  logs/hpt_parallel_20260529_225527_movielens_10m_p3_n2_w161.log
  [w162] PID 183853  →  logs/hpt_parallel_20260529_225527_movielens_10m_p3_n2_w162.log
  [w163] PID 183854  →  logs/hpt_parallel_20260529_225527_movielens_10m_p3_n2_w163.log
  [w164] PID 183856  →  logs/hpt_parallel_20260529_225527_movielens_10m_p3_n2_w164.log
  [w165] PID 183859  →  logs/hpt_parallel_20260529_225527_movielens_10m_p3_n2_w165.log
  [w166] PID 183862  →  logs/hpt_parallel_20260529_225527_movielens_10m_p3_n2_w166.log
  [w167] PID 183864  →  logs/hpt_parallel_20260529_225527_movielens_10m_p3_n2_w167.log
  [w168] PID 183865  →  logs/hpt_parallel_20260529_225527_movielens_10m_p3_n2_w168.log
  [w169] PID 183867  →  logs/hpt_parallel_20260529_225527_movielens_10m_p3_n2_w169.log
  [w170] PID 183869  →  logs/hpt_parallel_20260529_225527_movielens_10m_p3_n2_w170.log
  [w171] PID 183870  →  logs/hpt_parallel_20260529_225527_movielens_10m_p3_n2_w171.log
  [w172] PID 183873  →  logs/hpt_parallel_20260529_225527_movielens_10m_p3_n2_w172.log
  [w173] PID 183874  →  logs/hpt_parallel_20260529_225527_movielens_10m_p3_n2_w173.log
  [w174] PID 183876  →  logs/hpt_parallel_20260529_225527_movielens_10m_p3_n2_w174.log
  [w175] PID 183878  →  logs/hpt_parallel_20260529_225527_movielens_10m_p3_n2_w175.log
  [w176] PID 183879  →  logs/hpt_parallel_20260529_225527_movielens_10m_p3_n2_w176.log
  [w177] PID 183880  →  logs/hpt_parallel_20260529_225527_movielens_10m_p3_n2_w177.log
  [w178] PID 183882  →  logs/hpt_parallel_20260529_225527_movielens_10m_p3_n2_w178.log
  [w179] PID 183885  →  logs/hpt_parallel_20260529_225527_movielens_10m_p3_n2_w179.log
  [w180] PID 183886  →  logs/hpt_parallel_20260529_225527_movielens_10m_p3_n2_w180.log
  [w181] PID 183887  →  logs/hpt_parallel_20260529_225527_movielens_10m_p3_n2_w181.log
  [w182] PID 183888  →  logs/hpt_parallel_20260529_225527_movielens_10m_p3_n2_w182.log
  [w183] PID 183889  →  logs/hpt_parallel_20260529_225527_movielens_10m_p3_n2_w183.log
  [w184] PID 183890  →  logs/hpt_parallel_20260529_225527_movielens_10m_p3_n2_w184.log
  [w185] PID 183891  →  logs/hpt_parallel_20260529_225527_movielens_10m_p3_n2_w185.log
  [w186] PID 183893  →  logs/hpt_parallel_20260529_225527_movielens_10m_p3_n2_w186.log
  [w187] PID 183894  →  logs/hpt_parallel_20260529_225527_movielens_10m_p3_n2_w187.log
  [w188] PID 183895  →  logs/hpt_parallel_20260529_225527_movielens_10m_p3_n2_w188.log
  [w189] PID 183896  →  logs/hpt_parallel_20260529_225527_movielens_10m_p3_n2_w189.log
  [w190] PID 183898  →  logs/hpt_parallel_20260529_225527_movielens_10m_p3_n2_w190.log
  [w191] PID 183899  →  logs/hpt_parallel_20260529_225527_movielens_10m_p3_n2_w191.log
  [w192] PID 183902  →  logs/hpt_parallel_20260529_225527_movielens_10m_p3_n2_w192.log
  [w193] PID 183903  →  logs/hpt_parallel_20260529_225527_movielens_10m_p3_n2_w193.log
  [w194] PID 183904  →  logs/hpt_parallel_20260529_225527_movielens_10m_p3_n2_w194.log
  [w195] PID 183905  →  logs/hpt_parallel_20260529_225527_movielens_10m_p3_n2_w195.log
  [w196] PID 183906  →  logs/hpt_parallel_20260529_225527_movielens_10m_p3_n2_w196.log
  [w197] PID 183907  →  logs/hpt_parallel_20260529_225527_movielens_10m_p3_n2_w197.log
  [w198] PID 183908  →  logs/hpt_parallel_20260529_225527_movielens_10m_p3_n2_w198.log
  [w199] PID 183909  →  logs/hpt_parallel_20260529_225527_movielens_10m_p3_n2_w199.log
  [w200] PID 183910  →  logs/hpt_parallel_20260529_225527_movielens_10m_p3_n2_w200.log
  Waiting for all 200 workers to finish...
./run_hpt_parallel.sh: line 111: 183653 Killed                  nohup python scripts/run_hyperparameter_tuning.py --config "$cfg" --arm d --threshold "$pos" --neg_threshold "$neg" --n_trials "$n_trials" --max_users "$MAX_USERS" --overwrite > "$wlog" 2>&1
./run_hpt_parallel.sh: line 111: 183654 Killed                  nohup python scripts/run_hyperparameter_tuning.py --config "$cfg" --arm d --threshold "$pos" --neg_threshold "$neg" --n_trials "$n_trials" --max_users "$MAX_USERS" --overwrite > "$wlog" 2>&1
./run_hpt_parallel.sh: line 111: 183657 Killed                  nohup python scripts/run_hyperparameter_tuning.py --config "$cfg" --arm d --threshold "$pos" --neg_threshold "$neg" --n_trials "$n_trials" --max_users "$MAX_USERS" --overwrite > "$wlog" 2>&1
./run_hpt_parallel.sh: line 111: 183661 Killed                  nohup python scripts/run_hyperparameter_tuning.py --config "$cfg" --arm d --threshold "$pos" --neg_threshold "$neg" --n_trials "$n_trials" --max_users "$MAX_USERS" --overwrite > "$wlog" 2>&1
./run_hpt_parallel.sh: line 111: 183667 Killed                  nohup python scripts/run_hyperparameter_tuning.py --config "$cfg" --arm d --threshold "$pos" --neg_threshold "$neg" --n_trials "$n_trials" --max_users "$MAX_USERS" --overwrite > "$wlog" 2>&1
./run_hpt_parallel.sh: line 111: 183668 Killed                  nohup python scripts/run_hyperparameter_tuning.py --config "$cfg" --arm d --threshold "$pos" --neg_threshold "$neg" --n_trials "$n_trials" --max_users "$MAX_USERS" --overwrite > "$wlog" 2>&1
./run_hpt_parallel.sh: line 111: 183669 Killed                  nohup python scripts/run_hyperparameter_tuning.py --config "$cfg" --arm d --threshold "$pos" --neg_threshold "$neg" --n_trials "$n_trials" --max_users "$MAX_USERS" --overwrite > "$wlog" 2>&1
./run_hpt_parallel.sh: line 111: 183670 Killed                  nohup python scripts/run_hyperparameter_tuning.py --config "$cfg" --arm d --threshold "$pos" --neg_threshold "$neg" --n_trials "$n_trials" --max_users "$MAX_USERS" --overwrite > "$wlog" 2>&1
./run_hpt_parallel.sh: line 111: 183671 Killed                  nohup python scripts/run_hyperparameter_tuning.py --config "$cfg" --arm d --threshold "$pos" --neg_threshold "$neg" --n_trials "$n_trials" --max_users "$MAX_USERS" --overwrite > "$wlog" 2>&1
./run_hpt_parallel.sh: line 111: 183672 Killed                  nohup python scripts/run_hyperparameter_tuning.py --config "$cfg" --arm d --threshold "$pos" --neg_threshold "$neg" --n_trials "$n_trials" --max_users "$MAX_USERS" --overwrite > "$wlog" 2>&1
./run_hpt_parallel.sh: line 111: 183674 Killed                  nohup python scripts/run_hyperparameter_tuning.py --config "$cfg" --arm d --threshold "$pos" --neg_threshold "$neg" --n_trials "$n_trials" --max_users "$MAX_USERS" --overwrite > "$wlog" 2>&1
./run_hpt_parallel.sh: line 111: 183675 Killed                  nohup python scripts/run_hyperparameter_tuning.py --config "$cfg" --arm d --threshold "$pos" --neg_threshold "$neg" --n_trials "$n_trials" --max_users "$MAX_USERS" --overwrite > "$wlog" 2>&1
./run_hpt_parallel.sh: line 111: 183682 Killed                  nohup python scripts/run_hyperparameter_tuning.py --config "$cfg" --arm d --threshold "$pos" --neg_threshold "$neg" --n_trials "$n_trials" --max_users "$MAX_USERS" --overwrite > "$wlog" 2>&1
./run_hpt_parallel.sh: line 111: 183686 Killed                  nohup python scripts/run_hyperparameter_tuning.py --config "$cfg" --arm d --threshold "$pos" --neg_threshold "$neg" --n_trials "$n_trials" --max_users "$MAX_USERS" --overwrite > "$wlog" 2>&1
./run_hpt_parallel.sh: line 111: 183687 Killed                  nohup python scripts/run_hyperparameter_tuning.py --config "$cfg" --arm d --threshold "$pos" --neg_threshold "$neg" --n_trials "$n_trials" --max_users "$MAX_USERS" --overwrite > "$wlog" 2>&1
./run_hpt_parallel.sh: line 111: 183692 Killed                  nohup python scripts/run_hyperparameter_tuning.py --config "$cfg" --arm d --threshold "$pos" --neg_threshold "$neg" --n_trials "$n_trials" --max_users "$MAX_USERS" --overwrite > "$wlog" 2>&1
./run_hpt_parallel.sh: line 111: 183694 Killed                  nohup python scripts/run_hyperparameter_tuning.py --config "$cfg" --arm d --threshold "$pos" --neg_threshold "$neg" --n_trials "$n_trials" --max_users "$MAX_USERS" --overwrite > "$wlog" 2>&1
./run_hpt_parallel.sh: line 111: 183698 Killed                  nohup python scripts/run_hyperparameter_tuning.py --config "$cfg" --arm d --threshold "$pos" --neg_threshold "$neg" --n_trials "$n_trials" --max_users "$MAX_USERS" --overwrite > "$wlog" 2>&1
./run_hpt_parallel.sh: line 111: 183699 Killed                  nohup python scripts/run_hyperparameter_tuning.py --config "$cfg" --arm d --threshold "$pos" --neg_threshold "$neg" --n_trials "$n_trials" --max_users "$MAX_USERS" --overwrite > "$wlog" 2>&1
./run_hpt_parallel.sh: line 111: 183700 Killed                  nohup python scripts/run_hyperparameter_tuning.py --config "$cfg" --arm d --threshold "$pos" --neg_threshold "$neg" --n_trials "$n_trials" --max_users "$MAX_USERS" --overwrite > "$wlog" 2>&1
./run_hpt_parallel.sh: line 111: 183702 Killed                  nohup python scripts/run_hyperparameter_tuning.py --config "$cfg" --arm d --threshold "$pos" --neg_threshold "$neg" --n_trials "$n_trials" --max_users "$MAX_USERS" --overwrite > "$wlog" 2>&1
./run_hpt_parallel.sh: line 111: 183703 Killed                  nohup python scripts/run_hyperparameter_tuning.py --config "$cfg" --arm d --threshold "$pos" --neg_threshold "$neg" --n_trials "$n_trials" --max_users "$MAX_USERS" --overwrite > "$wlog" 2>&1
./run_hpt_parallel.sh: line 111: 183714 Killed                  nohup python scripts/run_hyperparameter_tuning.py --config "$cfg" --arm d --threshold "$pos" --neg_threshold "$neg" --n_trials "$n_trials" --max_users "$MAX_USERS" --overwrite > "$wlog" 2>&1
./run_hpt_parallel.sh: line 111: 183726 Killed                  nohup python scripts/run_hyperparameter_tuning.py --config "$cfg" --arm d --threshold "$pos" --neg_threshold "$neg" --n_trials "$n_trials" --max_users "$MAX_USERS" --overwrite > "$wlog" 2>&1
./run_hpt_parallel.sh: line 111: 183733 Killed                  nohup python scripts/run_hyperparameter_tuning.py --config "$cfg" --arm d --threshold "$pos" --neg_threshold "$neg" --n_trials "$n_trials" --max_users "$MAX_USERS" --overwrite > "$wlog" 2>&1
./run_hpt_parallel.sh: line 111: 183736 Killed                  nohup python scripts/run_hyperparameter_tuning.py --config "$cfg" --arm d --threshold "$pos" --neg_threshold "$neg" --n_trials "$n_trials" --max_users "$MAX_USERS" --overwrite > "$wlog" 2>&1
./run_hpt_parallel.sh: line 111: 183749 Killed                  nohup python scripts/run_hyperparameter_tuning.py --config "$cfg" --arm d --threshold "$pos" --neg_threshold "$neg" --n_trials "$n_trials" --max_users "$MAX_USERS" --overwrite > "$wlog" 2>&1
./run_hpt_parallel.sh: line 111: 183768 Killed                  nohup python scripts/run_hyperparameter_tuning.py --config "$cfg" --arm d --threshold "$pos" --neg_threshold "$neg" --n_trials "$n_trials" --max_users "$MAX_USERS" --overwrite > "$wlog" 2>&1
./run_hpt_parallel.sh: line 111: 183780 Killed                  nohup python scripts/run_hyperparameter_tuning.py --config "$cfg" --arm d --threshold "$pos" --neg_threshold "$neg" --n_trials "$n_trials" --max_users "$MAX_USERS" --overwrite > "$wlog" 2>&1
./run_hpt_parallel.sh: line 111: 183795 Killed                  nohup python scripts/run_hyperparameter_tuning.py --config "$cfg" --arm d --threshold "$pos" --neg_threshold "$neg" --n_trials "$n_trials" --max_users "$MAX_USERS" --overwrite > "$wlog" 2>&1
./run_hpt_parallel.sh: line 111: 183808 Killed                  nohup python scripts/run_hyperparameter_tuning.py --config "$cfg" --arm d --threshold "$pos" --neg_threshold "$neg" --n_trials "$n_trials" --max_users "$MAX_USERS" --overwrite > "$wlog" 2>&1
./run_hpt_parallel.sh: line 111: 183814 Killed                  nohup python scripts/run_hyperparameter_tuning.py --config "$cfg" --arm d --threshold "$pos" --neg_threshold "$neg" --n_trials "$n_trials" --max_users "$MAX_USERS" --overwrite > "$wlog" 2>&1
./run_hpt_parallel.sh: line 111: 183846 Killed                  nohup python scripts/run_hyperparameter_tuning.py --config "$cfg" --arm d --threshold "$pos" --neg_threshold "$neg" --n_trials "$n_trials" --max_users "$MAX_USERS" --overwrite > "$wlog" 2>&1
./run_hpt_parallel.sh: line 111: 183849 Killed                  nohup python scripts/run_hyperparameter_tuning.py --config "$cfg" --arm d --threshold "$pos" --neg_threshold "$neg" --n_trials "$n_trials" --max_users "$MAX_USERS" --overwrite > "$wlog" 2>&1
./run_hpt_parallel.sh: line 111: 183873 Killed                  nohup python scripts/run_hyperparameter_tuning.py --config "$cfg" --arm d --threshold "$pos" --neg_threshold "$neg" --n_trials "$n_trials" --max_users "$MAX_USERS" --overwrite > "$wlog" 2>&1
./run_hpt_parallel.sh: line 111: 183879 Killed                  nohup python scripts/run_hyperparameter_tuning.py --config "$cfg" --arm d --threshold "$pos" --neg_threshold "$neg" --n_trials "$n_trials" --max_users "$MAX_USERS" --overwrite > "$wlog" 2>&1
./run_hpt_parallel.sh: line 111: 183882 Killed                  nohup python scripts/run_hyperparameter_tuning.py --config "$cfg" --arm d --threshold "$pos" --neg_threshold "$neg" --n_trials "$n_trials" --max_users "$MAX_USERS" --overwrite > "$wlog" 2>&1
./run_hpt_parallel.sh: line 111: 183886 Killed                  nohup python scripts/run_hyperparameter_tuning.py --config "$cfg" --arm d --threshold "$pos" --neg_threshold "$neg" --n_trials "$n_trials" --max_users "$MAX_USERS" --overwrite > "$wlog" 2>&1
./run_hpt_parallel.sh: line 111: 183905 Killed                  nohup python scripts/run_hyperparameter_tuning.py --config "$cfg" --arm d --threshold "$pos" --neg_threshold "$neg" --n_trials "$n_trials" --max_users "$MAX_USERS" --overwrite > "$wlog" 2>&1
./run_hpt_parallel.sh: line 111: 183655 Killed                  nohup python scripts/run_hyperparameter_tuning.py --config "$cfg" --arm d --threshold "$pos" --neg_threshold "$neg" --n_trials "$n_trials" --max_users "$MAX_USERS" --overwrite > "$wlog" 2>&1
./run_hpt_parallel.sh: line 111: 183656 Killed                  nohup python scripts/run_hyperparameter_tuning.py --config "$cfg" --arm d --threshold "$pos" --neg_threshold "$neg" --n_trials "$n_trials" --max_users "$MAX_USERS" --overwrite > "$wlog" 2>&1
./run_hpt_parallel.sh: line 111: 183658 Killed                  nohup python scripts/run_hyperparameter_tuning.py --config "$cfg" --arm d --threshold "$pos" --neg_threshold "$neg" --n_trials "$n_trials" --max_users "$MAX_USERS" --overwrite > "$wlog" 2>&1
./run_hpt_parallel.sh: line 111: 183659 Killed                  nohup python scripts/run_hyperparameter_tuning.py --config "$cfg" --arm d --threshold "$pos" --neg_threshold "$neg" --n_trials "$n_trials" --max_users "$MAX_USERS" --overwrite > "$wlog" 2>&1
./run_hpt_parallel.sh: line 111: 183660 Killed                  nohup python scripts/run_hyperparameter_tuning.py --config "$cfg" --arm d --threshold "$pos" --neg_threshold "$neg" --n_trials "$n_trials" --max_users "$MAX_USERS" --overwrite > "$wlog" 2>&1
./run_hpt_parallel.sh: line 111: 183662 Killed                  nohup python scripts/run_hyperparameter_tuning.py --config "$cfg" --arm d --threshold "$pos" --neg_threshold "$neg" --n_trials "$n_trials" --max_users "$MAX_USERS" --overwrite > "$wlog" 2>&1
./run_hpt_parallel.sh: line 111: 183663 Killed                  nohup python scripts/run_hyperparameter_tuning.py --config "$cfg" --arm d --threshold "$pos" --neg_threshold "$neg" --n_trials "$n_trials" --max_users "$MAX_USERS" --overwrite > "$wlog" 2>&1
./run_hpt_parallel.sh: line 111: 183664 Killed                  nohup python scripts/run_hyperparameter_tuning.py --config "$cfg" --arm d --threshold "$pos" --neg_threshold "$neg" --n_trials "$n_trials" --max_users "$MAX_USERS" --overwrite > "$wlog" 2>&1
./run_hpt_parallel.sh: line 111: 183665 Killed                  nohup python scripts/run_hyperparameter_tuning.py --config "$cfg" --arm d --threshold "$pos" --neg_threshold "$neg" --n_trials "$n_trials" --max_users "$MAX_USERS" --overwrite > "$wlog" 2>&1
./run_hpt_parallel.sh: line 111: 183673 Killed                  nohup python scripts/run_hyperparameter_tuning.py --config "$cfg" --arm d --threshold "$pos" --neg_threshold "$neg" --n_trials "$n_trials" --max_users "$MAX_USERS" --overwrite > "$wlog" 2>&1
./run_hpt_parallel.sh: line 111: 183676 Killed                  nohup python scripts/run_hyperparameter_tuning.py --config "$cfg" --arm d --threshold "$pos" --neg_threshold "$neg" --n_trials "$n_trials" --max_users "$MAX_USERS" --overwrite > "$wlog" 2>&1
./run_hpt_parallel.sh: line 111: 183677 Killed                  nohup python scripts/run_hyperparameter_tuning.py --config "$cfg" --arm d --threshold "$pos" --neg_threshold "$neg" --n_trials "$n_trials" --max_users "$MAX_USERS" --overwrite > "$wlog" 2>&1
./run_hpt_parallel.sh: line 111: 183678 Killed                  nohup python scripts/run_hyperparameter_tuning.py --config "$cfg" --arm d --threshold "$pos" --neg_threshold "$neg" --n_trials "$n_trials" --max_users "$MAX_USERS" --overwrite > "$wlog" 2>&1
./run_hpt_parallel.sh: line 111: 183680 Killed                  nohup python scripts/run_hyperparameter_tuning.py --config "$cfg" --arm d --threshold "$pos" --neg_threshold "$neg" --n_trials "$n_trials" --max_users "$MAX_USERS" --overwrite > "$wlog" 2>&1
./run_hpt_parallel.sh: line 111: 183684 Killed                  nohup python scripts/run_hyperparameter_tuning.py --config "$cfg" --arm d --threshold "$pos" --neg_threshold "$neg" --n_trials "$n_trials" --max_users "$MAX_USERS" --overwrite > "$wlog" 2>&1
./run_hpt_parallel.sh: line 111: 183688 Killed                  nohup python scripts/run_hyperparameter_tuning.py --config "$cfg" --arm d --threshold "$pos" --neg_threshold "$neg" --n_trials "$n_trials" --max_users "$MAX_USERS" --overwrite > "$wlog" 2>&1
./run_hpt_parallel.sh: line 111: 183689 Killed                  nohup python scripts/run_hyperparameter_tuning.py --config "$cfg" --arm d --threshold "$pos" --neg_threshold "$neg" --n_trials "$n_trials" --max_users "$MAX_USERS" --overwrite > "$wlog" 2>&1
./run_hpt_parallel.sh: line 111: 183690 Killed                  nohup python scripts/run_hyperparameter_tuning.py --config "$cfg" --arm d --threshold "$pos" --neg_threshold "$neg" --n_trials "$n_trials" --max_users "$MAX_USERS" --overwrite > "$wlog" 2>&1
./run_hpt_parallel.sh: line 111: 183691 Killed                  nohup python scripts/run_hyperparameter_tuning.py --config "$cfg" --arm d --threshold "$pos" --neg_threshold "$neg" --n_trials "$n_trials" --max_users "$MAX_USERS" --overwrite > "$wlog" 2>&1
./run_hpt_parallel.sh: line 111: 183693 Killed                  nohup python scripts/run_hyperparameter_tuning.py --config "$cfg" --arm d --threshold "$pos" --neg_threshold "$neg" --n_trials "$n_trials" --max_users "$MAX_USERS" --overwrite > "$wlog" 2>&1
./run_hpt_parallel.sh: line 111: 183695 Killed                  nohup python scripts/run_hyperparameter_tuning.py --config "$cfg" --arm d --threshold "$pos" --neg_threshold "$neg" --n_trials "$n_trials" --max_users "$MAX_USERS" --overwrite > "$wlog" 2>&1
./run_hpt_parallel.sh: line 111: 183696 Killed                  nohup python scripts/run_hyperparameter_tuning.py --config "$cfg" --arm d --threshold "$pos" --neg_threshold "$neg" --n_trials "$n_trials" --max_users "$MAX_USERS" --overwrite > "$wlog" 2>&1
./run_hpt_parallel.sh: line 111: 183697 Killed                  nohup python scripts/run_hyperparameter_tuning.py --config "$cfg" --arm d --threshold "$pos" --neg_threshold "$neg" --n_trials "$n_trials" --max_users "$MAX_USERS" --overwrite > "$wlog" 2>&1
./run_hpt_parallel.sh: line 111: 183701 Killed                  nohup python scripts/run_hyperparameter_tuning.py --config "$cfg" --arm d --threshold "$pos" --neg_threshold "$neg" --n_trials "$n_trials" --max_users "$MAX_USERS" --overwrite > "$wlog" 2>&1
./run_hpt_parallel.sh: line 111: 183704 Killed                  nohup python scripts/run_hyperparameter_tuning.py --config "$cfg" --arm d --threshold "$pos" --neg_threshold "$neg" --n_trials "$n_trials" --max_users "$MAX_USERS" --overwrite > "$wlog" 2>&1
./run_hpt_parallel.sh: line 111: 183705 Killed                  nohup python scripts/run_hyperparameter_tuning.py --config "$cfg" --arm d --threshold "$pos" --neg_threshold "$neg" --n_trials "$n_trials" --max_users "$MAX_USERS" --overwrite > "$wlog" 2>&1
./run_hpt_parallel.sh: line 111: 183707 Killed                  nohup python scripts/run_hyperparameter_tuning.py --config "$cfg" --arm d --threshold "$pos" --neg_threshold "$neg" --n_trials "$n_trials" --max_users "$MAX_USERS" --overwrite > "$wlog" 2>&1
./run_hpt_parallel.sh: line 111: 183708 Killed                  nohup python scripts/run_hyperparameter_tuning.py --config "$cfg" --arm d --threshold "$pos" --neg_threshold "$neg" --n_trials "$n_trials" --max_users "$MAX_USERS" --overwrite > "$wlog" 2>&1
./run_hpt_parallel.sh: line 111: 183709 Killed                  nohup python scripts/run_hyperparameter_tuning.py --config "$cfg" --arm d --threshold "$pos" --neg_threshold "$neg" --n_trials "$n_trials" --max_users "$MAX_USERS" --overwrite > "$wlog" 2>&1
./run_hpt_parallel.sh: line 111: 183710 Killed                  nohup python scripts/run_hyperparameter_tuning.py --config "$cfg" --arm d --threshold "$pos" --neg_threshold "$neg" --n_trials "$n_trials" --max_users "$MAX_USERS" --overwrite > "$wlog" 2>&1
./run_hpt_parallel.sh: line 111: 183711 Killed                  nohup python scripts/run_hyperparameter_tuning.py --config "$cfg" --arm d --threshold "$pos" --neg_threshold "$neg" --n_trials "$n_trials" --max_users "$MAX_USERS" --overwrite > "$wlog" 2>&1
./run_hpt_parallel.sh: line 111: 183712 Killed                  nohup python scripts/run_hyperparameter_tuning.py --config "$cfg" --arm d --threshold "$pos" --neg_threshold "$neg" --n_trials "$n_trials" --max_users "$MAX_USERS" --overwrite > "$wlog" 2>&1
./run_hpt_parallel.sh: line 111: 183715 Killed                  nohup python scripts/run_hyperparameter_tuning.py --config "$cfg" --arm d --threshold "$pos" --neg_threshold "$neg" --n_trials "$n_trials" --max_users "$MAX_USERS" --overwrite > "$wlog" 2>&1
./run_hpt_parallel.sh: line 111: 183716 Killed                  nohup python scripts/run_hyperparameter_tuning.py --config "$cfg" --arm d --threshold "$pos" --neg_threshold "$neg" --n_trials "$n_trials" --max_users "$MAX_USERS" --overwrite > "$wlog" 2>&1
./run_hpt_parallel.sh: line 111: 183718 Killed                  nohup python scripts/run_hyperparameter_tuning.py --config "$cfg" --arm d --threshold "$pos" --neg_threshold "$neg" --n_trials "$n_trials" --max_users "$MAX_USERS" --overwrite > "$wlog" 2>&1
./run_hpt_parallel.sh: line 111: 183720 Killed                  nohup python scripts/run_hyperparameter_tuning.py --config "$cfg" --arm d --threshold "$pos" --neg_threshold "$neg" --n_trials "$n_trials" --max_users "$MAX_USERS" --overwrite > "$wlog" 2>&1
./run_hpt_parallel.sh: line 111: 183721 Killed                  nohup python scripts/run_hyperparameter_tuning.py --config "$cfg" --arm d --threshold "$pos" --neg_threshold "$neg" --n_trials "$n_trials" --max_users "$MAX_USERS" --overwrite > "$wlog" 2>&1
./run_hpt_parallel.sh: line 111: 183722 Killed                  nohup python scripts/run_hyperparameter_tuning.py --config "$cfg" --arm d --threshold "$pos" --neg_threshold "$neg" --n_trials "$n_trials" --max_users "$MAX_USERS" --overwrite > "$wlog" 2>&1
./run_hpt_parallel.sh: line 111: 183723 Killed                  nohup python scripts/run_hyperparameter_tuning.py --config "$cfg" --arm d --threshold "$pos" --neg_threshold "$neg" --n_trials "$n_trials" --max_users "$MAX_USERS" --overwrite > "$wlog" 2>&1
./run_hpt_parallel.sh: line 111: 183725 Killed                  nohup python scripts/run_hyperparameter_tuning.py --config "$cfg" --arm d --threshold "$pos" --neg_threshold "$neg" --n_trials "$n_trials" --max_users "$MAX_USERS" --overwrite > "$wlog" 2>&1
./run_hpt_parallel.sh: line 111: 183728 Killed                  nohup python scripts/run_hyperparameter_tuning.py --config "$cfg" --arm d --threshold "$pos" --neg_threshold "$neg" --n_trials "$n_trials" --max_users "$MAX_USERS" --overwrite > "$wlog" 2>&1
./run_hpt_parallel.sh: line 111: 183729 Killed                  nohup python scripts/run_hyperparameter_tuning.py --config "$cfg" --arm d --threshold "$pos" --neg_threshold "$neg" --n_trials "$n_trials" --max_users "$MAX_USERS" --overwrite > "$wlog" 2>&1
./run_hpt_parallel.sh: line 111: 183730 Killed                  nohup python scripts/run_hyperparameter_tuning.py --config "$cfg" --arm d --threshold "$pos" --neg_threshold "$neg" --n_trials "$n_trials" --max_users "$MAX_USERS" --overwrite > "$wlog" 2>&1
./run_hpt_parallel.sh: line 111: 183737 Killed                  nohup python scripts/run_hyperparameter_tuning.py --config "$cfg" --arm d --threshold "$pos" --neg_threshold "$neg" --n_trials "$n_trials" --max_users "$MAX_USERS" --overwrite > "$wlog" 2>&1
./run_hpt_parallel.sh: line 111: 183738 Killed                  nohup python scripts/run_hyperparameter_tuning.py --config "$cfg" --arm d --threshold "$pos" --neg_threshold "$neg" --n_trials "$n_trials" --max_users "$MAX_USERS" --overwrite > "$wlog" 2>&1
./run_hpt_parallel.sh: line 111: 183739 Killed                  nohup python scripts/run_hyperparameter_tuning.py --config "$cfg" --arm d --threshold "$pos" --neg_threshold "$neg" --n_trials "$n_trials" --max_users "$MAX_USERS" --overwrite > "$wlog" 2>&1
./run_hpt_parallel.sh: line 111: 183740 Killed                  nohup python scripts/run_hyperparameter_tuning.py --config "$cfg" --arm d --threshold "$pos" --neg_threshold "$neg" --n_trials "$n_trials" --max_users "$MAX_USERS" --overwrite > "$wlog" 2>&1
./run_hpt_parallel.sh: line 111: 183745 Killed                  nohup python scripts/run_hyperparameter_tuning.py --config "$cfg" --arm d --threshold "$pos" --neg_threshold "$neg" --n_trials "$n_trials" --max_users "$MAX_USERS" --overwrite > "$wlog" 2>&1
./run_hpt_parallel.sh: line 111: 183748 Killed                  nohup python scripts/run_hyperparameter_tuning.py --config "$cfg" --arm d --threshold "$pos" --neg_threshold "$neg" --n_trials "$n_trials" --max_users "$MAX_USERS" --overwrite > "$wlog" 2>&1
./run_hpt_parallel.sh: line 111: 183758 Killed                  nohup python scripts/run_hyperparameter_tuning.py --config "$cfg" --arm d --threshold "$pos" --neg_threshold "$neg" --n_trials "$n_trials" --max_users "$MAX_USERS" --overwrite > "$wlog" 2>&1
./run_hpt_parallel.sh: line 111: 183764 Killed                  nohup python scripts/run_hyperparameter_tuning.py --config "$cfg" --arm d --threshold "$pos" --neg_threshold "$neg" --n_trials "$n_trials" --max_users "$MAX_USERS" --overwrite > "$wlog" 2>&1
./run_hpt_parallel.sh: line 111: 183767 Killed                  nohup python scripts/run_hyperparameter_tuning.py --config "$cfg" --arm d --threshold "$pos" --neg_threshold "$neg" --n_trials "$n_trials" --max_users "$MAX_USERS" --overwrite > "$wlog" 2>&1
./run_hpt_parallel.sh: line 111: 183771 Killed                  nohup python scripts/run_hyperparameter_tuning.py --config "$cfg" --arm d --threshold "$pos" --neg_threshold "$neg" --n_trials "$n_trials" --max_users "$MAX_USERS" --overwrite > "$wlog" 2>&1
./run_hpt_parallel.sh: line 111: 183772 Killed                  nohup python scripts/run_hyperparameter_tuning.py --config "$cfg" --arm d --threshold "$pos" --neg_threshold "$neg" --n_trials "$n_trials" --max_users "$MAX_USERS" --overwrite > "$wlog" 2>&1
./run_hpt_parallel.sh: line 111: 183773 Killed                  nohup python scripts/run_hyperparameter_tuning.py --config "$cfg" --arm d --threshold "$pos" --neg_threshold "$neg" --n_trials "$n_trials" --max_users "$MAX_USERS" --overwrite > "$wlog" 2>&1
./run_hpt_parallel.sh: line 111: 183778 Killed                  nohup python scripts/run_hyperparameter_tuning.py --config "$cfg" --arm d --threshold "$pos" --neg_threshold "$neg" --n_trials "$n_trials" --max_users "$MAX_USERS" --overwrite > "$wlog" 2>&1
./run_hpt_parallel.sh: line 111: 183781 Killed                  nohup python scripts/run_hyperparameter_tuning.py --config "$cfg" --arm d --threshold "$pos" --neg_threshold "$neg" --n_trials "$n_trials" --max_users "$MAX_USERS" --overwrite > "$wlog" 2>&1
./run_hpt_parallel.sh: line 111: 183785 Killed                  nohup python scripts/run_hyperparameter_tuning.py --config "$cfg" --arm d --threshold "$pos" --neg_threshold "$neg" --n_trials "$n_trials" --max_users "$MAX_USERS" --overwrite > "$wlog" 2>&1
./run_hpt_parallel.sh: line 111: 183786 Killed                  nohup python scripts/run_hyperparameter_tuning.py --config "$cfg" --arm d --threshold "$pos" --neg_threshold "$neg" --n_trials "$n_trials" --max_users "$MAX_USERS" --overwrite > "$wlog" 2>&1
./run_hpt_parallel.sh: line 111: 183789 Killed                  nohup python scripts/run_hyperparameter_tuning.py --config "$cfg" --arm d --threshold "$pos" --neg_threshold "$neg" --n_trials "$n_trials" --max_users "$MAX_USERS" --overwrite > "$wlog" 2>&1
./run_hpt_parallel.sh: line 111: 183790 Killed                  nohup python scripts/run_hyperparameter_tuning.py --config "$cfg" --arm d --threshold "$pos" --neg_threshold "$neg" --n_trials "$n_trials" --max_users "$MAX_USERS" --overwrite > "$wlog" 2>&1
./run_hpt_parallel.sh: line 111: 183793 Killed                  nohup python scripts/run_hyperparameter_tuning.py --config "$cfg" --arm d --threshold "$pos" --neg_threshold "$neg" --n_trials "$n_trials" --max_users "$MAX_USERS" --overwrite > "$wlog" 2>&1
./run_hpt_parallel.sh: line 111: 183797 Killed                  nohup python scripts/run_hyperparameter_tuning.py --config "$cfg" --arm d --threshold "$pos" --neg_threshold "$neg" --n_trials "$n_trials" --max_users "$MAX_USERS" --overwrite > "$wlog" 2>&1
./run_hpt_parallel.sh: line 111: 183798 Killed                  nohup python scripts/run_hyperparameter_tuning.py --config "$cfg" --arm d --threshold "$pos" --neg_threshold "$neg" --n_trials "$n_trials" --max_users "$MAX_USERS" --overwrite > "$wlog" 2>&1
./run_hpt_parallel.sh: line 111: 183799 Killed                  nohup python scripts/run_hyperparameter_tuning.py --config "$cfg" --arm d --threshold "$pos" --neg_threshold "$neg" --n_trials "$n_trials" --max_users "$MAX_USERS" --overwrite > "$wlog" 2>&1
./run_hpt_parallel.sh: line 111: 183800 Killed                  nohup python scripts/run_hyperparameter_tuning.py --config "$cfg" --arm d --threshold "$pos" --neg_threshold "$neg" --n_trials "$n_trials" --max_users "$MAX_USERS" --overwrite > "$wlog" 2>&1
./run_hpt_parallel.sh: line 111: 183801 Killed                  nohup python scripts/run_hyperparameter_tuning.py --config "$cfg" --arm d --threshold "$pos" --neg_threshold "$neg" --n_trials "$n_trials" --max_users "$MAX_USERS" --overwrite > "$wlog" 2>&1
./run_hpt_parallel.sh: line 111: 183804 Killed                  nohup python scripts/run_hyperparameter_tuning.py --config "$cfg" --arm d --threshold "$pos" --neg_threshold "$neg" --n_trials "$n_trials" --max_users "$MAX_USERS" --overwrite > "$wlog" 2>&1
./run_hpt_parallel.sh: line 111: 183807 Killed                  nohup python scripts/run_hyperparameter_tuning.py --config "$cfg" --arm d --threshold "$pos" --neg_threshold "$neg" --n_trials "$n_trials" --max_users "$MAX_USERS" --overwrite > "$wlog" 2>&1
./run_hpt_parallel.sh: line 111: 183810 Killed                  nohup python scripts/run_hyperparameter_tuning.py --config "$cfg" --arm d --threshold "$pos" --neg_threshold "$neg" --n_trials "$n_trials" --max_users "$MAX_USERS" --overwrite > "$wlog" 2>&1
./run_hpt_parallel.sh: line 111: 183817 Killed                  nohup python scripts/run_hyperparameter_tuning.py --config "$cfg" --arm d --threshold "$pos" --neg_threshold "$neg" --n_trials "$n_trials" --max_users "$MAX_USERS" --overwrite > "$wlog" 2>&1
./run_hpt_parallel.sh: line 111: 183818 Killed                  nohup python scripts/run_hyperparameter_tuning.py --config "$cfg" --arm d --threshold "$pos" --neg_threshold "$neg" --n_trials "$n_trials" --max_users "$MAX_USERS" --overwrite > "$wlog" 2>&1
./run_hpt_parallel.sh: line 111: 183820 Killed                  nohup python scripts/run_hyperparameter_tuning.py --config "$cfg" --arm d --threshold "$pos" --neg_threshold "$neg" --n_trials "$n_trials" --max_users "$MAX_USERS" --overwrite > "$wlog" 2>&1
./run_hpt_parallel.sh: line 111: 183822 Killed                  nohup python scripts/run_hyperparameter_tuning.py --config "$cfg" --arm d --threshold "$pos" --neg_threshold "$neg" --n_trials "$n_trials" --max_users "$MAX_USERS" --overwrite > "$wlog" 2>&1
./run_hpt_parallel.sh: line 111: 183824 Killed                  nohup python scripts/run_hyperparameter_tuning.py --config "$cfg" --arm d --threshold "$pos" --neg_threshold "$neg" --n_trials "$n_trials" --max_users "$MAX_USERS" --overwrite > "$wlog" 2>&1
./run_hpt_parallel.sh: line 111: 183825 Killed                  nohup python scripts/run_hyperparameter_tuning.py --config "$cfg" --arm d --threshold "$pos" --neg_threshold "$neg" --n_trials "$n_trials" --max_users "$MAX_USERS" --overwrite > "$wlog" 2>&1
./run_hpt_parallel.sh: line 111: 183828 Killed                  nohup python scripts/run_hyperparameter_tuning.py --config "$cfg" --arm d --threshold "$pos" --neg_threshold "$neg" --n_trials "$n_trials" --max_users "$MAX_USERS" --overwrite > "$wlog" 2>&1
./run_hpt_parallel.sh: line 111: 183830 Killed                  nohup python scripts/run_hyperparameter_tuning.py --config "$cfg" --arm d --threshold "$pos" --neg_threshold "$neg" --n_trials "$n_trials" --max_users "$MAX_USERS" --overwrite > "$wlog" 2>&1
./run_hpt_parallel.sh: line 111: 183832 Killed                  nohup python scripts/run_hyperparameter_tuning.py --config "$cfg" --arm d --threshold "$pos" --neg_threshold "$neg" --n_trials "$n_trials" --max_users "$MAX_USERS" --overwrite > "$wlog" 2>&1
./run_hpt_parallel.sh: line 111: 183833 Killed                  nohup python scripts/run_hyperparameter_tuning.py --config "$cfg" --arm d --threshold "$pos" --neg_threshold "$neg" --n_trials "$n_trials" --max_users "$MAX_USERS" --overwrite > "$wlog" 2>&1
./run_hpt_parallel.sh: line 111: 183834 Killed                  nohup python scripts/run_hyperparameter_tuning.py --config "$cfg" --arm d --threshold "$pos" --neg_threshold "$neg" --n_trials "$n_trials" --max_users "$MAX_USERS" --overwrite > "$wlog" 2>&1
./run_hpt_parallel.sh: line 111: 183836 Killed                  nohup python scripts/run_hyperparameter_tuning.py --config "$cfg" --arm d --threshold "$pos" --neg_threshold "$neg" --n_trials "$n_trials" --max_users "$MAX_USERS" --overwrite > "$wlog" 2>&1
./run_hpt_parallel.sh: line 111: 183838 Killed                  nohup python scripts/run_hyperparameter_tuning.py --config "$cfg" --arm d --threshold "$pos" --neg_threshold "$neg" --n_trials "$n_trials" --max_users "$MAX_USERS" --overwrite > "$wlog" 2>&1
./run_hpt_parallel.sh: line 111: 183839 Killed                  nohup python scripts/run_hyperparameter_tuning.py --config "$cfg" --arm d --threshold "$pos" --neg_threshold "$neg" --n_trials "$n_trials" --max_users "$MAX_USERS" --overwrite > "$wlog" 2>&1
./run_hpt_parallel.sh: line 111: 183840 Killed                  nohup python scripts/run_hyperparameter_tuning.py --config "$cfg" --arm d --threshold "$pos" --neg_threshold "$neg" --n_trials "$n_trials" --max_users "$MAX_USERS" --overwrite > "$wlog" 2>&1
./run_hpt_parallel.sh: line 111: 183841 Killed                  nohup python scripts/run_hyperparameter_tuning.py --config "$cfg" --arm d --threshold "$pos" --neg_threshold "$neg" --n_trials "$n_trials" --max_users "$MAX_USERS" --overwrite > "$wlog" 2>&1
./run_hpt_parallel.sh: line 111: 183842 Killed                  nohup python scripts/run_hyperparameter_tuning.py --config "$cfg" --arm d --threshold "$pos" --neg_threshold "$neg" --n_trials "$n_trials" --max_users "$MAX_USERS" --overwrite > "$wlog" 2>&1
./run_hpt_parallel.sh: line 111: 183843 Killed                  nohup python scripts/run_hyperparameter_tuning.py --config "$cfg" --arm d --threshold "$pos" --neg_threshold "$neg" --n_trials "$n_trials" --max_users "$MAX_USERS" --overwrite > "$wlog" 2>&1
./run_hpt_parallel.sh: line 111: 183844 Killed                  nohup python scripts/run_hyperparameter_tuning.py --config "$cfg" --arm d --threshold "$pos" --neg_threshold "$neg" --n_trials "$n_trials" --max_users "$MAX_USERS" --overwrite > "$wlog" 2>&1
./run_hpt_parallel.sh: line 111: 183847 Killed                  nohup python scripts/run_hyperparameter_tuning.py --config "$cfg" --arm d --threshold "$pos" --neg_threshold "$neg" --n_trials "$n_trials" --max_users "$MAX_USERS" --overwrite > "$wlog" 2>&1
./run_hpt_parallel.sh: line 111: 183848 Killed                  nohup python scripts/run_hyperparameter_tuning.py --config "$cfg" --arm d --threshold "$pos" --neg_threshold "$neg" --n_trials "$n_trials" --max_users "$MAX_USERS" --overwrite > "$wlog" 2>&1
./run_hpt_parallel.sh: line 111: 183851 Killed                  nohup python scripts/run_hyperparameter_tuning.py --config "$cfg" --arm d --threshold "$pos" --neg_threshold "$neg" --n_trials "$n_trials" --max_users "$MAX_USERS" --overwrite > "$wlog" 2>&1
./run_hpt_parallel.sh: line 111: 183854 Killed                  nohup python scripts/run_hyperparameter_tuning.py --config "$cfg" --arm d --threshold "$pos" --neg_threshold "$neg" --n_trials "$n_trials" --max_users "$MAX_USERS" --overwrite > "$wlog" 2>&1
./run_hpt_parallel.sh: line 111: 183859 Killed                  nohup python scripts/run_hyperparameter_tuning.py --config "$cfg" --arm d --threshold "$pos" --neg_threshold "$neg" --n_trials "$n_trials" --max_users "$MAX_USERS" --overwrite > "$wlog" 2>&1
./run_hpt_parallel.sh: line 111: 183864 Killed                  nohup python scripts/run_hyperparameter_tuning.py --config "$cfg" --arm d --threshold "$pos" --neg_threshold "$neg" --n_trials "$n_trials" --max_users "$MAX_USERS" --overwrite > "$wlog" 2>&1
./run_hpt_parallel.sh: line 111: 183865 Killed                  nohup python scripts/run_hyperparameter_tuning.py --config "$cfg" --arm d --threshold "$pos" --neg_threshold "$neg" --n_trials "$n_trials" --max_users "$MAX_USERS" --overwrite > "$wlog" 2>&1
./run_hpt_parallel.sh: line 111: 183867 Killed                  nohup python scripts/run_hyperparameter_tuning.py --config "$cfg" --arm d --threshold "$pos" --neg_threshold "$neg" --n_trials "$n_trials" --max_users "$MAX_USERS" --overwrite > "$wlog" 2>&1
./run_hpt_parallel.sh: line 111: 183869 Killed                  nohup python scripts/run_hyperparameter_tuning.py --config "$cfg" --arm d --threshold "$pos" --neg_threshold "$neg" --n_trials "$n_trials" --max_users "$MAX_USERS" --overwrite > "$wlog" 2>&1
./run_hpt_parallel.sh: line 111: 183870 Killed                  nohup python scripts/run_hyperparameter_tuning.py --config "$cfg" --arm d --threshold "$pos" --neg_threshold "$neg" --n_trials "$n_trials" --max_users "$MAX_USERS" --overwrite > "$wlog" 2>&1
./run_hpt_parallel.sh: line 111: 183880 Killed                  nohup python scripts/run_hyperparameter_tuning.py --config "$cfg" --arm d --threshold "$pos" --neg_threshold "$neg" --n_trials "$n_trials" --max_users "$MAX_USERS" --overwrite > "$wlog" 2>&1
./run_hpt_parallel.sh: line 111: 183885 Killed                  nohup python scripts/run_hyperparameter_tuning.py --config "$cfg" --arm d --threshold "$pos" --neg_threshold "$neg" --n_trials "$n_trials" --max_users "$MAX_USERS" --overwrite > "$wlog" 2>&1
./run_hpt_parallel.sh: line 111: 183887 Killed                  nohup python scripts/run_hyperparameter_tuning.py --config "$cfg" --arm d --threshold "$pos" --neg_threshold "$neg" --n_trials "$n_trials" --max_users "$MAX_USERS" --overwrite > "$wlog" 2>&1
./run_hpt_parallel.sh: line 111: 183888 Killed                  nohup python scripts/run_hyperparameter_tuning.py --config "$cfg" --arm d --threshold "$pos" --neg_threshold "$neg" --n_trials "$n_trials" --max_users "$MAX_USERS" --overwrite > "$wlog" 2>&1
./run_hpt_parallel.sh: line 111: 183890 Killed                  nohup python scripts/run_hyperparameter_tuning.py --config "$cfg" --arm d --threshold "$pos" --neg_threshold "$neg" --n_trials "$n_trials" --max_users "$MAX_USERS" --overwrite > "$wlog" 2>&1
./run_hpt_parallel.sh: line 111: 183891 Killed                  nohup python scripts/run_hyperparameter_tuning.py --config "$cfg" --arm d --threshold "$pos" --neg_threshold "$neg" --n_trials "$n_trials" --max_users "$MAX_USERS" --overwrite > "$wlog" 2>&1
./run_hpt_parallel.sh: line 111: 183894 Killed                  nohup python scripts/run_hyperparameter_tuning.py --config "$cfg" --arm d --threshold "$pos" --neg_threshold "$neg" --n_trials "$n_trials" --max_users "$MAX_USERS" --overwrite > "$wlog" 2>&1
./run_hpt_parallel.sh: line 111: 183896 Killed                  nohup python scripts/run_hyperparameter_tuning.py --config "$cfg" --arm d --threshold "$pos" --neg_threshold "$neg" --n_trials "$n_trials" --max_users "$MAX_USERS" --overwrite > "$wlog" 2>&1
./run_hpt_parallel.sh: line 111: 183898 Killed                  nohup python scripts/run_hyperparameter_tuning.py --config "$cfg" --arm d --threshold "$pos" --neg_threshold "$neg" --n_trials "$n_trials" --max_users "$MAX_USERS" --overwrite > "$wlog" 2>&1
./run_hpt_parallel.sh: line 111: 183899 Killed                  nohup python scripts/run_hyperparameter_tuning.py --config "$cfg" --arm d --threshold "$pos" --neg_threshold "$neg" --n_trials "$n_trials" --max_users "$MAX_USERS" --overwrite > "$wlog" 2>&1
./run_hpt_parallel.sh: line 111: 183902 Killed                  nohup python scripts/run_hyperparameter_tuning.py --config "$cfg" --arm d --threshold "$pos" --neg_threshold "$neg" --n_trials "$n_trials" --max_users "$MAX_USERS" --overwrite > "$wlog" 2>&1
./run_hpt_parallel.sh: line 111: 183904 Killed                  nohup python scripts/run_hyperparameter_tuning.py --config "$cfg" --arm d --threshold "$pos" --neg_threshold "$neg" --n_trials "$n_trials" --max_users "$MAX_USERS" --overwrite > "$wlog" 2>&1
./run_hpt_parallel.sh: line 111: 183906 Killed                  nohup python scripts/run_hyperparameter_tuning.py --config "$cfg" --arm d --threshold "$pos" --neg_threshold "$neg" --n_trials "$n_trials" --max_users "$MAX_USERS" --overwrite > "$wlog" 2>&1
./run_hpt_parallel.sh: line 111: 183907 Killed                  nohup python scripts/run_hyperparameter_tuning.py --config "$cfg" --arm d --threshold "$pos" --neg_threshold "$neg" --n_trials "$n_trials" --max_users "$MAX_USERS" --overwrite > "$wlog" 2>&1
./run_hpt_parallel.sh: line 111: 183909 Killed                  nohup python scripts/run_hyperparameter_tuning.py --config "$cfg" --arm d --threshold "$pos" --neg_threshold "$neg" --n_trials "$n_trials" --max_users "$MAX_USERS" --overwrite > "$wlog" 2>&1
./run_hpt_parallel.sh: line 111: 183666 Killed                  nohup python scripts/run_hyperparameter_tuning.py --config "$cfg" --arm d --threshold "$pos" --neg_threshold "$neg" --n_trials "$n_trials" --max_users "$MAX_USERS" --overwrite > "$wlog" 2>&1
./run_hpt_parallel.sh: line 111: 183679 Killed                  nohup python scripts/run_hyperparameter_tuning.py --config "$cfg" --arm d --threshold "$pos" --neg_threshold "$neg" --n_trials "$n_trials" --max_users "$MAX_USERS" --overwrite > "$wlog" 2>&1
./run_hpt_parallel.sh: line 111: 183681 Killed                  nohup python scripts/run_hyperparameter_tuning.py --config "$cfg" --arm d --threshold "$pos" --neg_threshold "$neg" --n_trials "$n_trials" --max_users "$MAX_USERS" --overwrite > "$wlog" 2>&1
./run_hpt_parallel.sh: line 111: 183683 Killed                  nohup python scripts/run_hyperparameter_tuning.py --config "$cfg" --arm d --threshold "$pos" --neg_threshold "$neg" --n_trials "$n_trials" --max_users "$MAX_USERS" --overwrite > "$wlog" 2>&1
./run_hpt_parallel.sh: line 111: 183685 Killed                  nohup python scripts/run_hyperparameter_tuning.py --config "$cfg" --arm d --threshold "$pos" --neg_threshold "$neg" --n_trials "$n_trials" --max_users "$MAX_USERS" --overwrite > "$wlog" 2>&1
./run_hpt_parallel.sh: line 111: 183706 Killed                  nohup python scripts/run_hyperparameter_tuning.py --config "$cfg" --arm d --threshold "$pos" --neg_threshold "$neg" --n_trials "$n_trials" --max_users "$MAX_USERS" --overwrite > "$wlog" 2>&1
./run_hpt_parallel.sh: line 111: 183713 Killed                  nohup python scripts/run_hyperparameter_tuning.py --config "$cfg" --arm d --threshold "$pos" --neg_threshold "$neg" --n_trials "$n_trials" --max_users "$MAX_USERS" --overwrite > "$wlog" 2>&1
./run_hpt_parallel.sh: line 111: 183719 Killed                  nohup python scripts/run_hyperparameter_tuning.py --config "$cfg" --arm d --threshold "$pos" --neg_threshold "$neg" --n_trials "$n_trials" --max_users "$MAX_USERS" --overwrite > "$wlog" 2>&1
./run_hpt_parallel.sh: line 111: 183727 Killed                  nohup python scripts/run_hyperparameter_tuning.py --config "$cfg" --arm d --threshold "$pos" --neg_threshold "$neg" --n_trials "$n_trials" --max_users "$MAX_USERS" --overwrite > "$wlog" 2>&1
./run_hpt_parallel.sh: line 111: 183731 Killed                  nohup python scripts/run_hyperparameter_tuning.py --config "$cfg" --arm d --threshold "$pos" --neg_threshold "$neg" --n_trials "$n_trials" --max_users "$MAX_USERS" --overwrite > "$wlog" 2>&1
./run_hpt_parallel.sh: line 111: 183732 Killed                  nohup python scripts/run_hyperparameter_tuning.py --config "$cfg" --arm d --threshold "$pos" --neg_threshold "$neg" --n_trials "$n_trials" --max_users "$MAX_USERS" --overwrite > "$wlog" 2>&1
./run_hpt_parallel.sh: line 111: 183746 Killed                  nohup python scripts/run_hyperparameter_tuning.py --config "$cfg" --arm d --threshold "$pos" --neg_threshold "$neg" --n_trials "$n_trials" --max_users "$MAX_USERS" --overwrite > "$wlog" 2>&1
./run_hpt_parallel.sh: line 111: 183755 Killed                  nohup python scripts/run_hyperparameter_tuning.py --config "$cfg" --arm d --threshold "$pos" --neg_threshold "$neg" --n_trials "$n_trials" --max_users "$MAX_USERS" --overwrite > "$wlog" 2>&1
./run_hpt_parallel.sh: line 111: 183761 Killed                  nohup python scripts/run_hyperparameter_tuning.py --config "$cfg" --arm d --threshold "$pos" --neg_threshold "$neg" --n_trials "$n_trials" --max_users "$MAX_USERS" --overwrite > "$wlog" 2>&1
./run_hpt_parallel.sh: line 111: 183762 Killed                  nohup python scripts/run_hyperparameter_tuning.py --config "$cfg" --arm d --threshold "$pos" --neg_threshold "$neg" --n_trials "$n_trials" --max_users "$MAX_USERS" --overwrite > "$wlog" 2>&1
./run_hpt_parallel.sh: line 111: 183763 Killed                  nohup python scripts/run_hyperparameter_tuning.py --config "$cfg" --arm d --threshold "$pos" --neg_threshold "$neg" --n_trials "$n_trials" --max_users "$MAX_USERS" --overwrite > "$wlog" 2>&1
./run_hpt_parallel.sh: line 111: 183770 Killed                  nohup python scripts/run_hyperparameter_tuning.py --config "$cfg" --arm d --threshold "$pos" --neg_threshold "$neg" --n_trials "$n_trials" --max_users "$MAX_USERS" --overwrite > "$wlog" 2>&1
./run_hpt_parallel.sh: line 111: 183775 Killed                  nohup python scripts/run_hyperparameter_tuning.py --config "$cfg" --arm d --threshold "$pos" --neg_threshold "$neg" --n_trials "$n_trials" --max_users "$MAX_USERS" --overwrite > "$wlog" 2>&1
./run_hpt_parallel.sh: line 111: 183777 Killed                  nohup python scripts/run_hyperparameter_tuning.py --config "$cfg" --arm d --threshold "$pos" --neg_threshold "$neg" --n_trials "$n_trials" --max_users "$MAX_USERS" --overwrite > "$wlog" 2>&1
./run_hpt_parallel.sh: line 111: 183802 Killed                  nohup python scripts/run_hyperparameter_tuning.py --config "$cfg" --arm d --threshold "$pos" --neg_threshold "$neg" --n_trials "$n_trials" --max_users "$MAX_USERS" --overwrite > "$wlog" 2>&1
./run_hpt_parallel.sh: line 111: 183806 Killed                  nohup python scripts/run_hyperparameter_tuning.py --config "$cfg" --arm d --threshold "$pos" --neg_threshold "$neg" --n_trials "$n_trials" --max_users "$MAX_USERS" --overwrite > "$wlog" 2>&1
./run_hpt_parallel.sh: line 111: 183816 Killed                  nohup python scripts/run_hyperparameter_tuning.py --config "$cfg" --arm d --threshold "$pos" --neg_threshold "$neg" --n_trials "$n_trials" --max_users "$MAX_USERS" --overwrite > "$wlog" 2>&1
./run_hpt_parallel.sh: line 111: 183821 Killed                  nohup python scripts/run_hyperparameter_tuning.py --config "$cfg" --arm d --threshold "$pos" --neg_threshold "$neg" --n_trials "$n_trials" --max_users "$MAX_USERS" --overwrite > "$wlog" 2>&1
./run_hpt_parallel.sh: line 111: 183827 Killed                  nohup python scripts/run_hyperparameter_tuning.py --config "$cfg" --arm d --threshold "$pos" --neg_threshold "$neg" --n_trials "$n_trials" --max_users "$MAX_USERS" --overwrite > "$wlog" 2>&1
./run_hpt_parallel.sh: line 111: 183837 Killed                  nohup python scripts/run_hyperparameter_tuning.py --config "$cfg" --arm d --threshold "$pos" --neg_threshold "$neg" --n_trials "$n_trials" --max_users "$MAX_USERS" --overwrite > "$wlog" 2>&1
./run_hpt_parallel.sh: line 111: 183852 Killed                  nohup python scripts/run_hyperparameter_tuning.py --config "$cfg" --arm d --threshold "$pos" --neg_threshold "$neg" --n_trials "$n_trials" --max_users "$MAX_USERS" --overwrite > "$wlog" 2>&1
./run_hpt_parallel.sh: line 111: 183853 Killed                  nohup python scripts/run_hyperparameter_tuning.py --config "$cfg" --arm d --threshold "$pos" --neg_threshold "$neg" --n_trials "$n_trials" --max_users "$MAX_USERS" --overwrite > "$wlog" 2>&1
./run_hpt_parallel.sh: line 111: 183856 Killed                  nohup python scripts/run_hyperparameter_tuning.py --config "$cfg" --arm d --threshold "$pos" --neg_threshold "$neg" --n_trials "$n_trials" --max_users "$MAX_USERS" --overwrite > "$wlog" 2>&1
./run_hpt_parallel.sh: line 111: 183878 Killed                  nohup python scripts/run_hyperparameter_tuning.py --config "$cfg" --arm d --threshold "$pos" --neg_threshold "$neg" --n_trials "$n_trials" --max_users "$MAX_USERS" --overwrite > "$wlog" 2>&1
./run_hpt_parallel.sh: line 111: 183889 Killed                  nohup python scripts/run_hyperparameter_tuning.py --config "$cfg" --arm d --threshold "$pos" --neg_threshold "$neg" --n_trials "$n_trials" --max_users "$MAX_USERS" --overwrite > "$wlog" 2>&1
./run_hpt_parallel.sh: line 111: 183893 Killed                  nohup python scripts/run_hyperparameter_tuning.py --config "$cfg" --arm d --threshold "$pos" --neg_threshold "$neg" --n_trials "$n_trials" --max_users "$MAX_USERS" --overwrite > "$wlog" 2>&1
./run_hpt_parallel.sh: line 111: 183895 Killed                  nohup python scripts/run_hyperparameter_tuning.py --config "$cfg" --arm d --threshold "$pos" --neg_threshold "$neg" --n_trials "$n_trials" --max_users "$MAX_USERS" --overwrite > "$wlog" 2>&1
./run_hpt_parallel.sh: line 111: 183908 Killed                  nohup python scripts/run_hyperparameter_tuning.py --config "$cfg" --arm d --threshold "$pos" --neg_threshold "$neg" --n_trials "$n_trials" --max_users "$MAX_USERS" --overwrite > "$wlog" 2>&1
./run_hpt_parallel.sh: line 111: 183717 Killed                  nohup python scripts/run_hyperparameter_tuning.py --config "$cfg" --arm d --threshold "$pos" --neg_threshold "$neg" --n_trials "$n_trials" --max_users "$MAX_USERS" --overwrite > "$wlog" 2>&1
./run_hpt_parallel.sh: line 111: 183724 Killed                  nohup python scripts/run_hyperparameter_tuning.py --config "$cfg" --arm d --threshold "$pos" --neg_threshold "$neg" --n_trials "$n_trials" --max_users "$MAX_USERS" --overwrite > "$wlog" 2>&1
./run_hpt_parallel.sh: line 111: 183754 Killed                  nohup python scripts/run_hyperparameter_tuning.py --config "$cfg" --arm d --threshold "$pos" --neg_threshold "$neg" --n_trials "$n_trials" --max_users "$MAX_USERS" --overwrite > "$wlog" 2>&1
./run_hpt_parallel.sh: line 111: 183756 Killed                  nohup python scripts/run_hyperparameter_tuning.py --config "$cfg" --arm d --threshold "$pos" --neg_threshold "$neg" --n_trials "$n_trials" --max_users "$MAX_USERS" --overwrite > "$wlog" 2>&1
./run_hpt_parallel.sh: line 111: 183784 Killed                  nohup python scripts/run_hyperparameter_tuning.py --config "$cfg" --arm d --threshold "$pos" --neg_threshold "$neg" --n_trials "$n_trials" --max_users "$MAX_USERS" --overwrite > "$wlog" 2>&1
./run_hpt_parallel.sh: line 111: 183794 Killed                  nohup python scripts/run_hyperparameter_tuning.py --config "$cfg" --arm d --threshold "$pos" --neg_threshold "$neg" --n_trials "$n_trials" --max_users "$MAX_USERS" --overwrite > "$wlog" 2>&1
./run_hpt_parallel.sh: line 111: 183812 Killed                  nohup python scripts/run_hyperparameter_tuning.py --config "$cfg" --arm d --threshold "$pos" --neg_threshold "$neg" --n_trials "$n_trials" --max_users "$MAX_USERS" --overwrite > "$wlog" 2>&1
./run_hpt_parallel.sh: line 111: 183819 Killed                  nohup python scripts/run_hyperparameter_tuning.py --config "$cfg" --arm d --threshold "$pos" --neg_threshold "$neg" --n_trials "$n_trials" --max_users "$MAX_USERS" --overwrite > "$wlog" 2>&1
./run_hpt_parallel.sh: line 111: 183850 Killed                  nohup python scripts/run_hyperparameter_tuning.py --config "$cfg" --arm d --threshold "$pos" --neg_threshold "$neg" --n_trials "$n_trials" --max_users "$MAX_USERS" --overwrite > "$wlog" 2>&1
./run_hpt_parallel.sh: line 111: 183862 Killed                  nohup python scripts/run_hyperparameter_tuning.py --config "$cfg" --arm d --threshold "$pos" --neg_threshold "$neg" --n_trials "$n_trials" --max_users "$MAX_USERS" --overwrite > "$wlog" 2>&1
./run_hpt_parallel.sh: line 111: 183874 Killed                  nohup python scripts/run_hyperparameter_tuning.py --config "$cfg" --arm d --threshold "$pos" --neg_threshold "$neg" --n_trials "$n_trials" --max_users "$MAX_USERS" --overwrite > "$wlog" 2>&1
./run_hpt_parallel.sh: line 111: 183876 Killed                  nohup python scripts/run_hyperparameter_tuning.py --config "$cfg" --arm d --threshold "$pos" --neg_threshold "$neg" --n_trials "$n_trials" --max_users "$MAX_USERS" --overwrite > "$wlog" 2>&1
./run_hpt_parallel.sh: line 111: 183903 Killed                  nohup python scripts/run_hyperparameter_tuning.py --config "$cfg" --arm d --threshold "$pos" --neg_threshold "$neg" --n_trials "$n_trials" --max_users "$MAX_USERS" --overwrite > "$wlog" 2>&1
./run_hpt_parallel.sh: line 111: 183910 Killed                  nohup python scripts/run_hyperparameter_tuning.py --config "$cfg" --arm d --threshold "$pos" --neg_threshold "$neg" --n_trials "$n_trials" --max_users "$MAX_USERS" --overwrite > "$wlog" 2>&1
  WARNING: one or more workers exited non-zero — check logs
  Results:
    w1: 
    w2: 
    w3: 
    w4: 
    w5: 
    w6: 
    w7: 
    w8: 
    w9: 
    w10: 
    w11: 
    w12: 
    w13: 
    w14: 
    w15: 
    w16: 
    w17: 
    w18: 
    w19: 
    w20: 
    w21: 
    w22: 
    w23: 
    w24: 
    w25: 
    w26: 
    w27: 
    w28: 
    w29: 
    w30: 
    w31: 
    w32: 
    w33: 
    w34: 
    w35: 
    w36: 
    w37: 
    w38: 
    w39: 
    w40: 
    w41: 
    w42: 
    w43: 
    w44: 
    w45: 
    w46: 
    w47: 
    w48: 
    w49: 
    w50: 
    w51: 
    w52: 
    w53: 
    w54: 
    w55: 
    w56: 
    w57: 
    w58: 
    w59: 
    w60: 
    w61: 
    w62: 
    w63: 
    w64: 
    w65: 
    w66: 
    w67: 
    w68: 
    w69: 
    w70: 
    w71: 
    w72: 
    w73: 
    w74: 
    w75: 
    w76: 
    w77: 
    w78: 
    w79: 
    w80: 
    w81: 
    w82: 
    w83: 
    w84: 
    w85: 
    w86: 
    w87: 
    w88: 
    w89: 
    w90: 
    w91: 
    w92: 
    w93: 
    w94: 
    w95: 
    w96: 
    w97: 
    w98: 
    w99: 
    w100: 
    w101: 
    w102: 
    w103: 
    w104: 
    w105: 
    w106: 
    w107: 
    w108: 
    w109: 
    w110: 
    w111: 
    w112: 
    w113: 
    w114: 
    w115: 
    w116: 
    w117: 
    w118: 
    w119: 
    w120: 
    w121: 
    w122: 
    w123: 
    w124: 
    w125: 
    w126: 
    w127: 
    w128: 
    w129: 
    w130: 
    w131: 
    w132: 
    w133: 
    w134: 
    w135: 
    w136: 
    w137: 
    w138: 
    w139: 
    w140: 
    w141: 
    w142: 
    w143: 
    w144: 
    w145: 
    w146: 
    w147: 
    w148: 
    w149: 
    w150: 
    w151: 
    w152: 
    w153: 
    w154: 
    w155: 
    w156: 
    w157: 
    w158: 
    w159: 
    w160: 
    w161: 
    w162: 
    w163: 
    w164: 
    w165: 
    w166: 
    w167: 
    w168: 
    w169: 
    w170: 
    w171: 
    w172: 
    w173: 
    w174: 
    w175: 
    w176: 
    w177: 
    w178: 
    w179: 
    w180: 
    w181: 
    w182: 
    w183: 
    w184: 
    w185: 
    w186: 
    w187: 
    w188: 
    w189: 
    w190: 
    w191: 
    w192: 
    w193: 
    w194: 
    w195: 
    w196: 
    w197: 
    w198: 
    w199: 
    w200: 

All ML-10M configs done. Run grid + figures:
  python scripts/run_arm_d_joint_svd_grid.py --config configs/movielens_10m.yaml
  python scripts/generate_all_figures.py

══════════════════════════════════════════════════════════════
 HPT PARALLEL DONE
 Summary: python scripts/summarize_hpt_arm_d.py
 Logs:    logs/hpt_parallel_20260529_225527_*.log
══════════════════════════════════════════════════════════════
